sensor_name,inference_layer,inference_latency,registered_at
ESP32_97C286,InferenceLayer.SENSOR,2544,2024-08-26 22:00:03.090597
ESP32_B25FE3,InferenceLayer.SENSOR,4620,2024-08-26 22:00:04.158567
ESP32_1F4D55,InferenceLayer.SENSOR,823,2024-08-26 22:00:05.106479
ESP32_ADD36D,InferenceLayer.SENSOR,3956,2024-08-26 22:00:06.149199
ESP32_F0ACBF,InferenceLayer.SENSOR,1138,2024-08-26 22:00:07.801161
ESP32_AB192B,InferenceLayer.SENSOR,3979,2024-08-26 22:00:08.136956
ESP32_AABBCC,InferenceLayer.SENSOR,4001,2024-08-26 22:00:20.911635
ESP32_09B38F,InferenceLayer.SENSOR,1976,2024-08-26 22:00:21.941727
ESP32_232714,InferenceLayer.SENSOR,4123,2024-08-26 22:00:22.911096
ESP32_B57936,InferenceLayer.SENSOR,3600,2024-08-26 22:00:23.923224
ESP32_8F7400,InferenceLayer.SENSOR,4036,2024-08-26 22:00:24.926677
ESP32_3330A5,InferenceLayer.SENSOR,1355,2024-08-26 22:00:25.959538
ESP32_ED5A4D,InferenceLayer.SENSOR,1160,2024-08-26 22:00:26.999304
ESP32_46B1A6,InferenceLayer.SENSOR,4035,2024-08-26 22:00:27.964218
ESP32_46978A,InferenceLayer.SENSOR,3122,2024-08-26 22:00:28.963833
ESP32_97C286,InferenceLayer.SENSOR,1600,2024-08-26 22:00:29.964092
ESP32_B25FE3,InferenceLayer.SENSOR,4353,2024-08-26 22:00:30.990862
ESP32_1F4D55,InferenceLayer.SENSOR,1039,2024-08-26 22:00:32.069554
ESP32_ADD36D,InferenceLayer.SENSOR,3894,2024-08-26 22:00:32.991143
ESP32_F0ACBF,InferenceLayer.SENSOR,1752,2024-08-26 22:00:34.025422
ESP32_AB192B,InferenceLayer.SENSOR,4340,2024-08-26 22:00:35.021746
ESP32_AABBCC,InferenceLayer.SENSOR,3951,2024-08-26 22:00:47.861170
ESP32_09B38F,InferenceLayer.SENSOR,1755,2024-08-26 22:00:48.808727
ESP32_232714,InferenceLayer.SENSOR,3823,2024-08-26 22:00:49.798631
ESP32_B57936,InferenceLayer.SENSOR,4003,2024-08-26 22:00:50.814431
ESP32_8F7400,InferenceLayer.SENSOR,3782,2024-08-26 22:00:51.843395
ESP32_3330A5,InferenceLayer.SENSOR,3175,2024-08-26 22:00:52.880953
ESP32_ED5A4D,InferenceLayer.SENSOR,1135,2024-08-26 22:00:53.904777
ESP32_46B1A6,InferenceLayer.SENSOR,3628,2024-08-26 22:00:54.848608
ESP32_46978A,InferenceLayer.SENSOR,3568,2024-08-26 22:00:55.851305
ESP32_97C286,InferenceLayer.SENSOR,4211,2024-08-26 22:00:56.861953
ESP32_B25FE3,InferenceLayer.SENSOR,3992,2024-08-26 22:00:57.925371
ESP32_1F4D55,InferenceLayer.SENSOR,988,2024-08-26 22:00:58.902240
ESP32_ADD36D,InferenceLayer.SENSOR,3561,2024-08-26 22:00:59.891226
ESP32_F0ACBF,InferenceLayer.SENSOR,3511,2024-08-26 22:01:00.904778
ESP32_AB192B,InferenceLayer.SENSOR,4208,2024-08-26 22:01:01.969778
ESP32_AABBCC,InferenceLayer.SENSOR,2673,2024-08-26 22:01:14.725344
ESP32_09B38F,InferenceLayer.SENSOR,2395,2024-08-26 22:01:15.688697
ESP32_232714,InferenceLayer.SENSOR,4576,2024-08-26 22:01:16.709191
ESP32_B57936,InferenceLayer.SENSOR,1476,2024-08-26 22:01:17.701182
ESP32_8F7400,InferenceLayer.SENSOR,4100,2024-08-26 22:01:18.730485
ESP32_3330A5,InferenceLayer.SENSOR,3986,2024-08-26 22:01:19.786592
ESP32_ED5A4D,InferenceLayer.SENSOR,874,2024-08-26 22:01:20.740436
ESP32_46B1A6,InferenceLayer.SENSOR,3189,2024-08-26 22:01:21.790681
ESP32_46978A,InferenceLayer.SENSOR,3466,2024-08-26 22:01:22.759963
ESP32_97C286,InferenceLayer.SENSOR,3977,2024-08-26 22:01:23.789098
ESP32_B25FE3,InferenceLayer.SENSOR,4087,2024-08-26 22:01:24.830912
ESP32_1F4D55,InferenceLayer.SENSOR,1028,2024-08-26 22:01:25.795727
ESP32_ADD36D,InferenceLayer.SENSOR,3965,2024-08-26 22:01:26.785835
ESP32_F0ACBF,InferenceLayer.SENSOR,3598,2024-08-26 22:01:27.800050
ESP32_AB192B,InferenceLayer.SENSOR,4153,2024-08-26 22:01:28.802486
ESP32_AABBCC,InferenceLayer.SENSOR,3928,2024-08-26 22:01:41.652134
ESP32_09B38F,InferenceLayer.SENSOR,895,2024-08-26 22:01:42.624947
ESP32_232714,InferenceLayer.SENSOR,4684,2024-08-26 22:01:43.847403
ESP32_B57936,InferenceLayer.SENSOR,4486,2024-08-26 22:01:44.632120
ESP32_8F7400,InferenceLayer.SENSOR,4000,2024-08-26 22:01:45.604115
ESP32_3330A5,InferenceLayer.SENSOR,4050,2024-08-26 22:01:46.676509
ESP32_ED5A4D,InferenceLayer.SENSOR,925,2024-08-26 22:01:47.619541
ESP32_46B1A6,InferenceLayer.SENSOR,2695,2024-08-26 22:01:48.769384
ESP32_46978A,InferenceLayer.SENSOR,4117,2024-08-26 22:01:49.654907
ESP32_97C286,InferenceLayer.SENSOR,4000,2024-08-26 22:01:50.706550
ESP32_B25FE3,InferenceLayer.SENSOR,3713,2024-08-26 22:01:51.745353
ESP32_1F4D55,InferenceLayer.SENSOR,922,2024-08-26 22:01:52.709309
ESP32_ADD36D,InferenceLayer.SENSOR,2811,2024-08-26 22:01:53.705999
ESP32_F0ACBF,InferenceLayer.SENSOR,3930,2024-08-26 22:01:54.690306
ESP32_AB192B,InferenceLayer.SENSOR,3175,2024-08-26 22:01:55.710824
ESP32_AABBCC,InferenceLayer.SENSOR,3975,2024-08-26 22:31:04.903505
ESP32_09B38F,InferenceLayer.SENSOR,1751,2024-08-26 22:31:05.831636
ESP32_232714,InferenceLayer.SENSOR,3686,2024-08-26 22:31:06.865427
ESP32_B57936,InferenceLayer.SENSOR,3105,2024-08-26 22:31:07.929155
ESP32_8F7400,InferenceLayer.SENSOR,3033,2024-08-26 22:31:08.843759
ESP32_3330A5,InferenceLayer.SENSOR,3462,2024-08-26 22:31:09.916909
ESP32_ED5A4D,InferenceLayer.SENSOR,958,2024-08-26 22:31:10.899025
ESP32_46B1A6,InferenceLayer.SENSOR,4055,2024-08-26 22:31:11.875706
ESP32_46978A,InferenceLayer.SENSOR,3923,2024-08-26 22:31:12.887387
ESP32_97C286,InferenceLayer.SENSOR,1586,2024-08-26 22:31:13.890217
ESP32_B25FE3,InferenceLayer.SENSOR,4186,2024-08-26 22:31:14.984717
ESP32_1F4D55,InferenceLayer.SENSOR,961,2024-08-26 22:31:15.950451
ESP32_ADD36D,InferenceLayer.SENSOR,2781,2024-08-26 22:31:16.938650
ESP32_F0ACBF,InferenceLayer.SENSOR,4213,2024-08-26 22:31:17.926103
ESP32_AB192B,InferenceLayer.SENSOR,822,2024-08-26 22:31:18.945772
ESP32_AABBCC,InferenceLayer.SENSOR,3878,2024-08-26 22:02:08.537764
ESP32_09B38F,InferenceLayer.SENSOR,1849,2024-08-26 22:02:09.498297
ESP32_232714,InferenceLayer.SENSOR,4128,2024-08-26 22:02:10.521936
ESP32_B57936,InferenceLayer.SENSOR,3992,2024-08-26 22:02:11.508632
ESP32_8F7400,InferenceLayer.SENSOR,5335,2024-08-26 22:02:12.538976
ESP32_3330A5,InferenceLayer.SENSOR,3992,2024-08-26 22:02:13.584245
ESP32_ED5A4D,InferenceLayer.SENSOR,902,2024-08-26 22:02:14.536131
ESP32_46B1A6,InferenceLayer.SENSOR,3922,2024-08-26 22:02:15.536928
ESP32_46978A,InferenceLayer.SENSOR,3228,2024-08-26 22:02:16.555639
ESP32_97C286,InferenceLayer.SENSOR,1769,2024-08-26 22:02:17.588988
ESP32_B25FE3,InferenceLayer.SENSOR,3577,2024-08-26 22:02:18.689337
ESP32_1F4D55,InferenceLayer.SENSOR,924,2024-08-26 22:02:19.580119
ESP32_ADD36D,InferenceLayer.SENSOR,4218,2024-08-26 22:02:20.578192
ESP32_F0ACBF,InferenceLayer.SENSOR,4003,2024-08-26 22:02:21.599013
ESP32_AB192B,InferenceLayer.SENSOR,898,2024-08-26 22:02:22.630245
ESP32_AABBCC,InferenceLayer.SENSOR,3928,2024-08-26 22:02:35.427706
ESP32_09B38F,InferenceLayer.SENSOR,1984,2024-08-26 22:02:36.398932
ESP32_232714,InferenceLayer.SENSOR,4081,2024-08-26 22:02:37.404338
ESP32_B57936,InferenceLayer.SENSOR,4471,2024-08-26 22:02:38.422275
ESP32_8F7400,InferenceLayer.SENSOR,4073,2024-08-26 22:02:39.396481
ESP32_3330A5,InferenceLayer.SENSOR,4264,2024-08-26 22:02:40.487045
ESP32_ED5A4D,InferenceLayer.SENSOR,826,2024-08-26 22:02:41.427263
ESP32_46B1A6,InferenceLayer.SENSOR,4150,2024-08-26 22:02:42.432849
ESP32_46978A,InferenceLayer.SENSOR,3927,2024-08-26 22:02:43.432738
ESP32_97C286,InferenceLayer.SENSOR,3096,2024-08-26 22:02:44.460105
ESP32_B25FE3,InferenceLayer.SENSOR,3285,2024-08-26 22:02:45.529857
ESP32_1F4D55,InferenceLayer.SENSOR,949,2024-08-26 22:02:46.508573
ESP32_ADD36D,InferenceLayer.SENSOR,4174,2024-08-26 22:02:47.500980
ESP32_F0ACBF,InferenceLayer.SENSOR,4036,2024-08-26 22:02:48.478935
ESP32_AB192B,InferenceLayer.SENSOR,2849,2024-08-26 22:02:49.493038
ESP32_AABBCC,InferenceLayer.SENSOR,2559,2024-08-26 22:03:02.334598
ESP32_09B38F,InferenceLayer.SENSOR,1942,2024-08-26 22:03:03.264235
ESP32_232714,InferenceLayer.SENSOR,1741,2024-08-26 22:03:04.272688
ESP32_B57936,InferenceLayer.SENSOR,4084,2024-08-26 22:03:05.278475
ESP32_8F7400,InferenceLayer.SENSOR,3989,2024-08-26 22:03:06.321952
ESP32_3330A5,InferenceLayer.SENSOR,3979,2024-08-26 22:03:07.385730
ESP32_ED5A4D,InferenceLayer.SENSOR,1195,2024-08-26 22:03:08.334974
ESP32_46B1A6,InferenceLayer.SENSOR,4061,2024-08-26 22:03:09.311875
ESP32_46978A,InferenceLayer.SENSOR,4231,2024-08-26 22:03:10.344502
ESP32_97C286,InferenceLayer.SENSOR,3267,2024-08-26 22:03:11.367723
ESP32_B25FE3,InferenceLayer.SENSOR,4151,2024-08-26 22:03:12.395872
ESP32_1F4D55,InferenceLayer.SENSOR,973,2024-08-26 22:03:13.362143
ESP32_ADD36D,InferenceLayer.SENSOR,4205,2024-08-26 22:03:14.368483
ESP32_F0ACBF,InferenceLayer.SENSOR,4347,2024-08-26 22:03:15.414799
ESP32_AB192B,InferenceLayer.SENSOR,3947,2024-08-26 22:03:16.427014
ESP32_AABBCC,InferenceLayer.SENSOR,3104,2024-08-26 22:03:29.237832
ESP32_09B38F,InferenceLayer.SENSOR,1744,2024-08-26 22:03:30.162918
ESP32_232714,InferenceLayer.SENSOR,4047,2024-08-26 22:03:31.161700
ESP32_B57936,InferenceLayer.SENSOR,3687,2024-08-26 22:03:32.174780
ESP32_8F7400,InferenceLayer.SENSOR,3956,2024-08-26 22:03:33.191017
ESP32_3330A5,InferenceLayer.SENSOR,3743,2024-08-26 22:03:34.272476
ESP32_ED5A4D,InferenceLayer.SENSOR,790,2024-08-26 22:03:35.231188
ESP32_46B1A6,InferenceLayer.SENSOR,2937,2024-08-26 22:03:36.241240
ESP32_46978A,InferenceLayer.SENSOR,4211,2024-08-26 22:03:37.220305
ESP32_97C286,InferenceLayer.SENSOR,4472,2024-08-26 22:03:38.252301
ESP32_B25FE3,InferenceLayer.SENSOR,4214,2024-08-26 22:03:39.293670
ESP32_1F4D55,InferenceLayer.SENSOR,1003,2024-08-26 22:03:40.281672
ESP32_ADD36D,InferenceLayer.SENSOR,3235,2024-08-26 22:03:41.267814
ESP32_F0ACBF,InferenceLayer.SENSOR,1694,2024-08-26 22:03:42.268111
ESP32_AB192B,InferenceLayer.SENSOR,3905,2024-08-26 22:03:43.338057
ESP32_AABBCC,InferenceLayer.SENSOR,3904,2024-08-26 22:03:56.045677
ESP32_09B38F,InferenceLayer.SENSOR,4481,2024-08-26 22:03:57.041106
ESP32_232714,InferenceLayer.SENSOR,4060,2024-08-26 22:03:58.060893
ESP32_B57936,InferenceLayer.SENSOR,4288,2024-08-26 22:03:59.138468
ESP32_8F7400,InferenceLayer.SENSOR,4023,2024-08-26 22:04:00.105459
ESP32_3330A5,InferenceLayer.SENSOR,4298,2024-08-26 22:04:01.091575
ESP32_ED5A4D,InferenceLayer.SENSOR,853,2024-08-26 22:04:02.099010
ESP32_AABBCC,InferenceLayer.SENSOR,4704,2024-08-26 22:31:31.608031
ESP32_09B38F,InferenceLayer.SENSOR,1505,2024-08-26 22:31:32.532466
ESP32_232714,InferenceLayer.SENSOR,2920,2024-08-26 22:31:33.548081
ESP32_B57936,InferenceLayer.SENSOR,3149,2024-08-26 22:31:34.575814
ESP32_8F7400,InferenceLayer.SENSOR,3917,2024-08-26 22:31:35.627075
ESP32_3330A5,InferenceLayer.SENSOR,3588,2024-08-26 22:31:36.664610
ESP32_ED5A4D,InferenceLayer.SENSOR,769,2024-08-26 22:31:37.581458
ESP32_46B1A6,InferenceLayer.SENSOR,3960,2024-08-26 22:31:38.603645
ESP32_46978A,InferenceLayer.SENSOR,1695,2024-08-26 22:31:39.588014
ESP32_97C286,InferenceLayer.SENSOR,4722,2024-08-26 22:31:40.615598
ESP32_B25FE3,InferenceLayer.SENSOR,1142,2024-08-26 22:31:41.670780
ESP32_1F4D55,InferenceLayer.SENSOR,862,2024-08-26 22:31:42.630799
ESP32_ADD36D,InferenceLayer.SENSOR,922,2024-08-26 22:31:43.663995
ESP32_F0ACBF,InferenceLayer.SENSOR,3903,2024-08-26 22:31:44.674440
ESP32_46B1A6,InferenceLayer.SENSOR,3629,2024-08-26 22:04:03.166852
ESP32_46978A,InferenceLayer.SENSOR,3638,2024-08-26 22:04:04.163088
ESP32_97C286,InferenceLayer.SENSOR,4029,2024-08-26 22:04:05.150316
ESP32_B25FE3,InferenceLayer.SENSOR,4423,2024-08-26 22:04:06.131933
ESP32_1F4D55,InferenceLayer.SENSOR,916,2024-08-26 22:04:07.137043
ESP32_ADD36D,InferenceLayer.SENSOR,2821,2024-08-26 22:04:08.155077
ESP32_F0ACBF,InferenceLayer.SENSOR,3972,2024-08-26 22:04:09.202249
ESP32_AB192B,InferenceLayer.SENSOR,3973,2024-08-26 22:04:10.181756
ESP32_AABBCC,InferenceLayer.SENSOR,3240,2024-08-26 22:04:23.041889
ESP32_09B38F,InferenceLayer.SENSOR,1854,2024-08-26 22:04:23.965409
ESP32_232714,InferenceLayer.SENSOR,3715,2024-08-26 22:04:24.980508
ESP32_B57936,InferenceLayer.SENSOR,3934,2024-08-26 22:04:25.971648
ESP32_8F7400,InferenceLayer.SENSOR,4141,2024-08-26 22:04:26.975849
ESP32_3330A5,InferenceLayer.SENSOR,3261,2024-08-26 22:04:28.036456
ESP32_ED5A4D,InferenceLayer.SENSOR,765,2024-08-26 22:04:29.003972
ESP32_46B1A6,InferenceLayer.SENSOR,4003,2024-08-26 22:04:30.024317
ESP32_46978A,InferenceLayer.SENSOR,4172,2024-08-26 22:04:31.034142
ESP32_97C286,InferenceLayer.SENSOR,4017,2024-08-26 22:04:32.024842
ESP32_B25FE3,InferenceLayer.SENSOR,3931,2024-08-26 22:04:33.080735
ESP32_1F4D55,InferenceLayer.SENSOR,944,2024-08-26 22:04:34.065183
ESP32_ADD36D,InferenceLayer.SENSOR,3778,2024-08-26 22:04:35.057290
ESP32_F0ACBF,InferenceLayer.SENSOR,4060,2024-08-26 22:04:36.055678
ESP32_AB192B,InferenceLayer.SENSOR,3916,2024-08-26 22:04:37.092900
ESP32_AABBCC,InferenceLayer.SENSOR,3611,2024-08-26 22:04:49.903422
ESP32_09B38F,InferenceLayer.SENSOR,3149,2024-08-26 22:04:50.877150
ESP32_232714,InferenceLayer.SENSOR,4983,2024-08-26 22:04:51.859345
ESP32_B57936,InferenceLayer.SENSOR,2001,2024-08-26 22:04:52.865885
ESP32_8F7400,InferenceLayer.SENSOR,3695,2024-08-26 22:04:53.870084
ESP32_3330A5,InferenceLayer.SENSOR,2725,2024-08-26 22:04:54.936866
ESP32_ED5A4D,InferenceLayer.SENSOR,824,2024-08-26 22:04:55.898092
ESP32_46B1A6,InferenceLayer.SENSOR,3935,2024-08-26 22:04:56.892930
ESP32_46978A,InferenceLayer.SENSOR,4190,2024-08-26 22:04:57.942539
ESP32_97C286,InferenceLayer.SENSOR,1594,2024-08-26 22:04:58.933779
ESP32_B25FE3,InferenceLayer.SENSOR,4131,2024-08-26 22:05:00.019978
ESP32_1F4D55,InferenceLayer.SENSOR,991,2024-08-26 22:05:00.964027
ESP32_ADD36D,InferenceLayer.SENSOR,4050,2024-08-26 22:05:01.958871
ESP32_F0ACBF,InferenceLayer.SENSOR,3971,2024-08-26 22:05:02.985408
ESP32_AB192B,InferenceLayer.SENSOR,3979,2024-08-26 22:05:03.964919
ESP32_AABBCC,InferenceLayer.SENSOR,1341,2024-08-26 22:05:16.820684
ESP32_09B38F,InferenceLayer.SENSOR,798,2024-08-26 22:05:17.726228
ESP32_232714,InferenceLayer.SENSOR,4027,2024-08-26 22:05:18.747012
ESP32_B57936,InferenceLayer.SENSOR,4057,2024-08-26 22:05:19.800232
ESP32_8F7400,InferenceLayer.SENSOR,3125,2024-08-26 22:05:20.781947
ESP32_3330A5,InferenceLayer.SENSOR,1718,2024-08-26 22:05:21.834548
ESP32_ED5A4D,InferenceLayer.SENSOR,716,2024-08-26 22:05:22.813502
ESP32_46B1A6,InferenceLayer.SENSOR,3504,2024-08-26 22:05:23.785120
ESP32_46978A,InferenceLayer.SENSOR,2896,2024-08-26 22:05:24.789822
ESP32_97C286,InferenceLayer.SENSOR,4003,2024-08-26 22:05:25.800463
ESP32_B25FE3,InferenceLayer.SENSOR,3107,2024-08-26 22:05:26.892216
ESP32_1F4D55,InferenceLayer.SENSOR,912,2024-08-26 22:05:27.879336
ESP32_ADD36D,InferenceLayer.SENSOR,4118,2024-08-26 22:05:28.834081
ESP32_F0ACBF,InferenceLayer.SENSOR,4213,2024-08-26 22:05:29.827431
ESP32_AB192B,InferenceLayer.SENSOR,3981,2024-08-26 22:05:30.855504
ESP32_AABBCC,InferenceLayer.SENSOR,978,2024-08-26 22:05:43.678621
ESP32_09B38F,InferenceLayer.SENSOR,3067,2024-08-26 22:05:44.612120
ESP32_232714,InferenceLayer.SENSOR,1116,2024-08-26 22:05:45.651528
ESP32_B57936,InferenceLayer.SENSOR,4338,2024-08-26 22:05:46.651530
ESP32_8F7400,InferenceLayer.SENSOR,4008,2024-08-26 22:05:47.678072
ESP32_3330A5,InferenceLayer.SENSOR,4201,2024-08-26 22:05:48.722654
ESP32_ED5A4D,InferenceLayer.SENSOR,1197,2024-08-26 22:05:49.686419
ESP32_46B1A6,InferenceLayer.SENSOR,4211,2024-08-26 22:05:50.666693
ESP32_46978A,InferenceLayer.SENSOR,3942,2024-08-26 22:05:51.686147
ESP32_97C286,InferenceLayer.SENSOR,2555,2024-08-26 22:05:52.692344
ESP32_B25FE3,InferenceLayer.SENSOR,3918,2024-08-26 22:05:53.762296
ESP32_1F4D55,InferenceLayer.SENSOR,856,2024-08-26 22:05:54.733540
ESP32_ADD36D,InferenceLayer.SENSOR,3987,2024-08-26 22:05:55.749995
ESP32_F0ACBF,InferenceLayer.SENSOR,4130,2024-08-26 22:05:56.730982
ESP32_AB192B,InferenceLayer.SENSOR,1267,2024-08-26 22:05:57.752559
ESP32_AB192B,InferenceLayer.SENSOR,1092,2024-08-26 22:31:45.660704
ESP32_AABBCC,InferenceLayer.SENSOR,3919,2024-08-26 22:31:58.247716
ESP32_09B38F,InferenceLayer.SENSOR,2713,2024-08-26 22:31:59.328716
ESP32_232714,InferenceLayer.SENSOR,1636,2024-08-26 22:32:00.258588
ESP32_B57936,InferenceLayer.SENSOR,3545,2024-08-26 22:32:01.270294
ESP32_8F7400,InferenceLayer.SENSOR,1168,2024-08-26 22:32:02.268238
ESP32_3330A5,InferenceLayer.SENSOR,4055,2024-08-26 22:32:03.306238
ESP32_ED5A4D,InferenceLayer.SENSOR,762,2024-08-26 22:32:04.336160
ESP32_46B1A6,InferenceLayer.SENSOR,3652,2024-08-26 22:32:05.318787
ESP32_46978A,InferenceLayer.SENSOR,808,2024-08-26 22:32:06.322587
ESP32_97C286,InferenceLayer.SENSOR,3860,2024-08-26 22:32:07.306121
ESP32_B25FE3,InferenceLayer.SENSOR,3532,2024-08-26 22:32:08.307938
ESP32_1F4D55,InferenceLayer.SENSOR,892,2024-08-26 22:32:09.380318
ESP32_AABBCC,InferenceLayer.SENSOR,1243,2024-08-26 22:06:10.564008
ESP32_09B38F,InferenceLayer.SENSOR,2146,2024-08-26 22:06:11.498720
ESP32_232714,InferenceLayer.SENSOR,877,2024-08-26 22:06:12.510099
ESP32_B57936,InferenceLayer.SENSOR,2055,2024-08-26 22:06:13.528963
ESP32_8F7400,InferenceLayer.SENSOR,1050,2024-08-26 22:06:14.530035
ESP32_3330A5,InferenceLayer.SENSOR,3994,2024-08-26 22:06:15.640114
ESP32_ED5A4D,InferenceLayer.SENSOR,1274,2024-08-26 22:06:16.530334
ESP32_46B1A6,InferenceLayer.SENSOR,4111,2024-08-26 22:06:17.556637
ESP32_46978A,InferenceLayer.SENSOR,2488,2024-08-26 22:06:18.552536
ESP32_97C286,InferenceLayer.SENSOR,4073,2024-08-26 22:06:19.559658
ESP32_B25FE3,InferenceLayer.SENSOR,3594,2024-08-26 22:06:20.643918
ESP32_1F4D55,InferenceLayer.SENSOR,879,2024-08-26 22:06:21.563504
ESP32_ADD36D,InferenceLayer.SENSOR,691,2024-08-26 22:06:22.580033
ESP32_F0ACBF,InferenceLayer.SENSOR,1769,2024-08-26 22:06:23.616243
ESP32_AB192B,InferenceLayer.SENSOR,3829,2024-08-26 22:06:24.623102
ESP32_AABBCC,InferenceLayer.SENSOR,1749,2024-08-26 22:06:37.440802
ESP32_09B38F,InferenceLayer.SENSOR,3958,2024-08-26 22:06:38.355773
ESP32_232714,InferenceLayer.SENSOR,1213,2024-08-26 22:06:39.370349
ESP32_B57936,InferenceLayer.SENSOR,4702,2024-08-26 22:06:40.387073
ESP32_8F7400,InferenceLayer.SENSOR,1011,2024-08-26 22:06:41.403002
ESP32_3330A5,InferenceLayer.SENSOR,4152,2024-08-26 22:06:42.454276
ESP32_ED5A4D,InferenceLayer.SENSOR,801,2024-08-26 22:06:43.432746
ESP32_46B1A6,InferenceLayer.SENSOR,4043,2024-08-26 22:06:44.412661
ESP32_46978A,InferenceLayer.SENSOR,2141,2024-08-26 22:06:45.417167
ESP32_97C286,InferenceLayer.SENSOR,3495,2024-08-26 22:06:46.456080
ESP32_B25FE3,InferenceLayer.SENSOR,3804,2024-08-26 22:06:47.497718
ESP32_1F4D55,InferenceLayer.SENSOR,855,2024-08-26 22:06:48.440816
ESP32_ADD36D,InferenceLayer.SENSOR,4159,2024-08-26 22:06:49.470143
ESP32_F0ACBF,InferenceLayer.SENSOR,3639,2024-08-26 22:06:50.465740
ESP32_AB192B,InferenceLayer.SENSOR,4171,2024-08-26 22:06:51.474428
ESP32_AABBCC,InferenceLayer.SENSOR,4202,2024-08-26 22:07:04.346906
ESP32_09B38F,InferenceLayer.SENSOR,2523,2024-08-26 22:07:05.315156
ESP32_232714,InferenceLayer.SENSOR,1731,2024-08-26 22:07:06.273890
ESP32_B57936,InferenceLayer.SENSOR,3248,2024-08-26 22:07:07.263684
ESP32_8F7400,InferenceLayer.SENSOR,1137,2024-08-26 22:07:08.264421
ESP32_3330A5,InferenceLayer.SENSOR,4167,2024-08-26 22:07:09.335521
ESP32_ED5A4D,InferenceLayer.SENSOR,826,2024-08-26 22:07:10.312645
ESP32_46B1A6,InferenceLayer.SENSOR,3117,2024-08-26 22:07:11.293087
ESP32_46978A,InferenceLayer.SENSOR,798,2024-08-26 22:07:12.322682
ESP32_97C286,InferenceLayer.SENSOR,4353,2024-08-26 22:07:13.303001
ESP32_B25FE3,InferenceLayer.SENSOR,1709,2024-08-26 22:07:14.359940
ESP32_1F4D55,InferenceLayer.SENSOR,921,2024-08-26 22:07:15.334246
ESP32_ADD36D,InferenceLayer.SENSOR,4004,2024-08-26 22:07:16.353156
ESP32_F0ACBF,InferenceLayer.SENSOR,4167,2024-08-26 22:07:17.358022
ESP32_AB192B,InferenceLayer.SENSOR,3986,2024-08-26 22:07:18.351420
ESP32_AABBCC,InferenceLayer.SENSOR,2528,2024-08-26 22:07:31.164670
ESP32_09B38F,InferenceLayer.SENSOR,1855,2024-08-26 22:07:32.188312
ESP32_232714,InferenceLayer.SENSOR,4036,2024-08-26 22:07:33.141317
ESP32_B57936,InferenceLayer.SENSOR,4228,2024-08-26 22:07:34.149102
ESP32_8F7400,InferenceLayer.SENSOR,1722,2024-08-26 22:07:35.144418
ESP32_3330A5,InferenceLayer.SENSOR,4044,2024-08-26 22:07:36.217343
ESP32_ED5A4D,InferenceLayer.SENSOR,964,2024-08-26 22:07:37.168575
ESP32_46B1A6,InferenceLayer.SENSOR,4189,2024-08-26 22:07:38.210962
ESP32_46978A,InferenceLayer.SENSOR,903,2024-08-26 22:07:39.190674
ESP32_97C286,InferenceLayer.SENSOR,3884,2024-08-26 22:07:40.225387
ESP32_B25FE3,InferenceLayer.SENSOR,732,2024-08-26 22:07:41.241514
ESP32_1F4D55,InferenceLayer.SENSOR,915,2024-08-26 22:07:42.228977
ESP32_ADD36D,InferenceLayer.SENSOR,1660,2024-08-26 22:07:43.205266
ESP32_F0ACBF,InferenceLayer.SENSOR,4253,2024-08-26 22:07:44.235307
ESP32_AB192B,InferenceLayer.SENSOR,4365,2024-08-26 22:07:45.266972
ESP32_AABBCC,InferenceLayer.SENSOR,3039,2024-08-26 22:07:58.009629
ESP32_09B38F,InferenceLayer.SENSOR,2209,2024-08-26 22:07:59.065167
ESP32_232714,InferenceLayer.SENSOR,4038,2024-08-26 22:08:00.037705
ESP32_B57936,InferenceLayer.SENSOR,3953,2024-08-26 22:08:01.028901
ESP32_8F7400,InferenceLayer.SENSOR,3966,2024-08-26 22:08:02.032762
ESP32_3330A5,InferenceLayer.SENSOR,4233,2024-08-26 22:08:03.027763
ESP32_ED5A4D,InferenceLayer.SENSOR,839,2024-08-26 22:08:04.104322
ESP32_46B1A6,InferenceLayer.SENSOR,3978,2024-08-26 22:08:05.054836
ESP32_46978A,InferenceLayer.SENSOR,1225,2024-08-26 22:08:06.059950
ESP32_97C286,InferenceLayer.SENSOR,4060,2024-08-26 22:08:07.100759
ESP32_B25FE3,InferenceLayer.SENSOR,881,2024-08-26 22:08:08.124026
ESP32_1F4D55,InferenceLayer.SENSOR,1013,2024-08-26 22:08:09.135669
ESP32_ADD36D,InferenceLayer.SENSOR,795,2024-08-26 22:08:10.114181
ESP32_F0ACBF,InferenceLayer.SENSOR,3967,2024-08-26 22:08:11.088813
ESP32_AB192B,InferenceLayer.SENSOR,3587,2024-08-26 22:08:12.095816
ESP32_AABBCC,InferenceLayer.SENSOR,4036,2024-08-26 22:08:24.946377
ESP32_09B38F,InferenceLayer.SENSOR,1696,2024-08-26 22:08:25.900586
ESP32_232714,InferenceLayer.SENSOR,4199,2024-08-26 22:08:26.894125
ESP32_B57936,InferenceLayer.SENSOR,1095,2024-08-26 22:08:27.930749
ESP32_8F7400,InferenceLayer.SENSOR,4222,2024-08-26 22:08:28.907012
ESP32_3330A5,InferenceLayer.SENSOR,4031,2024-08-26 22:08:29.998089
ESP32_ED5A4D,InferenceLayer.SENSOR,791,2024-08-26 22:08:30.921969
ESP32_46B1A6,InferenceLayer.SENSOR,2963,2024-08-26 22:08:31.931916
ESP32_46978A,InferenceLayer.SENSOR,1370,2024-08-26 22:08:32.944411
ESP32_97C286,InferenceLayer.SENSOR,3184,2024-08-26 22:08:33.962121
ESP32_B25FE3,InferenceLayer.SENSOR,1135,2024-08-26 22:08:35.008956
ESP32_1F4D55,InferenceLayer.SENSOR,914,2024-08-26 22:08:36.007229
ESP32_ADD36D,InferenceLayer.SENSOR,875,2024-08-26 22:08:36.964143
ESP32_F0ACBF,InferenceLayer.SENSOR,1743,2024-08-26 22:08:37.992021
ESP32_AB192B,InferenceLayer.SENSOR,1290,2024-08-26 22:08:39.001760
ESP32_AABBCC,InferenceLayer.SENSOR,3773,2024-08-26 22:08:51.795054
ESP32_09B38F,InferenceLayer.SENSOR,2751,2024-08-26 22:08:52.744919
ESP32_232714,InferenceLayer.SENSOR,3934,2024-08-26 22:08:53.790218
ESP32_B57936,InferenceLayer.SENSOR,4146,2024-08-26 22:08:54.759219
ESP32_8F7400,InferenceLayer.SENSOR,3000,2024-08-26 22:08:55.801950
ESP32_3330A5,InferenceLayer.SENSOR,4279,2024-08-26 22:08:56.851920
ESP32_ED5A4D,InferenceLayer.SENSOR,1067,2024-08-26 22:08:57.799007
ESP32_46B1A6,InferenceLayer.SENSOR,4266,2024-08-26 22:08:58.801523
ESP32_46978A,InferenceLayer.SENSOR,3105,2024-08-26 22:08:59.810402
ESP32_97C286,InferenceLayer.SENSOR,3902,2024-08-26 22:09:00.853584
ESP32_B25FE3,InferenceLayer.SENSOR,1440,2024-08-26 22:09:01.911291
ESP32_1F4D55,InferenceLayer.SENSOR,724,2024-08-26 22:09:02.843710
ESP32_ADD36D,InferenceLayer.SENSOR,3320,2024-08-26 22:32:10.357888
ESP32_F0ACBF,InferenceLayer.SENSOR,3942,2024-08-26 22:32:11.368600
ESP32_AB192B,InferenceLayer.SENSOR,3846,2024-08-26 22:32:12.386207
ESP32_AABBCC,InferenceLayer.SENSOR,896,2024-08-26 22:32:24.985840
ESP32_09B38F,InferenceLayer.SENSOR,1990,2024-08-26 22:32:25.965586
ESP32_232714,InferenceLayer.SENSOR,1191,2024-08-26 22:32:26.939962
ESP32_B57936,InferenceLayer.SENSOR,3204,2024-08-26 22:32:27.957791
ESP32_8F7400,InferenceLayer.SENSOR,1571,2024-08-26 22:32:28.957452
ESP32_3330A5,InferenceLayer.SENSOR,4004,2024-08-26 22:32:30.029409
ESP32_ED5A4D,InferenceLayer.SENSOR,807,2024-08-26 22:32:31.037362
ESP32_46B1A6,InferenceLayer.SENSOR,3732,2024-08-26 22:32:31.987842
ESP32_46978A,InferenceLayer.SENSOR,4207,2024-08-26 22:32:33.035168
ESP32_97C286,InferenceLayer.SENSOR,829,2024-08-26 22:32:34.020031
ESP32_B25FE3,InferenceLayer.SENSOR,3331,2024-08-26 22:32:35.090695
ESP32_1F4D55,InferenceLayer.SENSOR,972,2024-08-26 22:32:36.023874
ESP32_ADD36D,InferenceLayer.SENSOR,3942,2024-08-26 22:32:37.037450
ESP32_F0ACBF,InferenceLayer.SENSOR,3304,2024-08-26 22:32:38.038283
ESP32_AB192B,InferenceLayer.SENSOR,962,2024-08-26 22:32:39.085084
ESP32_AABBCC,InferenceLayer.SENSOR,3994,2024-08-26 22:32:51.731523
ESP32_09B38F,InferenceLayer.SENSOR,1738,2024-08-26 22:32:52.659163
ESP32_232714,InferenceLayer.SENSOR,3928,2024-08-26 22:32:53.660911
ESP32_B57936,InferenceLayer.SENSOR,3984,2024-08-26 22:32:54.696333
ESP32_8F7400,InferenceLayer.SENSOR,3655,2024-08-26 22:32:55.681179
ESP32_3330A5,InferenceLayer.SENSOR,1736,2024-08-26 22:32:56.741046
ESP32_ED5A4D,InferenceLayer.SENSOR,1262,2024-08-26 22:32:57.723438
ESP32_46B1A6,InferenceLayer.SENSOR,3307,2024-08-26 22:32:58.702232
ESP32_46978A,InferenceLayer.SENSOR,2526,2024-08-26 22:32:59.715127
ESP32_97C286,InferenceLayer.SENSOR,3886,2024-08-26 22:33:00.722978
ESP32_B25FE3,InferenceLayer.SENSOR,3998,2024-08-26 22:33:01.808339
ESP32_1F4D55,InferenceLayer.SENSOR,946,2024-08-26 22:33:02.737854
ESP32_ADD36D,InferenceLayer.SENSOR,3151,2024-08-26 22:33:03.750518
ESP32_F0ACBF,InferenceLayer.SENSOR,3828,2024-08-26 22:33:04.765376
ESP32_AB192B,InferenceLayer.SENSOR,4071,2024-08-26 22:33:05.802998
ESP32_AABBCC,InferenceLayer.SENSOR,3877,2024-08-26 22:33:18.414549
ESP32_09B38F,InferenceLayer.SENSOR,1573,2024-08-26 22:33:19.397470
ESP32_232714,InferenceLayer.SENSOR,3990,2024-08-26 22:33:20.382871
ESP32_B57936,InferenceLayer.SENSOR,3771,2024-08-26 22:33:21.392986
ESP32_8F7400,InferenceLayer.SENSOR,4239,2024-08-26 22:33:22.414716
ESP32_3330A5,InferenceLayer.SENSOR,3878,2024-08-26 22:33:23.453899
ESP32_ED5A4D,InferenceLayer.SENSOR,774,2024-08-26 22:33:24.424349
ESP32_46B1A6,InferenceLayer.SENSOR,3351,2024-08-26 22:33:25.444764
ESP32_46978A,InferenceLayer.SENSOR,4011,2024-08-26 22:33:26.432713
ESP32_97C286,InferenceLayer.SENSOR,3878,2024-08-26 22:33:27.486550
ESP32_B25FE3,InferenceLayer.SENSOR,4076,2024-08-26 22:33:28.527413
ESP32_1F4D55,InferenceLayer.SENSOR,952,2024-08-26 22:33:29.472009
ESP32_ADD36D,InferenceLayer.SENSOR,3753,2024-08-26 22:33:30.496159
ESP32_F0ACBF,InferenceLayer.SENSOR,3585,2024-08-26 22:33:31.513014
ESP32_AB192B,InferenceLayer.SENSOR,3968,2024-08-26 22:33:32.499249
ESP32_AABBCC,InferenceLayer.SENSOR,3915,2024-08-26 22:33:45.184936
ESP32_09B38F,InferenceLayer.SENSOR,2535,2024-08-26 22:33:46.122097
ESP32_232714,InferenceLayer.SENSOR,3862,2024-08-26 22:33:47.143720
ESP32_B57936,InferenceLayer.SENSOR,4239,2024-08-26 22:33:48.129818
ESP32_8F7400,InferenceLayer.SENSOR,1047,2024-08-26 22:33:49.119660
ESP32_3330A5,InferenceLayer.SENSOR,3963,2024-08-26 22:33:50.198715
ESP32_ED5A4D,InferenceLayer.SENSOR,1116,2024-08-26 22:33:51.152440
ESP32_46B1A6,InferenceLayer.SENSOR,942,2024-08-26 22:33:52.146058
ESP32_46978A,InferenceLayer.SENSOR,755,2024-08-26 22:33:53.178223
ESP32_97C286,InferenceLayer.SENSOR,1289,2024-08-26 22:33:54.183657
ESP32_B25FE3,InferenceLayer.SENSOR,4206,2024-08-26 22:33:55.273507
ESP32_1F4D55,InferenceLayer.SENSOR,878,2024-08-26 22:33:56.197050
ESP32_ADD36D,InferenceLayer.SENSOR,1119,2024-08-26 22:09:03.844856
ESP32_F0ACBF,InferenceLayer.SENSOR,3967,2024-08-26 22:09:04.889665
ESP32_AB192B,InferenceLayer.SENSOR,917,2024-08-26 22:09:05.902102
ESP32_AABBCC,InferenceLayer.SENSOR,4238,2024-08-26 22:09:18.667347
ESP32_09B38F,InferenceLayer.SENSOR,2771,2024-08-26 22:09:19.638736
ESP32_232714,InferenceLayer.SENSOR,3794,2024-08-26 22:09:20.650447
ESP32_B57936,InferenceLayer.SENSOR,3054,2024-08-26 22:09:21.641220
ESP32_8F7400,InferenceLayer.SENSOR,4274,2024-08-26 22:09:22.690709
ESP32_3330A5,InferenceLayer.SENSOR,4253,2024-08-26 22:09:23.730127
ESP32_ED5A4D,InferenceLayer.SENSOR,753,2024-08-26 22:09:24.723653
ESP32_46B1A6,InferenceLayer.SENSOR,3921,2024-08-26 22:09:25.684458
ESP32_46978A,InferenceLayer.SENSOR,3266,2024-08-26 22:09:26.706799
ESP32_97C286,InferenceLayer.SENSOR,4030,2024-08-26 22:09:27.731501
ESP32_B25FE3,InferenceLayer.SENSOR,1638,2024-08-26 22:09:28.754059
ESP32_1F4D55,InferenceLayer.SENSOR,926,2024-08-26 22:09:29.738030
ESP32_ADD36D,InferenceLayer.SENSOR,1058,2024-08-26 22:09:30.742340
ESP32_F0ACBF,InferenceLayer.SENSOR,4133,2024-08-26 22:09:31.726186
ESP32_AB192B,InferenceLayer.SENSOR,954,2024-08-26 22:09:32.767021
ESP32_AABBCC,InferenceLayer.SENSOR,4218,2024-08-26 22:09:45.585299
ESP32_09B38F,InferenceLayer.SENSOR,2092,2024-08-26 22:09:46.527668
ESP32_232714,InferenceLayer.SENSOR,4017,2024-08-26 22:09:47.522759
ESP32_B57936,InferenceLayer.SENSOR,4112,2024-08-26 22:09:48.539939
ESP32_8F7400,InferenceLayer.SENSOR,3964,2024-08-26 22:09:49.565986
ESP32_3330A5,InferenceLayer.SENSOR,4081,2024-08-26 22:09:50.625145
ESP32_ED5A4D,InferenceLayer.SENSOR,704,2024-08-26 22:09:51.580339
ESP32_46B1A6,InferenceLayer.SENSOR,3957,2024-08-26 22:09:52.606547
ESP32_46978A,InferenceLayer.SENSOR,3009,2024-08-26 22:09:53.593622
ESP32_97C286,InferenceLayer.SENSOR,2972,2024-08-26 22:09:54.584416
ESP32_B25FE3,InferenceLayer.SENSOR,4056,2024-08-26 22:09:55.673456
ESP32_1F4D55,InferenceLayer.SENSOR,956,2024-08-26 22:09:56.642350
ESP32_ADD36D,InferenceLayer.SENSOR,2062,2024-08-26 22:09:57.648182
ESP32_F0ACBF,InferenceLayer.SENSOR,3989,2024-08-26 22:09:58.640060
ESP32_AB192B,InferenceLayer.SENSOR,1443,2024-08-26 22:09:59.629436
ESP32_AABBCC,InferenceLayer.SENSOR,3883,2024-08-26 22:10:12.519240
ESP32_09B38F,InferenceLayer.SENSOR,2303,2024-08-26 22:10:13.414354
ESP32_232714,InferenceLayer.SENSOR,3972,2024-08-26 22:10:14.452803
ESP32_B57936,InferenceLayer.SENSOR,3913,2024-08-26 22:10:15.496932
ESP32_8F7400,InferenceLayer.SENSOR,3993,2024-08-26 22:10:16.449867
ESP32_3330A5,InferenceLayer.SENSOR,3946,2024-08-26 22:10:17.507929
ESP32_ED5A4D,InferenceLayer.SENSOR,850,2024-08-26 22:10:18.491279
ESP32_46B1A6,InferenceLayer.SENSOR,3033,2024-08-26 22:10:19.464094
ESP32_46978A,InferenceLayer.SENSOR,4060,2024-08-26 22:10:20.581867
ESP32_97C286,InferenceLayer.SENSOR,3985,2024-08-26 22:10:21.492322
ESP32_B25FE3,InferenceLayer.SENSOR,4194,2024-08-26 22:10:22.570228
ESP32_1F4D55,InferenceLayer.SENSOR,954,2024-08-26 22:10:23.502977
ESP32_ADD36D,InferenceLayer.SENSOR,3222,2024-08-26 22:10:24.510177
ESP32_F0ACBF,InferenceLayer.SENSOR,3917,2024-08-26 22:10:25.578294
ESP32_AB192B,InferenceLayer.SENSOR,2064,2024-08-26 22:10:26.554911
ESP32_AABBCC,InferenceLayer.SENSOR,3989,2024-08-26 22:10:39.373101
ESP32_09B38F,InferenceLayer.SENSOR,2139,2024-08-26 22:10:40.312009
ESP32_232714,InferenceLayer.SENSOR,4218,2024-08-26 22:10:41.308847
ESP32_B57936,InferenceLayer.SENSOR,3104,2024-08-26 22:10:42.305464
ESP32_8F7400,InferenceLayer.SENSOR,4166,2024-08-26 22:10:43.475549
ESP32_3330A5,InferenceLayer.SENSOR,3368,2024-08-26 22:10:44.406999
ESP32_ED5A4D,InferenceLayer.SENSOR,978,2024-08-26 22:10:45.342544
ESP32_46B1A6,InferenceLayer.SENSOR,4070,2024-08-26 22:10:46.361375
ESP32_46978A,InferenceLayer.SENSOR,4063,2024-08-26 22:10:47.354474
ESP32_97C286,InferenceLayer.SENSOR,4035,2024-08-26 22:10:48.388920
ESP32_B25FE3,InferenceLayer.SENSOR,3977,2024-08-26 22:10:49.433645
ESP32_1F4D55,InferenceLayer.SENSOR,1016,2024-08-26 22:10:50.382206
ESP32_ADD36D,InferenceLayer.SENSOR,4176,2024-08-26 22:10:51.432018
ESP32_F0ACBF,InferenceLayer.SENSOR,4501,2024-08-26 22:10:52.433590
ESP32_AB192B,InferenceLayer.SENSOR,3730,2024-08-26 22:10:53.463767
ESP32_AABBCC,InferenceLayer.SENSOR,3923,2024-08-26 22:11:06.244527
ESP32_09B38F,InferenceLayer.SENSOR,1660,2024-08-26 22:11:07.187132
ESP32_232714,InferenceLayer.SENSOR,3975,2024-08-26 22:11:08.223310
ESP32_B57936,InferenceLayer.SENSOR,4082,2024-08-26 22:11:09.216847
ESP32_8F7400,InferenceLayer.SENSOR,4059,2024-08-26 22:11:10.216239
ESP32_3330A5,InferenceLayer.SENSOR,4045,2024-08-26 22:11:11.281186
ESP32_ED5A4D,InferenceLayer.SENSOR,814,2024-08-26 22:11:12.250717
ESP32_46B1A6,InferenceLayer.SENSOR,3117,2024-08-26 22:11:13.258277
ESP32_46978A,InferenceLayer.SENSOR,4381,2024-08-26 22:11:14.253759
ESP32_97C286,InferenceLayer.SENSOR,4008,2024-08-26 22:11:15.262183
ESP32_B25FE3,InferenceLayer.SENSOR,4504,2024-08-26 22:11:16.346781
ESP32_1F4D55,InferenceLayer.SENSOR,943,2024-08-26 22:11:17.306475
ESP32_ADD36D,InferenceLayer.SENSOR,4303,2024-08-26 22:11:18.285262
ESP32_F0ACBF,InferenceLayer.SENSOR,4023,2024-08-26 22:11:19.331058
ESP32_AB192B,InferenceLayer.SENSOR,3725,2024-08-26 22:11:20.314211
ESP32_AABBCC,InferenceLayer.SENSOR,1314,2024-08-26 22:11:33.127403
ESP32_09B38F,InferenceLayer.SENSOR,2435,2024-08-26 22:11:34.073910
ESP32_232714,InferenceLayer.SENSOR,3958,2024-08-26 22:11:35.078209
ESP32_B57936,InferenceLayer.SENSOR,4021,2024-08-26 22:11:36.093437
ESP32_8F7400,InferenceLayer.SENSOR,3971,2024-08-26 22:11:37.135737
ESP32_3330A5,InferenceLayer.SENSOR,1991,2024-08-26 22:11:38.175368
ESP32_ED5A4D,InferenceLayer.SENSOR,953,2024-08-26 22:11:39.140973
ESP32_46B1A6,InferenceLayer.SENSOR,4192,2024-08-26 22:11:40.155539
ESP32_46978A,InferenceLayer.SENSOR,3928,2024-08-26 22:11:41.159437
ESP32_97C286,InferenceLayer.SENSOR,3881,2024-08-26 22:11:42.172057
ESP32_B25FE3,InferenceLayer.SENSOR,2136,2024-08-26 22:11:43.210917
ESP32_1F4D55,InferenceLayer.SENSOR,860,2024-08-26 22:11:44.196991
ESP32_ADD36D,InferenceLayer.SENSOR,4332,2024-08-26 22:11:45.215329
ESP32_F0ACBF,InferenceLayer.SENSOR,3949,2024-08-26 22:11:46.185950
ESP32_AB192B,InferenceLayer.SENSOR,1866,2024-08-26 22:11:47.208675
ESP32_AABBCC,InferenceLayer.SENSOR,3928,2024-08-26 22:11:59.998742
ESP32_09B38F,InferenceLayer.SENSOR,1990,2024-08-26 22:12:00.982400
ESP32_232714,InferenceLayer.SENSOR,4052,2024-08-26 22:12:01.971962
ESP32_ADD36D,InferenceLayer.SENSOR,1699,2024-08-26 22:33:57.179148
ESP32_F0ACBF,InferenceLayer.SENSOR,3550,2024-08-26 22:33:58.194061
ESP32_AB192B,InferenceLayer.SENSOR,1725,2024-08-26 22:33:59.197441
ESP32_AABBCC,InferenceLayer.SENSOR,3924,2024-08-26 22:34:11.877624
ESP32_09B38F,InferenceLayer.SENSOR,2106,2024-08-26 22:34:12.802695
ESP32_232714,InferenceLayer.SENSOR,4078,2024-08-26 22:34:13.826218
ESP32_B57936,InferenceLayer.SENSOR,3946,2024-08-26 22:34:14.870269
ESP32_8F7400,InferenceLayer.SENSOR,4029,2024-08-26 22:34:15.833340
ESP32_3330A5,InferenceLayer.SENSOR,3111,2024-08-26 22:34:16.906140
ESP32_ED5A4D,InferenceLayer.SENSOR,889,2024-08-26 22:34:17.873556
ESP32_46B1A6,InferenceLayer.SENSOR,4219,2024-08-26 22:34:18.887865
ESP32_46978A,InferenceLayer.SENSOR,4417,2024-08-26 22:34:19.920564
ESP32_97C286,InferenceLayer.SENSOR,3942,2024-08-26 22:34:20.888330
ESP32_B25FE3,InferenceLayer.SENSOR,4080,2024-08-26 22:34:21.964800
ESP32_1F4D55,InferenceLayer.SENSOR,798,2024-08-26 22:34:22.934169
ESP32_ADD36D,InferenceLayer.SENSOR,3919,2024-08-26 22:34:23.923821
ESP32_F0ACBF,InferenceLayer.SENSOR,3935,2024-08-26 22:34:24.954576
ESP32_AB192B,InferenceLayer.SENSOR,4225,2024-08-26 22:34:25.958407
ESP32_AABBCC,InferenceLayer.SENSOR,3891,2024-08-26 22:34:38.574085
ESP32_09B38F,InferenceLayer.SENSOR,1971,2024-08-26 22:34:39.521456
ESP32_232714,InferenceLayer.SENSOR,3774,2024-08-26 22:34:40.542612
ESP32_B57936,InferenceLayer.SENSOR,4162,2024-08-26 22:34:41.549588
ESP32_8F7400,InferenceLayer.SENSOR,4017,2024-08-26 22:34:42.590058
ESP32_3330A5,InferenceLayer.SENSOR,3872,2024-08-26 22:34:43.650830
ESP32_ED5A4D,InferenceLayer.SENSOR,834,2024-08-26 22:34:44.592603
ESP32_46B1A6,InferenceLayer.SENSOR,4091,2024-08-26 22:34:45.603327
ESP32_46978A,InferenceLayer.SENSOR,4107,2024-08-26 22:34:46.602624
ESP32_97C286,InferenceLayer.SENSOR,3148,2024-08-26 22:34:47.607542
ESP32_B25FE3,InferenceLayer.SENSOR,3687,2024-08-26 22:34:48.662331
ESP32_1F4D55,InferenceLayer.SENSOR,1032,2024-08-26 22:34:49.636985
ESP32_ADD36D,InferenceLayer.SENSOR,2539,2024-08-26 22:34:50.662093
ESP32_F0ACBF,InferenceLayer.SENSOR,1676,2024-08-26 22:34:51.677149
ESP32_AB192B,InferenceLayer.SENSOR,3957,2024-08-26 22:34:52.650556
ESP32_AABBCC,InferenceLayer.SENSOR,3918,2024-08-26 22:35:05.278505
ESP32_09B38F,InferenceLayer.SENSOR,3879,2024-08-26 22:35:06.241138
ESP32_232714,InferenceLayer.SENSOR,3465,2024-08-26 22:35:07.272766
ESP32_B57936,InferenceLayer.SENSOR,4171,2024-08-26 22:35:08.288149
ESP32_8F7400,InferenceLayer.SENSOR,3153,2024-08-26 22:35:09.268253
ESP32_3330A5,InferenceLayer.SENSOR,3935,2024-08-26 22:35:10.332962
ESP32_ED5A4D,InferenceLayer.SENSOR,913,2024-08-26 22:35:11.322831
ESP32_46B1A6,InferenceLayer.SENSOR,3951,2024-08-26 22:35:12.301785
ESP32_46978A,InferenceLayer.SENSOR,3975,2024-08-26 22:35:13.308662
ESP32_97C286,InferenceLayer.SENSOR,1828,2024-08-26 22:35:14.325048
ESP32_B25FE3,InferenceLayer.SENSOR,4123,2024-08-26 22:35:15.377592
ESP32_1F4D55,InferenceLayer.SENSOR,925,2024-08-26 22:35:16.337015
ESP32_ADD36D,InferenceLayer.SENSOR,4267,2024-08-26 22:35:17.378808
ESP32_F0ACBF,InferenceLayer.SENSOR,1196,2024-08-26 22:35:18.372574
ESP32_AB192B,InferenceLayer.SENSOR,4157,2024-08-26 22:35:19.430471
ESP32_AABBCC,InferenceLayer.SENSOR,3947,2024-08-26 22:35:31.973937
ESP32_09B38F,InferenceLayer.SENSOR,3972,2024-08-26 22:35:33.014631
ESP32_232714,InferenceLayer.SENSOR,3926,2024-08-26 22:35:33.983884
ESP32_B57936,InferenceLayer.SENSOR,3484,2024-08-26 22:35:34.978000
ESP32_8F7400,InferenceLayer.SENSOR,3470,2024-08-26 22:35:35.983668
ESP32_3330A5,InferenceLayer.SENSOR,2017,2024-08-26 22:35:37.007211
ESP32_ED5A4D,InferenceLayer.SENSOR,767,2024-08-26 22:35:38.076001
ESP32_46B1A6,InferenceLayer.SENSOR,1224,2024-08-26 22:35:39.068420
ESP32_46978A,InferenceLayer.SENSOR,3935,2024-08-26 22:35:40.037714
ESP32_97C286,InferenceLayer.SENSOR,985,2024-08-26 22:35:41.056752
ESP32_B25FE3,InferenceLayer.SENSOR,4084,2024-08-26 22:35:42.046873
ESP32_1F4D55,InferenceLayer.SENSOR,813,2024-08-26 22:35:43.121959
ESP32_ADD36D,InferenceLayer.SENSOR,3922,2024-08-26 22:35:44.080532
ESP32_F0ACBF,InferenceLayer.SENSOR,1336,2024-08-26 22:35:45.087906
ESP32_AB192B,InferenceLayer.SENSOR,4066,2024-08-26 22:35:46.115496
ESP32_AABBCC,InferenceLayer.SENSOR,3909,2024-08-26 22:35:58.744620
ESP32_09B38F,InferenceLayer.SENSOR,1941,2024-08-26 22:35:59.690255
ESP32_232714,InferenceLayer.SENSOR,2597,2024-08-26 22:36:00.683756
ESP32_B57936,InferenceLayer.SENSOR,798,2024-08-26 22:12:02.966987
ESP32_8F7400,InferenceLayer.SENSOR,3810,2024-08-26 22:12:04.016572
ESP32_3330A5,InferenceLayer.SENSOR,3361,2024-08-26 22:12:05.081916
ESP32_ED5A4D,InferenceLayer.SENSOR,817,2024-08-26 22:12:06.020672
ESP32_46B1A6,InferenceLayer.SENSOR,4139,2024-08-26 22:12:07.029039
ESP32_46978A,InferenceLayer.SENSOR,854,2024-08-26 22:12:08.029654
ESP32_97C286,InferenceLayer.SENSOR,3689,2024-08-26 22:12:09.032271
ESP32_B25FE3,InferenceLayer.SENSOR,4057,2024-08-26 22:12:10.095959
ESP32_1F4D55,InferenceLayer.SENSOR,999,2024-08-26 22:12:11.079099
ESP32_ADD36D,InferenceLayer.SENSOR,3937,2024-08-26 22:12:12.058616
ESP32_F0ACBF,InferenceLayer.SENSOR,1256,2024-08-26 22:12:13.100655
ESP32_AB192B,InferenceLayer.SENSOR,3945,2024-08-26 22:12:14.085216
ESP32_AABBCC,InferenceLayer.SENSOR,3916,2024-08-26 22:12:26.919930
ESP32_09B38F,InferenceLayer.SENSOR,1700,2024-08-26 22:12:27.842613
ESP32_232714,InferenceLayer.SENSOR,3954,2024-08-26 22:12:28.860061
ESP32_B57936,InferenceLayer.SENSOR,4086,2024-08-26 22:12:29.868388
ESP32_8F7400,InferenceLayer.SENSOR,1812,2024-08-26 22:12:30.876398
ESP32_3330A5,InferenceLayer.SENSOR,4158,2024-08-26 22:12:31.970581
ESP32_ED5A4D,InferenceLayer.SENSOR,1160,2024-08-26 22:12:32.883468
ESP32_46B1A6,InferenceLayer.SENSOR,4232,2024-08-26 22:12:33.941285
ESP32_46978A,InferenceLayer.SENSOR,4169,2024-08-26 22:12:34.931586
ESP32_97C286,InferenceLayer.SENSOR,4403,2024-08-26 22:12:35.922540
ESP32_B25FE3,InferenceLayer.SENSOR,3373,2024-08-26 22:12:36.991687
ESP32_1F4D55,InferenceLayer.SENSOR,936,2024-08-26 22:12:37.975838
ESP32_ADD36D,InferenceLayer.SENSOR,1839,2024-08-26 22:12:38.963243
ESP32_F0ACBF,InferenceLayer.SENSOR,4059,2024-08-26 22:12:39.966118
ESP32_AB192B,InferenceLayer.SENSOR,4132,2024-08-26 22:12:40.988853
ESP32_AABBCC,InferenceLayer.SENSOR,4108,2024-08-26 22:12:53.794979
ESP32_09B38F,InferenceLayer.SENSOR,2030,2024-08-26 22:12:54.747895
ESP32_232714,InferenceLayer.SENSOR,4348,2024-08-26 22:12:55.760042
ESP32_B57936,InferenceLayer.SENSOR,3761,2024-08-26 22:12:56.794375
ESP32_8F7400,InferenceLayer.SENSOR,4365,2024-08-26 22:12:57.956031
ESP32_3330A5,InferenceLayer.SENSOR,2964,2024-08-26 22:12:58.773580
ESP32_ED5A4D,InferenceLayer.SENSOR,1181,2024-08-26 22:12:59.767297
ESP32_46B1A6,InferenceLayer.SENSOR,2332,2024-08-26 22:13:00.789414
ESP32_46978A,InferenceLayer.SENSOR,3637,2024-08-26 22:13:01.891261
ESP32_97C286,InferenceLayer.SENSOR,3798,2024-08-26 22:13:02.787112
ESP32_B25FE3,InferenceLayer.SENSOR,3938,2024-08-26 22:13:03.810518
ESP32_1F4D55,InferenceLayer.SENSOR,911,2024-08-26 22:13:04.840428
ESP32_ADD36D,InferenceLayer.SENSOR,4072,2024-08-26 22:13:05.838807
ESP32_F0ACBF,InferenceLayer.SENSOR,3819,2024-08-26 22:13:06.912314
ESP32_AB192B,InferenceLayer.SENSOR,4068,2024-08-26 22:13:07.966171
ESP32_AABBCC,InferenceLayer.SENSOR,3931,2024-08-26 22:13:20.655425
ESP32_09B38F,InferenceLayer.SENSOR,2131,2024-08-26 22:13:21.664909
ESP32_232714,InferenceLayer.SENSOR,4394,2024-08-26 22:13:22.656561
ESP32_B57936,InferenceLayer.SENSOR,1063,2024-08-26 22:13:23.671761
ESP32_8F7400,InferenceLayer.SENSOR,1966,2024-08-26 22:13:24.668861
ESP32_3330A5,InferenceLayer.SENSOR,1466,2024-08-26 22:13:25.706572
ESP32_ED5A4D,InferenceLayer.SENSOR,1329,2024-08-26 22:13:26.661555
ESP32_46B1A6,InferenceLayer.SENSOR,1847,2024-08-26 22:13:27.701745
ESP32_46978A,InferenceLayer.SENSOR,737,2024-08-26 22:13:28.676464
ESP32_97C286,InferenceLayer.SENSOR,1121,2024-08-26 22:13:29.703046
ESP32_B25FE3,InferenceLayer.SENSOR,746,2024-08-26 22:13:30.763582
ESP32_1F4D55,InferenceLayer.SENSOR,823,2024-08-26 22:13:31.699298
ESP32_ADD36D,InferenceLayer.SENSOR,809,2024-08-26 22:13:32.695594
ESP32_F0ACBF,InferenceLayer.SENSOR,3866,2024-08-26 22:13:33.721532
ESP32_AB192B,InferenceLayer.SENSOR,1191,2024-08-26 22:13:34.711345
ESP32_AABBCC,InferenceLayer.SENSOR,4126,2024-08-26 22:13:47.576396
ESP32_09B38F,InferenceLayer.SENSOR,1974,2024-08-26 22:13:48.482902
ESP32_232714,InferenceLayer.SENSOR,4105,2024-08-26 22:13:49.519357
ESP32_B57936,InferenceLayer.SENSOR,4017,2024-08-26 22:13:50.490501
ESP32_8F7400,InferenceLayer.SENSOR,3946,2024-08-26 22:13:51.512678
ESP32_3330A5,InferenceLayer.SENSOR,3396,2024-08-26 22:13:52.592651
ESP32_ED5A4D,InferenceLayer.SENSOR,864,2024-08-26 22:13:53.530262
ESP32_46B1A6,InferenceLayer.SENSOR,3925,2024-08-26 22:13:54.570539
ESP32_46978A,InferenceLayer.SENSOR,3289,2024-08-26 22:13:55.549084
ESP32_97C286,InferenceLayer.SENSOR,5010,2024-08-26 22:13:56.559047
ESP32_B25FE3,InferenceLayer.SENSOR,3508,2024-08-26 22:13:57.664718
ESP32_1F4D55,InferenceLayer.SENSOR,1029,2024-08-26 22:13:58.605216
ESP32_ADD36D,InferenceLayer.SENSOR,4177,2024-08-26 22:13:59.599400
ESP32_F0ACBF,InferenceLayer.SENSOR,4171,2024-08-26 22:14:00.597272
ESP32_AB192B,InferenceLayer.SENSOR,4148,2024-08-26 22:14:01.638046
ESP32_AABBCC,InferenceLayer.SENSOR,767,2024-08-26 22:14:14.400793
ESP32_09B38F,InferenceLayer.SENSOR,2130,2024-08-26 22:14:15.379338
ESP32_232714,InferenceLayer.SENSOR,3966,2024-08-26 22:14:16.378194
ESP32_B57936,InferenceLayer.SENSOR,4074,2024-08-26 22:14:17.441885
ESP32_8F7400,InferenceLayer.SENSOR,3993,2024-08-26 22:14:18.407554
ESP32_3330A5,InferenceLayer.SENSOR,1877,2024-08-26 22:14:19.459782
ESP32_ED5A4D,InferenceLayer.SENSOR,819,2024-08-26 22:14:20.438124
ESP32_46B1A6,InferenceLayer.SENSOR,746,2024-08-26 22:14:21.413380
ESP32_46978A,InferenceLayer.SENSOR,3943,2024-08-26 22:14:22.428278
ESP32_97C286,InferenceLayer.SENSOR,1847,2024-08-26 22:14:23.455220
ESP32_B25FE3,InferenceLayer.SENSOR,3968,2024-08-26 22:14:24.519230
ESP32_1F4D55,InferenceLayer.SENSOR,870,2024-08-26 22:14:25.442184
ESP32_ADD36D,InferenceLayer.SENSOR,3136,2024-08-26 22:14:26.446622
ESP32_F0ACBF,InferenceLayer.SENSOR,2859,2024-08-26 22:14:27.471691
ESP32_AB192B,InferenceLayer.SENSOR,3972,2024-08-26 22:14:28.496808
ESP32_AABBCC,InferenceLayer.SENSOR,4175,2024-08-26 22:14:41.330778
ESP32_09B38F,InferenceLayer.SENSOR,1315,2024-08-26 22:14:42.294914
ESP32_232714,InferenceLayer.SENSOR,2011,2024-08-26 22:14:43.270876
ESP32_B57936,InferenceLayer.SENSOR,2865,2024-08-26 22:14:44.281127
ESP32_8F7400,InferenceLayer.SENSOR,3928,2024-08-26 22:14:45.337049
ESP32_3330A5,InferenceLayer.SENSOR,3931,2024-08-26 22:14:46.339762
ESP32_ED5A4D,InferenceLayer.SENSOR,1173,2024-08-26 22:14:47.278411
ESP32_46B1A6,InferenceLayer.SENSOR,4073,2024-08-26 22:14:48.303942
ESP32_46978A,InferenceLayer.SENSOR,4056,2024-08-26 22:14:49.320571
ESP32_97C286,InferenceLayer.SENSOR,4198,2024-08-26 22:14:50.352266
ESP32_B25FE3,InferenceLayer.SENSOR,2638,2024-08-26 22:14:51.388224
ESP32_1F4D55,InferenceLayer.SENSOR,872,2024-08-26 22:14:52.353708
ESP32_ADD36D,InferenceLayer.SENSOR,4229,2024-08-26 22:14:53.483681
ESP32_F0ACBF,InferenceLayer.SENSOR,3121,2024-08-26 22:14:54.380134
ESP32_AB192B,InferenceLayer.SENSOR,4099,2024-08-26 22:14:55.407404
ESP32_B57936,InferenceLayer.SENSOR,1533,2024-08-26 22:36:01.687992
ESP32_8F7400,InferenceLayer.SENSOR,3927,2024-08-26 22:36:02.719983
ESP32_B25FE3,InferenceLayer.SENSOR,3879,2024-08-26 22:38:49.145489
ESP32_1F4D55,InferenceLayer.SENSOR,937,2024-08-26 22:38:50.072841
ESP32_ADD36D,InferenceLayer.SENSOR,4042,2024-08-26 22:38:51.095841
ESP32_F0ACBF,InferenceLayer.SENSOR,3441,2024-08-26 22:38:52.113005
ESP32_AB192B,InferenceLayer.SENSOR,4139,2024-08-26 22:38:53.131182
ESP32_AABBCC,InferenceLayer.SENSOR,3914,2024-08-26 22:39:05.792099
ESP32_09B38F,InferenceLayer.SENSOR,3129,2024-08-26 22:39:06.732155
ESP32_232714,InferenceLayer.SENSOR,3444,2024-08-26 22:39:07.707817
ESP32_B57936,InferenceLayer.SENSOR,3755,2024-08-26 22:39:08.705634
ESP32_8F7400,InferenceLayer.SENSOR,3956,2024-08-26 22:39:09.738036
ESP32_3330A5,InferenceLayer.SENSOR,4153,2024-08-26 22:39:10.804521
ESP32_ED5A4D,InferenceLayer.SENSOR,760,2024-08-26 22:39:11.812771
ESP32_46B1A6,InferenceLayer.SENSOR,4189,2024-08-26 22:39:12.761250
ESP32_46978A,InferenceLayer.SENSOR,4124,2024-08-26 22:39:13.769062
ESP32_97C286,InferenceLayer.SENSOR,3991,2024-08-26 22:39:14.850205
ESP32_B25FE3,InferenceLayer.SENSOR,3369,2024-08-26 22:39:15.837308
ESP32_1F4D55,InferenceLayer.SENSOR,956,2024-08-26 22:39:16.796160
ESP32_ADD36D,InferenceLayer.SENSOR,2374,2024-08-26 22:39:17.818133
ESP32_F0ACBF,InferenceLayer.SENSOR,3617,2024-08-26 22:39:18.823528
ESP32_AB192B,InferenceLayer.SENSOR,1425,2024-08-26 22:39:19.842108
ESP32_AABBCC,InferenceLayer.SENSOR,3955,2024-08-26 22:39:32.485729
ESP32_09B38F,InferenceLayer.SENSOR,1775,2024-08-26 22:39:33.418133
ESP32_232714,InferenceLayer.SENSOR,2320,2024-08-26 22:39:34.452065
ESP32_B57936,InferenceLayer.SENSOR,3921,2024-08-26 22:39:35.459609
ESP32_8F7400,InferenceLayer.SENSOR,3839,2024-08-26 22:39:36.447311
ESP32_3330A5,InferenceLayer.SENSOR,3871,2024-08-26 22:39:37.511361
ESP32_ED5A4D,InferenceLayer.SENSOR,783,2024-08-26 22:39:38.466092
ESP32_46B1A6,InferenceLayer.SENSOR,3459,2024-08-26 22:39:39.503186
ESP32_46978A,InferenceLayer.SENSOR,1266,2024-08-26 22:39:40.505522
ESP32_97C286,InferenceLayer.SENSOR,4152,2024-08-26 22:39:41.515611
ESP32_B25FE3,InferenceLayer.SENSOR,1119,2024-08-26 22:39:42.556375
ESP32_1F4D55,InferenceLayer.SENSOR,890,2024-08-26 22:39:43.506653
ESP32_ADD36D,InferenceLayer.SENSOR,964,2024-08-26 22:39:44.510192
ESP32_F0ACBF,InferenceLayer.SENSOR,3805,2024-08-26 22:39:45.520094
ESP32_AB192B,InferenceLayer.SENSOR,1121,2024-08-26 22:39:46.520247
ESP32_AABBCC,InferenceLayer.SENSOR,3926,2024-08-26 22:39:59.177151
ESP32_09B38F,InferenceLayer.SENSOR,3639,2024-08-26 22:40:00.154639
ESP32_232714,InferenceLayer.SENSOR,3790,2024-08-26 22:40:01.141842
ESP32_B57936,InferenceLayer.SENSOR,3219,2024-08-26 22:40:02.192850
ESP32_8F7400,InferenceLayer.SENSOR,1454,2024-08-26 22:40:03.160010
ESP32_3330A5,InferenceLayer.SENSOR,3978,2024-08-26 22:40:04.216130
ESP32_ED5A4D,InferenceLayer.SENSOR,758,2024-08-26 22:40:05.168726
ESP32_46B1A6,InferenceLayer.SENSOR,2470,2024-08-26 22:40:06.163032
ESP32_46978A,InferenceLayer.SENSOR,836,2024-08-26 22:40:07.176989
ESP32_97C286,InferenceLayer.SENSOR,5296,2024-08-26 22:40:08.224444
ESP32_B25FE3,InferenceLayer.SENSOR,840,2024-08-26 22:40:09.244534
ESP32_1F4D55,InferenceLayer.SENSOR,886,2024-08-26 22:40:10.238528
ESP32_ADD36D,InferenceLayer.SENSOR,3954,2024-08-26 22:40:11.255623
ESP32_F0ACBF,InferenceLayer.SENSOR,3872,2024-08-26 22:40:12.226079
ESP32_AB192B,InferenceLayer.SENSOR,4400,2024-08-26 22:40:13.267007
ESP32_AABBCC,InferenceLayer.SENSOR,1111,2024-08-26 22:40:25.888068
ESP32_09B38F,InferenceLayer.SENSOR,2964,2024-08-26 22:40:26.838091
ESP32_232714,InferenceLayer.SENSOR,979,2024-08-26 22:40:27.846352
ESP32_B57936,InferenceLayer.SENSOR,3618,2024-08-26 22:40:28.847532
ESP32_8F7400,InferenceLayer.SENSOR,840,2024-08-26 22:40:29.868218
ESP32_3330A5,InferenceLayer.SENSOR,3863,2024-08-26 22:40:30.914884
ESP32_ED5A4D,InferenceLayer.SENSOR,1223,2024-08-26 22:40:31.864744
ESP32_46B1A6,InferenceLayer.SENSOR,4084,2024-08-26 22:40:32.898650
ESP32_AABBCC,InferenceLayer.SENSOR,810,2024-08-26 22:15:08.172493
ESP32_09B38F,InferenceLayer.SENSOR,862,2024-08-26 22:15:09.133860
ESP32_232714,InferenceLayer.SENSOR,3345,2024-08-26 22:15:10.136035
ESP32_B57936,InferenceLayer.SENSOR,4283,2024-08-26 22:15:11.143996
ESP32_8F7400,InferenceLayer.SENSOR,3935,2024-08-26 22:15:12.167183
ESP32_3330A5,InferenceLayer.SENSOR,979,2024-08-26 22:15:13.259817
ESP32_ED5A4D,InferenceLayer.SENSOR,1178,2024-08-26 22:15:14.167761
ESP32_46B1A6,InferenceLayer.SENSOR,4104,2024-08-26 22:15:15.192230
ESP32_46978A,InferenceLayer.SENSOR,4037,2024-08-26 22:15:16.229174
ESP32_97C286,InferenceLayer.SENSOR,3227,2024-08-26 22:15:17.230726
ESP32_B25FE3,InferenceLayer.SENSOR,1116,2024-08-26 22:15:18.256537
ESP32_1F4D55,InferenceLayer.SENSOR,943,2024-08-26 22:15:19.222000
ESP32_ADD36D,InferenceLayer.SENSOR,4076,2024-08-26 22:15:20.219659
ESP32_F0ACBF,InferenceLayer.SENSOR,4017,2024-08-26 22:15:21.280784
ESP32_AB192B,InferenceLayer.SENSOR,3674,2024-08-26 22:15:22.263027
ESP32_AABBCC,InferenceLayer.SENSOR,1072,2024-08-26 22:20:21.427691
ESP32_09B38F,InferenceLayer.SENSOR,3646,2024-08-26 22:20:22.545485
ESP32_232714,InferenceLayer.SENSOR,804,2024-08-26 22:20:23.461471
ESP32_B57936,InferenceLayer.SENSOR,3985,2024-08-26 22:20:24.455193
ESP32_8F7400,InferenceLayer.SENSOR,1508,2024-08-26 22:20:25.454292
ESP32_3330A5,InferenceLayer.SENSOR,3948,2024-08-26 22:20:26.482884
ESP32_ED5A4D,InferenceLayer.SENSOR,4114,2024-08-26 22:20:27.595462
ESP32_46B1A6,InferenceLayer.SENSOR,4080,2024-08-26 22:20:28.490267
ESP32_46978A,InferenceLayer.SENSOR,4726,2024-08-26 22:20:29.483499
ESP32_97C286,InferenceLayer.SENSOR,3247,2024-08-26 22:20:30.511408
ESP32_B25FE3,InferenceLayer.SENSOR,4125,2024-08-26 22:20:31.517209
ESP32_1F4D55,InferenceLayer.SENSOR,3933,2024-08-26 22:20:32.591094
ESP32_ADD36D,InferenceLayer.SENSOR,3905,2024-08-26 22:20:33.542329
ESP32_F0ACBF,InferenceLayer.SENSOR,3308,2024-08-26 22:20:34.581043
ESP32_AB192B,InferenceLayer.SENSOR,3872,2024-08-26 22:20:35.580684
ESP32_AABBCC,InferenceLayer.SENSOR,3943,2024-08-26 22:20:48.245933
ESP32_09B38F,InferenceLayer.SENSOR,1813,2024-08-26 22:20:49.152636
ESP32_232714,InferenceLayer.SENSOR,4078,2024-08-26 22:20:50.166387
ESP32_B57936,InferenceLayer.SENSOR,3292,2024-08-26 22:20:51.209815
ESP32_8F7400,InferenceLayer.SENSOR,3942,2024-08-26 22:20:52.229666
ESP32_3330A5,InferenceLayer.SENSOR,4048,2024-08-26 22:20:53.269085
ESP32_ED5A4D,InferenceLayer.SENSOR,827,2024-08-26 22:20:54.209536
ESP32_46B1A6,InferenceLayer.SENSOR,4102,2024-08-26 22:20:55.248400
ESP32_46978A,InferenceLayer.SENSOR,3887,2024-08-26 22:20:56.224397
ESP32_97C286,InferenceLayer.SENSOR,3798,2024-08-26 22:20:57.273080
ESP32_B25FE3,InferenceLayer.SENSOR,3305,2024-08-26 22:20:58.321734
ESP32_1F4D55,InferenceLayer.SENSOR,998,2024-08-26 22:20:59.268792
ESP32_ADD36D,InferenceLayer.SENSOR,4264,2024-08-26 22:21:00.262944
ESP32_F0ACBF,InferenceLayer.SENSOR,4078,2024-08-26 22:21:01.307598
ESP32_AB192B,InferenceLayer.SENSOR,3523,2024-08-26 22:21:02.272793
ESP32_AABBCC,InferenceLayer.SENSOR,3924,2024-08-26 22:21:14.984306
ESP32_09B38F,InferenceLayer.SENSOR,2782,2024-08-26 22:21:15.892701
ESP32_232714,InferenceLayer.SENSOR,4157,2024-08-26 22:21:16.902307
ESP32_B57936,InferenceLayer.SENSOR,4427,2024-08-26 22:21:17.925110
ESP32_8F7400,InferenceLayer.SENSOR,2863,2024-08-26 22:21:18.958914
ESP32_3330A5,InferenceLayer.SENSOR,3751,2024-08-26 22:21:20.002541
ESP32_ED5A4D,InferenceLayer.SENSOR,820,2024-08-26 22:21:20.941229
ESP32_46B1A6,InferenceLayer.SENSOR,4138,2024-08-26 22:21:21.980470
ESP32_46978A,InferenceLayer.SENSOR,3939,2024-08-26 22:21:22.950854
ESP32_97C286,InferenceLayer.SENSOR,3893,2024-08-26 22:21:23.970361
ESP32_B25FE3,InferenceLayer.SENSOR,3157,2024-08-26 22:21:25.033111
ESP32_1F4D55,InferenceLayer.SENSOR,952,2024-08-26 22:21:25.978718
ESP32_ADD36D,InferenceLayer.SENSOR,3977,2024-08-26 22:21:27.011885
ESP32_F0ACBF,InferenceLayer.SENSOR,3810,2024-08-26 22:21:28.015871
ESP32_AB192B,InferenceLayer.SENSOR,3129,2024-08-26 22:21:29.021471
ESP32_AABBCC,InferenceLayer.SENSOR,3310,2024-08-26 22:21:41.693617
ESP32_09B38F,InferenceLayer.SENSOR,3741,2024-08-26 22:21:42.621140
ESP32_232714,InferenceLayer.SENSOR,4059,2024-08-26 22:21:43.648528
ESP32_B57936,InferenceLayer.SENSOR,3833,2024-08-26 22:21:44.641951
ESP32_8F7400,InferenceLayer.SENSOR,3186,2024-08-26 22:21:45.673988
ESP32_3330A5,InferenceLayer.SENSOR,4103,2024-08-26 22:21:46.722769
ESP32_ED5A4D,InferenceLayer.SENSOR,814,2024-08-26 22:21:47.661079
ESP32_46B1A6,InferenceLayer.SENSOR,2351,2024-08-26 22:21:48.700753
ESP32_46978A,InferenceLayer.SENSOR,2417,2024-08-26 22:21:49.678077
ESP32_97C286,InferenceLayer.SENSOR,4622,2024-08-26 22:21:50.690098
ESP32_B25FE3,InferenceLayer.SENSOR,4620,2024-08-26 22:21:51.776660
ESP32_1F4D55,InferenceLayer.SENSOR,999,2024-08-26 22:21:52.686149
ESP32_ADD36D,InferenceLayer.SENSOR,3973,2024-08-26 22:21:53.746541
ESP32_F0ACBF,InferenceLayer.SENSOR,4106,2024-08-26 22:21:54.749666
ESP32_AB192B,InferenceLayer.SENSOR,4413,2024-08-26 22:21:55.730835
ESP32_AABBCC,InferenceLayer.SENSOR,1629,2024-08-26 22:22:08.418936
ESP32_09B38F,InferenceLayer.SENSOR,1734,2024-08-26 22:22:09.334684
ESP32_232714,InferenceLayer.SENSOR,4139,2024-08-26 22:22:10.328157
ESP32_B57936,InferenceLayer.SENSOR,3828,2024-08-26 22:22:11.401787
ESP32_8F7400,InferenceLayer.SENSOR,4159,2024-08-26 22:22:12.365083
ESP32_3330A5,InferenceLayer.SENSOR,911,2024-08-26 22:22:13.419861
ESP32_ED5A4D,InferenceLayer.SENSOR,1173,2024-08-26 22:22:14.374508
ESP32_46B1A6,InferenceLayer.SENSOR,4185,2024-08-26 22:22:15.389346
ESP32_46978A,InferenceLayer.SENSOR,4124,2024-08-26 22:22:16.381878
ESP32_97C286,InferenceLayer.SENSOR,3943,2024-08-26 22:22:17.442924
ESP32_B25FE3,InferenceLayer.SENSOR,998,2024-08-26 22:22:18.485629
ESP32_1F4D55,InferenceLayer.SENSOR,902,2024-08-26 22:22:19.455775
ESP32_ADD36D,InferenceLayer.SENSOR,3496,2024-08-26 22:22:20.438730
ESP32_F0ACBF,InferenceLayer.SENSOR,3334,2024-08-26 22:22:21.458936
ESP32_AB192B,InferenceLayer.SENSOR,2108,2024-08-26 22:22:22.449726
ESP32_AABBCC,InferenceLayer.SENSOR,3930,2024-08-26 22:22:35.104831
ESP32_09B38F,InferenceLayer.SENSOR,1726,2024-08-26 22:22:36.057366
ESP32_232714,InferenceLayer.SENSOR,3943,2024-08-26 22:22:37.085233
ESP32_B57936,InferenceLayer.SENSOR,3749,2024-08-26 22:22:38.078540
ESP32_8F7400,InferenceLayer.SENSOR,3368,2024-08-26 22:22:39.110428
ESP32_3330A5,InferenceLayer.SENSOR,4003,2024-08-26 22:22:40.138972
ESP32_ED5A4D,InferenceLayer.SENSOR,855,2024-08-26 22:22:41.129604
ESP32_46B1A6,InferenceLayer.SENSOR,4052,2024-08-26 22:22:42.127631
ESP32_46978A,InferenceLayer.SENSOR,4092,2024-08-26 22:22:43.111323
ESP32_97C286,InferenceLayer.SENSOR,3907,2024-08-26 22:22:44.140991
ESP32_B25FE3,InferenceLayer.SENSOR,3907,2024-08-26 22:22:45.194134
ESP32_1F4D55,InferenceLayer.SENSOR,976,2024-08-26 22:22:46.145451
ESP32_ADD36D,InferenceLayer.SENSOR,4467,2024-08-26 22:22:47.217210
ESP32_F0ACBF,InferenceLayer.SENSOR,3943,2024-08-26 22:22:48.176173
ESP32_AB192B,InferenceLayer.SENSOR,4002,2024-08-26 22:22:49.192597
ESP32_AABBCC,InferenceLayer.SENSOR,3831,2024-08-26 22:23:01.832700
ESP32_09B38F,InferenceLayer.SENSOR,1796,2024-08-26 22:23:02.777667
ESP32_3330A5,InferenceLayer.SENSOR,1105,2024-08-26 22:36:03.762486
ESP32_ED5A4D,InferenceLayer.SENSOR,1212,2024-08-26 22:36:04.701116
ESP32_46B1A6,InferenceLayer.SENSOR,663,2024-08-26 22:36:05.711808
ESP32_46978A,InferenceLayer.SENSOR,2344,2024-08-26 22:36:06.777501
ESP32_97C286,InferenceLayer.SENSOR,812,2024-08-26 22:36:07.760561
ESP32_B25FE3,InferenceLayer.SENSOR,4130,2024-08-26 22:36:08.779941
ESP32_1F4D55,InferenceLayer.SENSOR,852,2024-08-26 22:36:09.739979
ESP32_ADD36D,InferenceLayer.SENSOR,3965,2024-08-26 22:36:10.760039
ESP32_F0ACBF,InferenceLayer.SENSOR,4111,2024-08-26 22:36:11.764361
ESP32_AB192B,InferenceLayer.SENSOR,3962,2024-08-26 22:36:12.772777
ESP32_AABBCC,InferenceLayer.SENSOR,3971,2024-08-26 22:36:25.445613
ESP32_09B38F,InferenceLayer.SENSOR,851,2024-08-26 22:36:26.418641
ESP32_232714,InferenceLayer.SENSOR,3978,2024-08-26 22:36:27.392738
ESP32_B57936,InferenceLayer.SENSOR,774,2024-08-26 22:36:28.395648
ESP32_8F7400,InferenceLayer.SENSOR,3163,2024-08-26 22:36:29.425499
ESP32_3330A5,InferenceLayer.SENSOR,1735,2024-08-26 22:36:30.477492
ESP32_ED5A4D,InferenceLayer.SENSOR,1157,2024-08-26 22:36:31.409757
ESP32_46B1A6,InferenceLayer.SENSOR,3947,2024-08-26 22:36:32.413251
ESP32_46978A,InferenceLayer.SENSOR,4109,2024-08-26 22:36:33.463199
ESP32_97C286,InferenceLayer.SENSOR,3873,2024-08-26 22:36:34.499799
ESP32_B25FE3,InferenceLayer.SENSOR,4358,2024-08-26 22:36:35.523645
ESP32_1F4D55,InferenceLayer.SENSOR,953,2024-08-26 22:36:36.492148
ESP32_ADD36D,InferenceLayer.SENSOR,4078,2024-08-26 22:36:37.771189
ESP32_F0ACBF,InferenceLayer.SENSOR,3194,2024-08-26 22:36:38.509534
ESP32_AB192B,InferenceLayer.SENSOR,3900,2024-08-26 22:36:39.504582
ESP32_AABBCC,InferenceLayer.SENSOR,3845,2024-08-26 22:36:52.163067
ESP32_09B38F,InferenceLayer.SENSOR,1500,2024-08-26 22:36:53.100235
ESP32_232714,InferenceLayer.SENSOR,3448,2024-08-26 22:36:54.161435
ESP32_B57936,InferenceLayer.SENSOR,3238,2024-08-26 22:36:55.114750
ESP32_8F7400,InferenceLayer.SENSOR,3450,2024-08-26 22:36:56.124413
ESP32_3330A5,InferenceLayer.SENSOR,4183,2024-08-26 22:36:57.200623
ESP32_ED5A4D,InferenceLayer.SENSOR,1094,2024-08-26 22:36:58.142739
ESP32_46B1A6,InferenceLayer.SENSOR,1084,2024-08-26 22:36:59.139916
ESP32_46978A,InferenceLayer.SENSOR,4009,2024-08-26 22:37:00.187585
ESP32_97C286,InferenceLayer.SENSOR,3601,2024-08-26 22:37:01.168076
ESP32_B25FE3,InferenceLayer.SENSOR,3932,2024-08-26 22:37:02.231509
ESP32_1F4D55,InferenceLayer.SENSOR,943,2024-08-26 22:37:03.184125
ESP32_ADD36D,InferenceLayer.SENSOR,887,2024-08-26 22:37:04.214090
ESP32_F0ACBF,InferenceLayer.SENSOR,3972,2024-08-26 22:37:05.203668
ESP32_AB192B,InferenceLayer.SENSOR,3674,2024-08-26 22:37:06.234789
ESP32_AABBCC,InferenceLayer.SENSOR,3865,2024-08-26 22:37:18.900543
ESP32_09B38F,InferenceLayer.SENSOR,2446,2024-08-26 22:37:19.817620
ESP32_232714,InferenceLayer.SENSOR,3905,2024-08-26 22:37:20.824670
ESP32_B57936,InferenceLayer.SENSOR,3405,2024-08-26 22:37:21.845648
ESP32_8F7400,InferenceLayer.SENSOR,3061,2024-08-26 22:37:22.904742
ESP32_3330A5,InferenceLayer.SENSOR,3959,2024-08-26 22:37:23.908143
ESP32_ED5A4D,InferenceLayer.SENSOR,1123,2024-08-26 22:37:24.870039
ESP32_46B1A6,InferenceLayer.SENSOR,3900,2024-08-26 22:37:25.877718
ESP32_46978A,InferenceLayer.SENSOR,3126,2024-08-26 22:37:26.915725
ESP32_97C286,InferenceLayer.SENSOR,3984,2024-08-26 22:37:27.900703
ESP32_B25FE3,InferenceLayer.SENSOR,3968,2024-08-26 22:37:28.962238
ESP32_1F4D55,InferenceLayer.SENSOR,1035,2024-08-26 22:37:29.918260
ESP32_ADD36D,InferenceLayer.SENSOR,4562,2024-08-26 22:37:30.968341
ESP32_F0ACBF,InferenceLayer.SENSOR,3225,2024-08-26 22:37:31.919749
ESP32_AB192B,InferenceLayer.SENSOR,4016,2024-08-26 22:37:32.948574
ESP32_232714,InferenceLayer.SENSOR,3956,2024-08-26 22:23:03.799200
ESP32_B57936,InferenceLayer.SENSOR,3988,2024-08-26 22:23:04.813209
ESP32_8F7400,InferenceLayer.SENSOR,4112,2024-08-26 22:23:05.832878
ESP32_3330A5,InferenceLayer.SENSOR,3944,2024-08-26 22:23:06.880339
ESP32_ED5A4D,InferenceLayer.SENSOR,1198,2024-08-26 22:23:07.824034
ESP32_46B1A6,InferenceLayer.SENSOR,4002,2024-08-26 22:23:08.831236
ESP32_46978A,InferenceLayer.SENSOR,3260,2024-08-26 22:23:09.838721
ESP32_97C286,InferenceLayer.SENSOR,3253,2024-08-26 22:23:10.877212
ESP32_B25FE3,InferenceLayer.SENSOR,3345,2024-08-26 22:23:11.903273
ESP32_1F4D55,InferenceLayer.SENSOR,1063,2024-08-26 22:23:12.872640
ESP32_ADD36D,InferenceLayer.SENSOR,4103,2024-08-26 22:23:13.881187
ESP32_F0ACBF,InferenceLayer.SENSOR,1186,2024-08-26 22:23:14.917482
ESP32_AB192B,InferenceLayer.SENSOR,4548,2024-08-26 22:23:15.914209
ESP32_AABBCC,InferenceLayer.SENSOR,896,2024-08-26 22:23:28.556871
ESP32_09B38F,InferenceLayer.SENSOR,3913,2024-08-26 22:23:29.513721
ESP32_232714,InferenceLayer.SENSOR,4051,2024-08-26 22:23:30.508567
ESP32_B57936,InferenceLayer.SENSOR,3870,2024-08-26 22:23:31.522585
ESP32_8F7400,InferenceLayer.SENSOR,4107,2024-08-26 22:23:32.532235
ESP32_3330A5,InferenceLayer.SENSOR,1272,2024-08-26 22:23:33.603731
ESP32_ED5A4D,InferenceLayer.SENSOR,1146,2024-08-26 22:23:34.557212
ESP32_46B1A6,InferenceLayer.SENSOR,1186,2024-08-26 22:23:35.578942
ESP32_46978A,InferenceLayer.SENSOR,3936,2024-08-26 22:23:36.557765
ESP32_97C286,InferenceLayer.SENSOR,984,2024-08-26 22:23:37.582419
ESP32_B25FE3,InferenceLayer.SENSOR,1524,2024-08-26 22:23:38.635715
ESP32_1F4D55,InferenceLayer.SENSOR,791,2024-08-26 22:23:39.566130
ESP32_ADD36D,InferenceLayer.SENSOR,4164,2024-08-26 22:23:40.591418
ESP32_F0ACBF,InferenceLayer.SENSOR,735,2024-08-26 22:23:41.604156
ESP32_AB192B,InferenceLayer.SENSOR,3640,2024-08-26 22:23:42.632854
ESP32_AABBCC,InferenceLayer.SENSOR,2982,2024-08-26 22:23:55.223562
ESP32_09B38F,InferenceLayer.SENSOR,1716,2024-08-26 22:23:56.207392
ESP32_232714,InferenceLayer.SENSOR,3531,2024-08-26 22:23:57.235640
ESP32_B57936,InferenceLayer.SENSOR,1371,2024-08-26 22:23:58.207668
ESP32_8F7400,InferenceLayer.SENSOR,3987,2024-08-26 22:23:59.316426
ESP32_3330A5,InferenceLayer.SENSOR,1134,2024-08-26 22:24:00.236965
ESP32_ED5A4D,InferenceLayer.SENSOR,1169,2024-08-26 22:24:01.247465
ESP32_46B1A6,InferenceLayer.SENSOR,864,2024-08-26 22:24:02.279731
ESP32_46978A,InferenceLayer.SENSOR,3888,2024-08-26 22:24:03.241902
ESP32_97C286,InferenceLayer.SENSOR,1341,2024-08-26 22:24:04.310201
ESP32_B25FE3,InferenceLayer.SENSOR,3958,2024-08-26 22:24:05.267455
ESP32_1F4D55,InferenceLayer.SENSOR,917,2024-08-26 22:24:06.271118
ESP32_ADD36D,InferenceLayer.SENSOR,3798,2024-08-26 22:24:07.289087
ESP32_F0ACBF,InferenceLayer.SENSOR,4110,2024-08-26 22:24:08.325855
ESP32_AB192B,InferenceLayer.SENSOR,4097,2024-08-26 22:24:09.373604
ESP32_AABBCC,InferenceLayer.SENSOR,4040,2024-08-26 22:24:21.983405
ESP32_09B38F,InferenceLayer.SENSOR,862,2024-08-26 22:24:22.939225
ESP32_232714,InferenceLayer.SENSOR,2977,2024-08-26 22:24:23.906799
ESP32_B57936,InferenceLayer.SENSOR,1235,2024-08-26 22:24:24.938191
ESP32_8F7400,InferenceLayer.SENSOR,3355,2024-08-26 22:24:25.955811
ESP32_3330A5,InferenceLayer.SENSOR,3947,2024-08-26 22:24:27.321159
ESP32_ED5A4D,InferenceLayer.SENSOR,810,2024-08-26 22:24:27.975764
ESP32_46B1A6,InferenceLayer.SENSOR,4100,2024-08-26 22:24:28.980384
ESP32_46978A,InferenceLayer.SENSOR,3316,2024-08-26 22:24:30.045857
ESP32_97C286,InferenceLayer.SENSOR,3646,2024-08-26 22:24:30.997457
ESP32_B25FE3,InferenceLayer.SENSOR,3929,2024-08-26 22:24:32.075733
ESP32_1F4D55,InferenceLayer.SENSOR,936,2024-08-26 22:24:33.063358
ESP32_ADD36D,InferenceLayer.SENSOR,3997,2024-08-26 22:24:34.052056
ESP32_F0ACBF,InferenceLayer.SENSOR,3984,2024-08-26 22:24:35.086675
ESP32_AB192B,InferenceLayer.SENSOR,4153,2024-08-26 22:24:36.078944
ESP32_AABBCC,InferenceLayer.SENSOR,2300,2024-08-26 22:24:48.738137
ESP32_09B38F,InferenceLayer.SENSOR,1550,2024-08-26 22:24:49.749509
ESP32_232714,InferenceLayer.SENSOR,3542,2024-08-26 22:24:50.697525
ESP32_B57936,InferenceLayer.SENSOR,3544,2024-08-26 22:24:51.761092
ESP32_8F7400,InferenceLayer.SENSOR,3095,2024-08-26 22:24:52.734562
ESP32_3330A5,InferenceLayer.SENSOR,3921,2024-08-26 22:24:53.811664
ESP32_ED5A4D,InferenceLayer.SENSOR,847,2024-08-26 22:24:54.768949
ESP32_46B1A6,InferenceLayer.SENSOR,4058,2024-08-26 22:24:55.770738
ESP32_46978A,InferenceLayer.SENSOR,4054,2024-08-26 22:24:56.807828
ESP32_97C286,InferenceLayer.SENSOR,3886,2024-08-26 22:24:57.794100
ESP32_B25FE3,InferenceLayer.SENSOR,3867,2024-08-26 22:24:58.889176
ESP32_1F4D55,InferenceLayer.SENSOR,933,2024-08-26 22:24:59.840721
ESP32_ADD36D,InferenceLayer.SENSOR,4009,2024-08-26 22:25:00.857746
ESP32_F0ACBF,InferenceLayer.SENSOR,3893,2024-08-26 22:25:01.860783
ESP32_AB192B,InferenceLayer.SENSOR,4205,2024-08-26 22:25:02.876888
ESP32_AABBCC,InferenceLayer.SENSOR,3988,2024-08-26 22:25:15.555526
ESP32_09B38F,InferenceLayer.SENSOR,1705,2024-08-26 22:25:16.483388
ESP32_232714,InferenceLayer.SENSOR,3219,2024-08-26 22:25:17.546263
ESP32_B57936,InferenceLayer.SENSOR,1549,2024-08-26 22:25:18.527101
ESP32_8F7400,InferenceLayer.SENSOR,3927,2024-08-26 22:25:19.532428
ESP32_3330A5,InferenceLayer.SENSOR,1591,2024-08-26 22:25:20.582212
ESP32_ED5A4D,InferenceLayer.SENSOR,789,2024-08-26 22:25:21.562017
ESP32_46B1A6,InferenceLayer.SENSOR,3778,2024-08-26 22:25:22.557496
ESP32_46978A,InferenceLayer.SENSOR,791,2024-08-26 22:25:23.587486
ESP32_97C286,InferenceLayer.SENSOR,1554,2024-08-26 22:25:24.602326
ESP32_B25FE3,InferenceLayer.SENSOR,4439,2024-08-26 22:25:25.650612
ESP32_1F4D55,InferenceLayer.SENSOR,1108,2024-08-26 22:25:26.622043
ESP32_ADD36D,InferenceLayer.SENSOR,4192,2024-08-26 22:25:27.624826
ESP32_F0ACBF,InferenceLayer.SENSOR,1038,2024-08-26 22:25:28.632569
ESP32_AB192B,InferenceLayer.SENSOR,4005,2024-08-26 22:25:29.671867
ESP32_AABBCC,InferenceLayer.SENSOR,3870,2024-08-26 22:25:42.358101
ESP32_09B38F,InferenceLayer.SENSOR,1368,2024-08-26 22:25:43.271119
ESP32_232714,InferenceLayer.SENSOR,3881,2024-08-26 22:25:44.273325
ESP32_B57936,InferenceLayer.SENSOR,3952,2024-08-26 22:25:45.300396
ESP32_8F7400,InferenceLayer.SENSOR,3943,2024-08-26 22:25:46.349412
ESP32_3330A5,InferenceLayer.SENSOR,4140,2024-08-26 22:25:47.369991
ESP32_ED5A4D,InferenceLayer.SENSOR,915,2024-08-26 22:25:48.377843
ESP32_46B1A6,InferenceLayer.SENSOR,4317,2024-08-26 22:25:49.359030
ESP32_46978A,InferenceLayer.SENSOR,3899,2024-08-26 22:25:50.352374
ESP32_97C286,InferenceLayer.SENSOR,3964,2024-08-26 22:25:51.377463
ESP32_B25FE3,InferenceLayer.SENSOR,3944,2024-08-26 22:25:52.462301
ESP32_1F4D55,InferenceLayer.SENSOR,1093,2024-08-26 22:25:53.434527
ESP32_ADD36D,InferenceLayer.SENSOR,2977,2024-08-26 22:25:54.433501
ESP32_F0ACBF,InferenceLayer.SENSOR,3416,2024-08-26 22:25:55.417109
ESP32_AB192B,InferenceLayer.SENSOR,3561,2024-08-26 22:25:56.421664
ESP32_AABBCC,InferenceLayer.SENSOR,4132,2024-08-26 22:26:09.109399
ESP32_09B38F,InferenceLayer.SENSOR,3451,2024-08-26 22:26:10.037636
ESP32_232714,InferenceLayer.SENSOR,3485,2024-08-26 22:26:11.045021
ESP32_B57936,InferenceLayer.SENSOR,3963,2024-08-26 22:26:12.093516
ESP32_8F7400,InferenceLayer.SENSOR,3870,2024-08-26 22:26:13.074941
ESP32_3330A5,InferenceLayer.SENSOR,3954,2024-08-26 22:26:14.172660
ESP32_ED5A4D,InferenceLayer.SENSOR,879,2024-08-26 22:26:15.128340
ESP32_46B1A6,InferenceLayer.SENSOR,3929,2024-08-26 22:26:16.122908
ESP32_46978A,InferenceLayer.SENSOR,4008,2024-08-26 22:26:17.150005
ESP32_97C286,InferenceLayer.SENSOR,3757,2024-08-26 22:26:18.139810
ESP32_B25FE3,InferenceLayer.SENSOR,4116,2024-08-26 22:26:19.222843
ESP32_1F4D55,InferenceLayer.SENSOR,1044,2024-08-26 22:26:20.172453
ESP32_ADD36D,InferenceLayer.SENSOR,3956,2024-08-26 22:26:21.212431
ESP32_F0ACBF,InferenceLayer.SENSOR,3838,2024-08-26 22:26:22.236467
ESP32_AB192B,InferenceLayer.SENSOR,3866,2024-08-26 22:26:23.215817
ESP32_AABBCC,InferenceLayer.SENSOR,3916,2024-08-26 22:26:35.893275
ESP32_09B38F,InferenceLayer.SENSOR,2409,2024-08-26 22:26:36.863263
ESP32_232714,InferenceLayer.SENSOR,4244,2024-08-26 22:26:37.849590
ESP32_B57936,InferenceLayer.SENSOR,3931,2024-08-26 22:26:38.880342
ESP32_8F7400,InferenceLayer.SENSOR,3993,2024-08-26 22:26:39.880460
ESP32_3330A5,InferenceLayer.SENSOR,4034,2024-08-26 22:26:40.952089
ESP32_ED5A4D,InferenceLayer.SENSOR,1011,2024-08-26 22:26:41.948167
ESP32_46B1A6,InferenceLayer.SENSOR,4109,2024-08-26 22:26:42.932625
ESP32_46978A,InferenceLayer.SENSOR,3870,2024-08-26 22:26:43.929512
ESP32_97C286,InferenceLayer.SENSOR,3880,2024-08-26 22:26:44.978313
ESP32_B25FE3,InferenceLayer.SENSOR,3031,2024-08-26 22:26:46.056700
ESP32_1F4D55,InferenceLayer.SENSOR,1081,2024-08-26 22:26:46.985492
ESP32_ADD36D,InferenceLayer.SENSOR,4157,2024-08-26 22:26:47.993925
ESP32_F0ACBF,InferenceLayer.SENSOR,3910,2024-08-26 22:26:48.993705
ESP32_AB192B,InferenceLayer.SENSOR,3949,2024-08-26 22:26:50.040089
ESP32_AABBCC,InferenceLayer.SENSOR,2844,2024-08-26 22:27:02.685421
ESP32_AABBCC,InferenceLayer.SENSOR,3047,2024-08-26 22:37:45.574571
ESP32_09B38F,InferenceLayer.SENSOR,2104,2024-08-26 22:37:46.561575
ESP32_232714,InferenceLayer.SENSOR,3862,2024-08-26 22:37:47.592991
ESP32_B57936,InferenceLayer.SENSOR,3070,2024-08-26 22:37:48.555817
ESP32_8F7400,InferenceLayer.SENSOR,3926,2024-08-26 22:37:49.574207
ESP32_3330A5,InferenceLayer.SENSOR,3956,2024-08-26 22:37:50.679344
ESP32_ED5A4D,InferenceLayer.SENSOR,821,2024-08-26 22:37:51.605875
ESP32_46B1A6,InferenceLayer.SENSOR,3991,2024-08-26 22:37:52.626705
ESP32_46978A,InferenceLayer.SENSOR,4024,2024-08-26 22:37:53.616564
ESP32_97C286,InferenceLayer.SENSOR,3882,2024-08-26 22:37:54.657157
ESP32_B25FE3,InferenceLayer.SENSOR,3961,2024-08-26 22:37:55.703501
ESP32_1F4D55,InferenceLayer.SENSOR,973,2024-08-26 22:37:56.681818
ESP32_ADD36D,InferenceLayer.SENSOR,3509,2024-08-26 22:37:57.647059
ESP32_F0ACBF,InferenceLayer.SENSOR,4116,2024-08-26 22:37:58.694733
ESP32_AB192B,InferenceLayer.SENSOR,2353,2024-08-26 22:37:59.678841
ESP32_AABBCC,InferenceLayer.SENSOR,3775,2024-08-26 22:38:12.331594
ESP32_09B38F,InferenceLayer.SENSOR,1963,2024-08-26 22:38:13.304044
ESP32_232714,InferenceLayer.SENSOR,1053,2024-08-26 22:38:14.283600
ESP32_B57936,InferenceLayer.SENSOR,3285,2024-08-26 22:38:15.317352
ESP32_8F7400,InferenceLayer.SENSOR,3920,2024-08-26 22:38:16.303126
ESP32_3330A5,InferenceLayer.SENSOR,3979,2024-08-26 22:38:17.359289
ESP32_ED5A4D,InferenceLayer.SENSOR,781,2024-08-26 22:38:18.350809
ESP32_46B1A6,InferenceLayer.SENSOR,1430,2024-08-26 22:38:19.323842
ESP32_46978A,InferenceLayer.SENSOR,3342,2024-08-26 22:38:20.333075
ESP32_97C286,InferenceLayer.SENSOR,3461,2024-08-26 22:38:21.357799
ESP32_B25FE3,InferenceLayer.SENSOR,2957,2024-08-26 22:38:22.419495
ESP32_1F4D55,InferenceLayer.SENSOR,842,2024-08-26 22:38:23.352463
ESP32_ADD36D,InferenceLayer.SENSOR,1723,2024-08-26 22:38:24.367952
ESP32_09B38F,InferenceLayer.SENSOR,1687,2024-08-26 22:27:03.634474
ESP32_232714,InferenceLayer.SENSOR,3928,2024-08-26 22:27:04.659933
ESP32_B57936,InferenceLayer.SENSOR,3673,2024-08-26 22:27:05.661925
ESP32_8F7400,InferenceLayer.SENSOR,2680,2024-08-26 22:27:06.681070
ESP32_3330A5,InferenceLayer.SENSOR,3791,2024-08-26 22:27:07.737190
ESP32_ED5A4D,InferenceLayer.SENSOR,824,2024-08-26 22:27:08.712759
ESP32_46B1A6,InferenceLayer.SENSOR,3935,2024-08-26 22:27:09.696100
ESP32_46978A,InferenceLayer.SENSOR,3714,2024-08-26 22:27:10.715757
ESP32_97C286,InferenceLayer.SENSOR,2583,2024-08-26 22:27:11.726906
ESP32_B25FE3,InferenceLayer.SENSOR,3317,2024-08-26 22:27:12.821712
ESP32_1F4D55,InferenceLayer.SENSOR,954,2024-08-26 22:27:13.740246
ESP32_ADD36D,InferenceLayer.SENSOR,3975,2024-08-26 22:27:14.782837
ESP32_F0ACBF,InferenceLayer.SENSOR,3460,2024-08-26 22:27:15.764909
ESP32_AB192B,InferenceLayer.SENSOR,2312,2024-08-26 22:27:16.802796
ESP32_AABBCC,InferenceLayer.SENSOR,3994,2024-08-26 22:27:29.447745
ESP32_09B38F,InferenceLayer.SENSOR,1488,2024-08-26 22:27:30.438786
ESP32_232714,InferenceLayer.SENSOR,4423,2024-08-26 22:27:31.404895
ESP32_B57936,InferenceLayer.SENSOR,3609,2024-08-26 22:27:32.458498
ESP32_8F7400,InferenceLayer.SENSOR,3901,2024-08-26 22:27:33.467925
ESP32_3330A5,InferenceLayer.SENSOR,3811,2024-08-26 22:27:34.535714
ESP32_ED5A4D,InferenceLayer.SENSOR,941,2024-08-26 22:27:35.476449
ESP32_46B1A6,InferenceLayer.SENSOR,3455,2024-08-26 22:27:36.495619
ESP32_46978A,InferenceLayer.SENSOR,3983,2024-08-26 22:27:37.495246
ESP32_97C286,InferenceLayer.SENSOR,4016,2024-08-26 22:27:38.558521
ESP32_B25FE3,InferenceLayer.SENSOR,3994,2024-08-26 22:27:39.611726
ESP32_1F4D55,InferenceLayer.SENSOR,1219,2024-08-26 22:27:40.545141
ESP32_ADD36D,InferenceLayer.SENSOR,3897,2024-08-26 22:27:41.554959
ESP32_F0ACBF,InferenceLayer.SENSOR,3954,2024-08-26 22:27:42.584592
ESP32_AB192B,InferenceLayer.SENSOR,2055,2024-08-26 22:27:43.611678
ESP32_AABBCC,InferenceLayer.SENSOR,3893,2024-08-26 22:27:56.225560
ESP32_09B38F,InferenceLayer.SENSOR,2933,2024-08-26 22:27:57.270354
ESP32_232714,InferenceLayer.SENSOR,4514,2024-08-26 22:27:58.276281
ESP32_B57936,InferenceLayer.SENSOR,3948,2024-08-26 22:27:59.257045
ESP32_8F7400,InferenceLayer.SENSOR,3760,2024-08-26 22:28:00.254898
ESP32_3330A5,InferenceLayer.SENSOR,3903,2024-08-26 22:28:01.257909
ESP32_ED5A4D,InferenceLayer.SENSOR,927,2024-08-26 22:28:02.323686
ESP32_46B1A6,InferenceLayer.SENSOR,3981,2024-08-26 22:28:03.317318
ESP32_46978A,InferenceLayer.SENSOR,3956,2024-08-26 22:28:04.315815
ESP32_97C286,InferenceLayer.SENSOR,2580,2024-08-26 22:28:05.319454
ESP32_B25FE3,InferenceLayer.SENSOR,3943,2024-08-26 22:28:06.357592
ESP32_1F4D55,InferenceLayer.SENSOR,1200,2024-08-26 22:28:07.394316
ESP32_ADD36D,InferenceLayer.SENSOR,1710,2024-08-26 22:28:08.354655
ESP32_F0ACBF,InferenceLayer.SENSOR,4117,2024-08-26 22:28:09.382398
ESP32_AB192B,InferenceLayer.SENSOR,1102,2024-08-26 22:28:10.378220
ESP32_AABBCC,InferenceLayer.SENSOR,4048,2024-08-26 22:28:23.042542
ESP32_09B38F,InferenceLayer.SENSOR,1974,2024-08-26 22:28:24.005062
ESP32_232714,InferenceLayer.SENSOR,2853,2024-08-26 22:28:25.025381
ESP32_B57936,InferenceLayer.SENSOR,3862,2024-08-26 22:28:26.080059
ESP32_8F7400,InferenceLayer.SENSOR,3934,2024-08-26 22:28:27.082498
ESP32_3330A5,InferenceLayer.SENSOR,3893,2024-08-26 22:28:28.105942
ESP32_ED5A4D,InferenceLayer.SENSOR,861,2024-08-26 22:28:29.082736
ESP32_46B1A6,InferenceLayer.SENSOR,3681,2024-08-26 22:28:30.115516
ESP32_46978A,InferenceLayer.SENSOR,1676,2024-08-26 22:28:31.108693
ESP32_97C286,InferenceLayer.SENSOR,4161,2024-08-26 22:28:32.131444
ESP32_B25FE3,InferenceLayer.SENSOR,1342,2024-08-26 22:28:33.192677
ESP32_1F4D55,InferenceLayer.SENSOR,1057,2024-08-26 22:28:34.170494
ESP32_ADD36D,InferenceLayer.SENSOR,916,2024-08-26 22:28:35.158602
ESP32_F0ACBF,InferenceLayer.SENSOR,3918,2024-08-26 22:28:36.148623
ESP32_AB192B,InferenceLayer.SENSOR,906,2024-08-26 22:28:37.156406
ESP32_AABBCC,InferenceLayer.SENSOR,4166,2024-08-26 22:28:49.803009
ESP32_09B38F,InferenceLayer.SENSOR,1545,2024-08-26 22:28:50.769936
ESP32_232714,InferenceLayer.SENSOR,3512,2024-08-26 22:28:51.801686
ESP32_B57936,InferenceLayer.SENSOR,3916,2024-08-26 22:28:52.827552
ESP32_8F7400,InferenceLayer.SENSOR,1027,2024-08-26 22:28:53.827741
ESP32_3330A5,InferenceLayer.SENSOR,4040,2024-08-26 22:28:54.878521
ESP32_ED5A4D,InferenceLayer.SENSOR,924,2024-08-26 22:28:55.830567
ESP32_46B1A6,InferenceLayer.SENSOR,3993,2024-08-26 22:28:56.863522
ESP32_46978A,InferenceLayer.SENSOR,1070,2024-08-26 22:28:57.872664
ESP32_97C286,InferenceLayer.SENSOR,882,2024-08-26 22:28:59.129705
ESP32_B25FE3,InferenceLayer.SENSOR,738,2024-08-26 22:28:59.973402
ESP32_1F4D55,InferenceLayer.SENSOR,858,2024-08-26 22:29:00.887409
ESP32_ADD36D,InferenceLayer.SENSOR,1435,2024-08-26 22:29:01.910113
ESP32_F0ACBF,InferenceLayer.SENSOR,2904,2024-08-26 22:29:02.959475
ESP32_AB192B,InferenceLayer.SENSOR,1236,2024-08-26 22:29:03.921954
ESP32_AABBCC,InferenceLayer.SENSOR,1355,2024-08-26 22:29:16.626337
ESP32_09B38F,InferenceLayer.SENSOR,1659,2024-08-26 22:29:17.569019
ESP32_232714,InferenceLayer.SENSOR,1056,2024-08-26 22:29:18.551559
ESP32_B57936,InferenceLayer.SENSOR,4000,2024-08-26 22:29:19.607380
ESP32_8F7400,InferenceLayer.SENSOR,859,2024-08-26 22:29:20.581136
ESP32_3330A5,InferenceLayer.SENSOR,3907,2024-08-26 22:29:21.633854
ESP32_ED5A4D,InferenceLayer.SENSOR,750,2024-08-26 22:29:22.656571
ESP32_46B1A6,InferenceLayer.SENSOR,3394,2024-08-26 22:29:23.619408
ESP32_46978A,InferenceLayer.SENSOR,2156,2024-08-26 22:29:24.612294
ESP32_97C286,InferenceLayer.SENSOR,4050,2024-08-26 22:29:25.631441
ESP32_B25FE3,InferenceLayer.SENSOR,3992,2024-08-26 22:29:26.690384
ESP32_1F4D55,InferenceLayer.SENSOR,990,2024-08-26 22:29:27.660490
ESP32_ADD36D,InferenceLayer.SENSOR,4045,2024-08-26 22:29:28.706639
ESP32_F0ACBF,InferenceLayer.SENSOR,2777,2024-08-26 22:29:29.697118
ESP32_AB192B,InferenceLayer.SENSOR,2361,2024-08-26 22:29:32.139739
ESP32_AABBCC,InferenceLayer.SENSOR,3888,2024-08-26 22:29:44.752864
ESP32_09B38F,InferenceLayer.SENSOR,1781,2024-08-26 22:29:45.681820
ESP32_232714,InferenceLayer.SENSOR,4382,2024-08-26 22:29:46.671277
ESP32_B57936,InferenceLayer.SENSOR,3299,2024-08-26 22:29:47.691965
ESP32_8F7400,InferenceLayer.SENSOR,2831,2024-08-26 22:29:48.694212
ESP32_3330A5,InferenceLayer.SENSOR,2685,2024-08-26 22:29:49.751594
ESP32_ED5A4D,InferenceLayer.SENSOR,842,2024-08-26 22:29:50.733899
ESP32_46B1A6,InferenceLayer.SENSOR,3431,2024-08-26 22:29:51.775700
ESP32_46978A,InferenceLayer.SENSOR,2794,2024-08-26 22:29:52.775225
ESP32_97C286,InferenceLayer.SENSOR,3841,2024-08-26 22:29:53.774225
ESP32_B25FE3,InferenceLayer.SENSOR,3884,2024-08-26 22:29:54.794449
ESP32_1F4D55,InferenceLayer.SENSOR,983,2024-08-26 22:29:55.807410
ESP32_ADD36D,InferenceLayer.SENSOR,3315,2024-08-26 22:29:56.785384
ESP32_F0ACBF,InferenceLayer.SENSOR,3803,2024-08-26 22:29:57.772789
ESP32_AB192B,InferenceLayer.SENSOR,3887,2024-08-26 22:29:58.774294
ESP32_AABBCC,InferenceLayer.SENSOR,3878,2024-08-26 22:30:11.490426
ESP32_09B38F,InferenceLayer.SENSOR,1963,2024-08-26 22:30:12.391544
ESP32_232714,InferenceLayer.SENSOR,4104,2024-08-26 22:30:13.390515
ESP32_B57936,InferenceLayer.SENSOR,4351,2024-08-26 22:30:14.426197
ESP32_8F7400,InferenceLayer.SENSOR,4126,2024-08-26 22:30:15.420097
ESP32_3330A5,InferenceLayer.SENSOR,4037,2024-08-26 22:30:16.507455
ESP32_ED5A4D,InferenceLayer.SENSOR,813,2024-08-26 22:30:17.485669
ESP32_46B1A6,InferenceLayer.SENSOR,3978,2024-08-26 22:30:18.443005
ESP32_46978A,InferenceLayer.SENSOR,3936,2024-08-26 22:30:19.475641
ESP32_97C286,InferenceLayer.SENSOR,3861,2024-08-26 22:30:20.463349
ESP32_B25FE3,InferenceLayer.SENSOR,3845,2024-08-26 22:30:21.546550
ESP32_1F4D55,InferenceLayer.SENSOR,976,2024-08-26 22:30:22.464581
ESP32_ADD36D,InferenceLayer.SENSOR,3985,2024-08-26 22:30:23.517961
ESP32_F0ACBF,InferenceLayer.SENSOR,3605,2024-08-26 22:30:24.502511
ESP32_AB192B,InferenceLayer.SENSOR,3947,2024-08-26 22:30:25.498244
ESP32_AABBCC,InferenceLayer.SENSOR,3815,2024-08-26 22:30:38.102955
ESP32_09B38F,InferenceLayer.SENSOR,2917,2024-08-26 22:30:39.149882
ESP32_232714,InferenceLayer.SENSOR,3929,2024-08-26 22:30:40.107721
ESP32_B57936,InferenceLayer.SENSOR,3888,2024-08-26 22:30:41.171476
ESP32_8F7400,InferenceLayer.SENSOR,3971,2024-08-26 22:30:42.226849
ESP32_3330A5,InferenceLayer.SENSOR,3866,2024-08-26 22:30:43.153542
ESP32_ED5A4D,InferenceLayer.SENSOR,938,2024-08-26 22:30:44.145970
ESP32_46B1A6,InferenceLayer.SENSOR,4020,2024-08-26 22:30:45.157738
ESP32_46978A,InferenceLayer.SENSOR,3886,2024-08-26 22:30:46.194117
ESP32_97C286,InferenceLayer.SENSOR,4328,2024-08-26 22:30:47.254207
ESP32_46978A,InferenceLayer.SENSOR,3976,2024-08-26 21:59:35.199829
ESP32_97C286,InferenceLayer.SENSOR,1247,2024-08-26 21:59:36.218484
ESP32_B25FE3,InferenceLayer.SENSOR,4093,2024-08-26 21:59:37.256007
ESP32_1F4D55,InferenceLayer.SENSOR,1002,2024-08-26 21:59:38.240420
ESP32_ADD36D,InferenceLayer.SENSOR,3515,2024-08-26 21:59:39.241224
ESP32_F0ACBF,InferenceLayer.SENSOR,852,2024-08-26 21:59:40.231325
ESP32_AB192B,InferenceLayer.SENSOR,4010,2024-08-26 21:59:41.244787
ESP32_AABBCC,InferenceLayer.SENSOR,3098,2024-08-26 21:59:54.012548
ESP32_09B38F,InferenceLayer.SENSOR,1524,2024-08-26 21:59:55.007472
ESP32_232714,InferenceLayer.SENSOR,3944,2024-08-26 21:59:56.060135
ESP32_B57936,InferenceLayer.SENSOR,3390,2024-08-26 21:59:57.025784
ESP32_8F7400,InferenceLayer.SENSOR,3905,2024-08-26 21:59:58.092861
ESP32_3330A5,InferenceLayer.SENSOR,3929,2024-08-26 21:59:59.127584
ESP32_ED5A4D,InferenceLayer.SENSOR,1212,2024-08-26 22:00:00.050676
ESP32_46B1A6,InferenceLayer.SENSOR,4032,2024-08-26 22:00:01.085506
ESP32_46978A,InferenceLayer.SENSOR,4016,2024-08-26 22:00:02.184905
ESP32_B25FE3,InferenceLayer.SENSOR,3103,2024-08-26 22:30:48.187712
ESP32_1F4D55,InferenceLayer.SENSOR,1013,2024-08-26 22:30:49.181032
ESP32_ADD36D,InferenceLayer.SENSOR,3943,2024-08-26 22:30:50.234104
ESP32_F0ACBF,InferenceLayer.SENSOR,4064,2024-08-26 22:30:51.240072
ESP32_AB192B,InferenceLayer.SENSOR,3858,2024-08-26 22:30:52.285859
ESP32_F0ACBF,InferenceLayer.SENSOR,4001,2024-08-26 22:38:25.363188
ESP32_AB192B,InferenceLayer.SENSOR,3868,2024-08-26 22:38:26.407415
ESP32_AABBCC,InferenceLayer.SENSOR,1693,2024-08-26 22:38:39.041186
ESP32_09B38F,InferenceLayer.SENSOR,1048,2024-08-26 22:38:39.968723
ESP32_232714,InferenceLayer.SENSOR,4157,2024-08-26 22:38:41.013342
ESP32_B57936,InferenceLayer.SENSOR,3933,2024-08-26 22:38:42.002538
ESP32_8F7400,InferenceLayer.SENSOR,2603,2024-08-26 22:38:43.037519
ESP32_3330A5,InferenceLayer.SENSOR,3874,2024-08-26 22:38:44.074222
ESP32_ED5A4D,InferenceLayer.SENSOR,1002,2024-08-26 22:38:45.032148
ESP32_46B1A6,InferenceLayer.SENSOR,4056,2024-08-26 22:38:46.027109
ESP32_46978A,InferenceLayer.SENSOR,3864,2024-08-26 22:38:47.042758
ESP32_97C286,InferenceLayer.SENSOR,3945,2024-08-26 22:38:48.055696
ESP32_46978A,InferenceLayer.SENSOR,3328,2024-08-26 22:40:33.919865
ESP32_97C286,InferenceLayer.SENSOR,3858,2024-08-26 22:40:34.926220
ESP32_B25FE3,InferenceLayer.SENSOR,4097,2024-08-26 22:40:35.980960
ESP32_1F4D55,InferenceLayer.SENSOR,860,2024-08-26 22:40:36.923675
ESP32_ADD36D,InferenceLayer.SENSOR,3601,2024-08-26 22:40:37.927566
ESP32_F0ACBF,InferenceLayer.SENSOR,3992,2024-08-26 22:40:38.948198
ESP32_AB192B,InferenceLayer.SENSOR,3966,2024-08-26 22:40:39.953842
ESP32_AABBCC,InferenceLayer.SENSOR,1192,2024-08-26 22:40:52.621773
ESP32_09B38F,InferenceLayer.SENSOR,2750,2024-08-26 22:40:53.545789
ESP32_232714,InferenceLayer.SENSOR,4075,2024-08-26 22:40:54.594104
ESP32_B57936,InferenceLayer.SENSOR,3960,2024-08-26 22:40:55.578715
ESP32_8F7400,InferenceLayer.SENSOR,3700,2024-08-26 22:40:56.590142
ESP32_3330A5,InferenceLayer.SENSOR,4172,2024-08-26 22:40:57.640207
ESP32_ED5A4D,InferenceLayer.SENSOR,836,2024-08-26 22:40:58.699342
ESP32_46B1A6,InferenceLayer.SENSOR,4162,2024-08-26 22:40:59.629321
ESP32_46978A,InferenceLayer.SENSOR,3875,2024-08-26 22:41:00.642483
ESP32_97C286,InferenceLayer.SENSOR,3952,2024-08-26 22:41:01.625755
ESP32_B25FE3,InferenceLayer.SENSOR,2871,2024-08-26 22:41:02.702819
ESP32_1F4D55,InferenceLayer.SENSOR,969,2024-08-26 22:41:03.627686
ESP32_ADD36D,InferenceLayer.SENSOR,4170,2024-08-26 22:41:04.654531
ESP32_F0ACBF,InferenceLayer.SENSOR,3917,2024-08-26 22:41:05.648004
ESP32_AB192B,InferenceLayer.SENSOR,1992,2024-08-26 22:41:06.705937
ESP32_AABBCC,InferenceLayer.SENSOR,3664,2024-08-26 22:41:19.338959
ESP32_09B38F,InferenceLayer.SENSOR,2623,2024-08-26 22:41:20.298254
ESP32_232714,InferenceLayer.SENSOR,3519,2024-08-26 22:41:21.288873
ESP32_B57936,InferenceLayer.SENSOR,3894,2024-08-26 22:41:22.321794
ESP32_8F7400,InferenceLayer.SENSOR,1985,2024-08-26 22:41:23.299636
ESP32_3330A5,InferenceLayer.SENSOR,1400,2024-08-26 22:41:24.390020
ESP32_ED5A4D,InferenceLayer.SENSOR,864,2024-08-26 22:41:25.318344
ESP32_46B1A6,InferenceLayer.SENSOR,3118,2024-08-26 22:41:26.358824
ESP32_46978A,InferenceLayer.SENSOR,3926,2024-08-26 22:41:27.360979
ESP32_97C286,InferenceLayer.SENSOR,3876,2024-08-26 22:41:28.369433
ESP32_B25FE3,InferenceLayer.SENSOR,882,2024-08-26 22:41:29.454628
ESP32_1F4D55,InferenceLayer.SENSOR,973,2024-08-26 22:41:30.350208
ESP32_ADD36D,InferenceLayer.SENSOR,3618,2024-08-26 22:41:31.372666
ESP32_F0ACBF,InferenceLayer.SENSOR,4083,2024-08-26 22:41:32.399754
ESP32_AB192B,InferenceLayer.SENSOR,3278,2024-08-26 22:41:33.386861
ESP32_AABBCC,InferenceLayer.SENSOR,3894,2024-08-26 22:41:46.065817
ESP32_09B38F,InferenceLayer.SENSOR,1687,2024-08-26 22:41:47.014006
ESP32_232714,InferenceLayer.SENSOR,3933,2024-08-26 22:41:47.996891
ESP32_B57936,InferenceLayer.SENSOR,4206,2024-08-26 22:41:49.000715
ESP32_8F7400,InferenceLayer.SENSOR,4277,2024-08-26 22:41:50.019415
ESP32_3330A5,InferenceLayer.SENSOR,4004,2024-08-26 22:41:51.111961
ESP32_ED5A4D,InferenceLayer.SENSOR,790,2024-08-26 22:41:52.068295
ESP32_46B1A6,InferenceLayer.SENSOR,4627,2024-08-26 22:41:53.044292
ESP32_46978A,InferenceLayer.SENSOR,3948,2024-08-26 22:41:54.083925
ESP32_97C286,InferenceLayer.SENSOR,3059,2024-08-26 22:41:55.057368
ESP32_B25FE3,InferenceLayer.SENSOR,3913,2024-08-26 22:41:56.149573
ESP32_1F4D55,InferenceLayer.SENSOR,974,2024-08-26 22:41:57.082973
ESP32_ADD36D,InferenceLayer.SENSOR,4092,2024-08-26 22:41:58.083844
ESP32_F0ACBF,InferenceLayer.SENSOR,2874,2024-08-26 22:41:59.280899
ESP32_AB192B,InferenceLayer.SENSOR,3925,2024-08-26 22:42:00.113290
ESP32_AABBCC,InferenceLayer.SENSOR,4048,2024-08-26 22:42:12.781009
ESP32_09B38F,InferenceLayer.SENSOR,1804,2024-08-26 22:42:13.736029
ESP32_232714,InferenceLayer.SENSOR,4129,2024-08-26 22:42:14.714735
ESP32_B57936,InferenceLayer.SENSOR,4071,2024-08-26 22:42:15.738192
ESP32_8F7400,InferenceLayer.SENSOR,3953,2024-08-26 22:42:16.751221
ESP32_3330A5,InferenceLayer.SENSOR,4005,2024-08-26 22:42:17.808877
ESP32_ED5A4D,InferenceLayer.SENSOR,826,2024-08-26 22:42:18.753703
ESP32_46B1A6,InferenceLayer.SENSOR,3183,2024-08-26 22:42:19.769016
ESP32_46978A,InferenceLayer.SENSOR,3893,2024-08-26 22:42:20.792949
ESP32_97C286,InferenceLayer.SENSOR,3227,2024-08-26 22:42:21.835492
ESP32_B25FE3,InferenceLayer.SENSOR,3744,2024-08-26 22:42:22.848018
ESP32_1F4D55,InferenceLayer.SENSOR,820,2024-08-26 22:42:23.795994
ESP32_ADD36D,InferenceLayer.SENSOR,3860,2024-08-26 22:42:24.828387
ESP32_F0ACBF,InferenceLayer.SENSOR,4453,2024-08-26 22:42:25.826458
ESP32_AB192B,InferenceLayer.SENSOR,3774,2024-08-26 22:42:26.825922
ESP32_AABBCC,InferenceLayer.SENSOR,906,2024-08-26 22:42:39.483520
ESP32_09B38F,InferenceLayer.SENSOR,3302,2024-08-26 22:42:40.425033
ESP32_232714,InferenceLayer.SENSOR,4115,2024-08-26 22:42:41.478540
ESP32_B57936,InferenceLayer.SENSOR,2988,2024-08-26 22:42:42.471429
ESP32_8F7400,InferenceLayer.SENSOR,3460,2024-08-26 22:42:43.474099
ESP32_3330A5,InferenceLayer.SENSOR,1077,2024-08-26 22:42:44.565302
ESP32_ED5A4D,InferenceLayer.SENSOR,1220,2024-08-26 22:42:45.479557
ESP32_46B1A6,InferenceLayer.SENSOR,4184,2024-08-26 22:42:46.520783
ESP32_46978A,InferenceLayer.SENSOR,3919,2024-08-26 22:42:47.513043
ESP32_97C286,InferenceLayer.SENSOR,3954,2024-08-26 22:42:48.519625
ESP32_B25FE3,InferenceLayer.SENSOR,1339,2024-08-26 22:42:49.596840
ESP32_1F4D55,InferenceLayer.SENSOR,893,2024-08-26 22:42:50.555675
ESP32_ADD36D,InferenceLayer.SENSOR,2157,2024-08-26 22:42:51.560510
ESP32_F0ACBF,InferenceLayer.SENSOR,3490,2024-08-26 22:42:52.529436
ESP32_AB192B,InferenceLayer.SENSOR,3927,2024-08-26 22:42:53.545010
ESP32_AABBCC,InferenceLayer.SENSOR,3926,2024-08-26 22:43:06.212190
ESP32_09B38F,InferenceLayer.SENSOR,1716,2024-08-26 22:43:07.137479
ESP32_232714,InferenceLayer.SENSOR,5109,2024-08-26 22:43:08.168382
ESP32_B57936,InferenceLayer.SENSOR,3856,2024-08-26 22:43:09.232967
ESP32_8F7400,InferenceLayer.SENSOR,4003,2024-08-26 22:43:10.223417
ESP32_3330A5,InferenceLayer.SENSOR,3213,2024-08-26 22:43:11.256355
ESP32_ED5A4D,InferenceLayer.SENSOR,843,2024-08-26 22:43:12.232321
ESP32_46B1A6,InferenceLayer.SENSOR,4010,2024-08-26 22:43:13.213331
ESP32_46978A,InferenceLayer.SENSOR,4054,2024-08-26 22:43:14.246258
ESP32_97C286,InferenceLayer.SENSOR,3571,2024-08-26 22:43:15.243378
ESP32_B25FE3,InferenceLayer.SENSOR,3926,2024-08-26 22:43:16.286912
ESP32_1F4D55,InferenceLayer.SENSOR,932,2024-08-26 22:43:17.315822
ESP32_ADD36D,InferenceLayer.SENSOR,3903,2024-08-26 22:43:18.264493
ESP32_F0ACBF,InferenceLayer.SENSOR,1706,2024-08-26 22:43:19.264017
ESP32_AB192B,InferenceLayer.SENSOR,3401,2024-08-26 22:43:20.307383
ESP32_AABBCC,InferenceLayer.SENSOR,4134,2024-08-26 22:43:32.941364
ESP32_09B38F,InferenceLayer.SENSOR,2085,2024-08-26 22:43:33.896985
ESP32_232714,InferenceLayer.SENSOR,4315,2024-08-26 22:43:34.892081
ESP32_B57936,InferenceLayer.SENSOR,4096,2024-08-26 22:43:35.895131
ESP32_8F7400,InferenceLayer.SENSOR,3991,2024-08-26 22:43:36.947364
ESP32_3330A5,InferenceLayer.SENSOR,2413,2024-08-26 22:43:37.984856
ESP32_ED5A4D,InferenceLayer.SENSOR,835,2024-08-26 22:43:38.925817
ESP32_46B1A6,InferenceLayer.SENSOR,1642,2024-08-26 22:43:39.925062
ESP32_46978A,InferenceLayer.SENSOR,4026,2024-08-26 22:43:40.986107
ESP32_97C286,InferenceLayer.SENSOR,1098,2024-08-26 22:43:41.982806
ESP32_B25FE3,InferenceLayer.SENSOR,3967,2024-08-26 22:43:43.018030
ESP32_1F4D55,InferenceLayer.SENSOR,964,2024-08-26 22:43:43.961086
ESP32_ADD36D,InferenceLayer.SENSOR,2775,2024-08-26 22:43:45.002079
ESP32_F0ACBF,InferenceLayer.SENSOR,1061,2024-08-26 22:43:46.012294
ESP32_AB192B,InferenceLayer.SENSOR,3960,2024-08-26 22:43:47.017728
ESP32_AABBCC,InferenceLayer.SENSOR,1626,2024-08-26 22:43:59.668018
ESP32_09B38F,InferenceLayer.SENSOR,1285,2024-08-26 22:44:00.573914
ESP32_232714,InferenceLayer.SENSOR,1511,2024-08-26 22:44:01.615937
ESP32_B57936,InferenceLayer.SENSOR,1126,2024-08-26 22:44:02.589766
ESP32_8F7400,InferenceLayer.SENSOR,3930,2024-08-26 22:44:03.600053
ESP32_3330A5,InferenceLayer.SENSOR,978,2024-08-26 22:44:04.719275
ESP32_ED5A4D,InferenceLayer.SENSOR,1211,2024-08-26 22:44:05.617786
ESP32_46B1A6,InferenceLayer.SENSOR,1380,2024-08-26 22:44:06.622509
ESP32_46978A,InferenceLayer.SENSOR,3296,2024-08-26 22:44:07.637835
ESP32_97C286,InferenceLayer.SENSOR,4010,2024-08-26 22:44:08.671000
ESP32_B25FE3,InferenceLayer.SENSOR,4116,2024-08-26 22:44:09.700506
ESP32_1F4D55,InferenceLayer.SENSOR,951,2024-08-26 22:44:10.654409
ESP32_ADD36D,InferenceLayer.SENSOR,3782,2024-08-26 22:44:11.689087
ESP32_F0ACBF,InferenceLayer.SENSOR,3234,2024-08-26 22:44:12.744512
ESP32_AB192B,InferenceLayer.SENSOR,3900,2024-08-26 22:44:13.688184
ESP32_AABBCC,InferenceLayer.SENSOR,3875,2024-08-26 22:44:26.340231
ESP32_09B38F,InferenceLayer.SENSOR,703,2024-08-26 22:44:27.278759
ESP32_232714,InferenceLayer.SENSOR,3832,2024-08-26 22:44:28.324472
ESP32_B57936,InferenceLayer.SENSOR,1490,2024-08-26 22:44:29.297611
ESP32_8F7400,InferenceLayer.SENSOR,3842,2024-08-26 22:44:30.301788
ESP32_3330A5,InferenceLayer.SENSOR,4000,2024-08-26 22:44:31.369012
ESP32_ED5A4D,InferenceLayer.SENSOR,1013,2024-08-26 22:44:32.322697
ESP32_46B1A6,InferenceLayer.SENSOR,3939,2024-08-26 22:44:33.394677
ESP32_46978A,InferenceLayer.SENSOR,3235,2024-08-26 22:44:34.364522
ESP32_97C286,InferenceLayer.SENSOR,3896,2024-08-26 22:44:35.381511
ESP32_B25FE3,InferenceLayer.SENSOR,3889,2024-08-26 22:44:36.425659
ESP32_1F4D55,InferenceLayer.SENSOR,971,2024-08-26 22:44:37.385363
ESP32_ADD36D,InferenceLayer.SENSOR,4110,2024-08-26 22:44:38.394684
ESP32_F0ACBF,InferenceLayer.SENSOR,4041,2024-08-26 22:44:39.401812
ESP32_AB192B,InferenceLayer.SENSOR,3924,2024-08-26 22:44:40.437367
ESP32_AABBCC,InferenceLayer.SENSOR,4504,2024-08-26 22:44:53.095413
ESP32_09B38F,InferenceLayer.SENSOR,4209,2024-08-26 22:44:54.041924
ESP32_232714,InferenceLayer.SENSOR,3942,2024-08-26 22:44:55.023653
ESP32_B57936,InferenceLayer.SENSOR,3355,2024-08-26 22:44:56.051038
ESP32_8F7400,InferenceLayer.SENSOR,3892,2024-08-26 22:44:57.046615
ESP32_3330A5,InferenceLayer.SENSOR,3875,2024-08-26 22:44:58.109206
ESP32_ED5A4D,InferenceLayer.SENSOR,814,2024-08-26 22:44:59.076726
ESP32_46B1A6,InferenceLayer.SENSOR,3911,2024-08-26 22:45:00.073054
ESP32_46978A,InferenceLayer.SENSOR,3151,2024-08-26 22:45:01.169205
ESP32_97C286,InferenceLayer.SENSOR,3917,2024-08-26 22:45:02.081947
ESP32_B25FE3,InferenceLayer.SENSOR,3880,2024-08-26 22:45:03.150537
ESP32_1F4D55,InferenceLayer.SENSOR,1013,2024-08-26 22:45:04.109593
ESP32_ADD36D,InferenceLayer.SENSOR,2991,2024-08-26 22:45:05.113444
ESP32_F0ACBF,InferenceLayer.SENSOR,4307,2024-08-26 22:45:06.132855
ESP32_AB192B,InferenceLayer.SENSOR,3981,2024-08-26 22:45:07.157328
ESP32_AABBCC,InferenceLayer.SENSOR,4081,2024-08-26 22:45:19.735333
ESP32_09B38F,InferenceLayer.SENSOR,2112,2024-08-26 22:45:20.765440
ESP32_232714,InferenceLayer.SENSOR,4145,2024-08-26 22:45:21.785171
ESP32_B57936,InferenceLayer.SENSOR,3715,2024-08-26 22:45:22.750366
ESP32_8F7400,InferenceLayer.SENSOR,4093,2024-08-26 22:45:23.855230
ESP32_3330A5,InferenceLayer.SENSOR,3430,2024-08-26 22:45:24.782928
ESP32_ED5A4D,InferenceLayer.SENSOR,829,2024-08-26 22:45:25.804645
ESP32_46B1A6,InferenceLayer.SENSOR,3490,2024-08-26 22:45:26.814806
ESP32_46978A,InferenceLayer.SENSOR,4332,2024-08-26 22:45:27.831035
ESP32_97C286,InferenceLayer.SENSOR,3968,2024-08-26 22:45:28.896040
ESP32_B25FE3,InferenceLayer.SENSOR,3713,2024-08-26 22:45:29.850047
ESP32_1F4D55,InferenceLayer.SENSOR,1060,2024-08-26 22:45:30.844370
ESP32_ADD36D,InferenceLayer.SENSOR,3809,2024-08-26 22:45:31.844351
ESP32_F0ACBF,InferenceLayer.SENSOR,3997,2024-08-26 22:45:32.888757
ESP32_AB192B,InferenceLayer.SENSOR,3705,2024-08-26 22:45:33.958908
ESP32_AABBCC,InferenceLayer.SENSOR,3932,2024-08-26 22:45:46.536946
ESP32_09B38F,InferenceLayer.SENSOR,1784,2024-08-26 22:45:47.477134
ESP32_232714,InferenceLayer.SENSOR,3928,2024-08-26 22:45:48.519884
ESP32_B57936,InferenceLayer.SENSOR,1535,2024-08-26 22:45:49.476028
ESP32_8F7400,InferenceLayer.SENSOR,3902,2024-08-26 22:45:50.487329
ESP32_3330A5,InferenceLayer.SENSOR,3913,2024-08-26 22:45:51.576865
ESP32_ED5A4D,InferenceLayer.SENSOR,831,2024-08-26 22:45:52.512832
ESP32_46B1A6,InferenceLayer.SENSOR,3968,2024-08-26 22:45:53.511432
ESP32_46978A,InferenceLayer.SENSOR,799,2024-08-26 22:45:54.528494
ESP32_97C286,InferenceLayer.SENSOR,3922,2024-08-26 22:45:55.539704
ESP32_B25FE3,InferenceLayer.SENSOR,3986,2024-08-26 22:45:56.631870
ESP32_1F4D55,InferenceLayer.SENSOR,923,2024-08-26 22:45:57.543913
ESP32_ADD36D,InferenceLayer.SENSOR,3871,2024-08-26 22:45:58.566711
ESP32_F0ACBF,InferenceLayer.SENSOR,866,2024-08-26 22:45:59.584721
ESP32_AB192B,InferenceLayer.SENSOR,3976,2024-08-26 22:46:00.612372
ESP32_AABBCC,InferenceLayer.SENSOR,2689,2024-08-26 22:46:13.270772
ESP32_09B38F,InferenceLayer.SENSOR,4212,2024-08-26 22:46:14.177419
ESP32_232714,InferenceLayer.SENSOR,3960,2024-08-26 22:46:15.191236
ESP32_B57936,InferenceLayer.SENSOR,3959,2024-08-26 22:46:16.220162
ESP32_8F7400,InferenceLayer.SENSOR,3889,2024-08-26 22:46:17.209433
ESP32_3330A5,InferenceLayer.SENSOR,3881,2024-08-26 22:46:18.263548
ESP32_ED5A4D,InferenceLayer.SENSOR,891,2024-08-26 22:46:19.229171
ESP32_46B1A6,InferenceLayer.SENSOR,3933,2024-08-26 22:46:20.236939
ESP32_46978A,InferenceLayer.SENSOR,3987,2024-08-26 22:46:21.264049
ESP32_97C286,InferenceLayer.SENSOR,3993,2024-08-26 22:46:22.295491
ESP32_B25FE3,InferenceLayer.SENSOR,3131,2024-08-26 22:46:23.315377
ESP32_1F4D55,InferenceLayer.SENSOR,1008,2024-08-26 22:46:24.296012
ESP32_ADD36D,InferenceLayer.SENSOR,3973,2024-08-26 22:46:25.313304
ESP32_F0ACBF,InferenceLayer.SENSOR,3163,2024-08-26 22:46:26.282146
ESP32_AB192B,InferenceLayer.SENSOR,3690,2024-08-26 22:46:27.305808
ESP32_AABBCC,InferenceLayer.SENSOR,3831,2024-08-26 22:46:39.949418
ESP32_09B38F,InferenceLayer.SENSOR,2377,2024-08-26 22:46:40.915123
ESP32_232714,InferenceLayer.SENSOR,3142,2024-08-26 22:46:41.916094
ESP32_B57936,InferenceLayer.SENSOR,3923,2024-08-26 22:46:42.924840
ESP32_8F7400,InferenceLayer.SENSOR,4191,2024-08-26 22:46:43.920202
ESP32_3330A5,InferenceLayer.SENSOR,3896,2024-08-26 22:46:45.051732
ESP32_ED5A4D,InferenceLayer.SENSOR,754,2024-08-26 22:46:45.941257
ESP32_46B1A6,InferenceLayer.SENSOR,3941,2024-08-26 22:46:46.939257
ESP32_46978A,InferenceLayer.SENSOR,4078,2024-08-26 22:46:47.958982
ESP32_97C286,InferenceLayer.SENSOR,4202,2024-08-26 22:46:48.991380
ESP32_B25FE3,InferenceLayer.SENSOR,3404,2024-08-26 22:46:50.037771
ESP32_1F4D55,InferenceLayer.SENSOR,916,2024-08-26 22:46:50.992003
ESP32_ADD36D,InferenceLayer.SENSOR,4111,2024-08-26 22:46:52.010335
ESP32_F0ACBF,InferenceLayer.SENSOR,5342,2024-08-26 22:46:53.044338
ESP32_AB192B,InferenceLayer.SENSOR,3871,2024-08-26 22:46:54.045816
ESP32_AABBCC,InferenceLayer.SENSOR,3876,2024-08-26 22:47:06.680646
ESP32_09B38F,InferenceLayer.SENSOR,1696,2024-08-26 22:47:07.646213
ESP32_232714,InferenceLayer.SENSOR,4327,2024-08-26 22:47:08.651390
ESP32_B57936,InferenceLayer.SENSOR,1051,2024-08-26 22:47:09.650294
ESP32_8F7400,InferenceLayer.SENSOR,3942,2024-08-26 22:47:10.683410
ESP32_3330A5,InferenceLayer.SENSOR,3867,2024-08-26 22:47:11.728890
ESP32_ED5A4D,InferenceLayer.SENSOR,1170,2024-08-26 22:47:12.705311
ESP32_46B1A6,InferenceLayer.SENSOR,2027,2024-08-26 22:47:13.677168
ESP32_46978A,InferenceLayer.SENSOR,1654,2024-08-26 22:47:14.693206
ESP32_97C286,InferenceLayer.SENSOR,3394,2024-08-26 22:47:15.692000
ESP32_B25FE3,InferenceLayer.SENSOR,3461,2024-08-26 22:47:16.788238
ESP32_1F4D55,InferenceLayer.SENSOR,993,2024-08-26 22:47:17.728744
ESP32_ADD36D,InferenceLayer.SENSOR,1606,2024-08-26 22:47:18.728384
ESP32_F0ACBF,InferenceLayer.SENSOR,2011,2024-08-26 22:47:19.729412
ESP32_AB192B,InferenceLayer.SENSOR,1098,2024-08-26 22:47:20.764613
ESP32_AABBCC,InferenceLayer.SENSOR,4032,2024-08-26 22:47:33.413279
ESP32_09B38F,InferenceLayer.SENSOR,2003,2024-08-26 22:47:34.355801
ESP32_232714,InferenceLayer.SENSOR,3719,2024-08-26 22:47:35.374218
ESP32_B57936,InferenceLayer.SENSOR,3942,2024-08-26 22:47:36.367989
ESP32_8F7400,InferenceLayer.SENSOR,3384,2024-08-26 22:47:37.396042
ESP32_3330A5,InferenceLayer.SENSOR,4157,2024-08-26 22:47:38.440854
ESP32_ED5A4D,InferenceLayer.SENSOR,749,2024-08-26 22:47:39.388585
ESP32_46B1A6,InferenceLayer.SENSOR,4370,2024-08-26 22:47:40.428218
ESP32_46978A,InferenceLayer.SENSOR,1472,2024-08-26 22:47:41.434364
ESP32_97C286,InferenceLayer.SENSOR,4039,2024-08-26 22:47:42.438443
ESP32_B25FE3,InferenceLayer.SENSOR,991,2024-08-26 22:47:43.467696
ESP32_1F4D55,InferenceLayer.SENSOR,802,2024-08-26 22:47:44.430101
ESP32_ADD36D,InferenceLayer.SENSOR,771,2024-08-26 22:47:45.440071
ESP32_F0ACBF,InferenceLayer.SENSOR,4159,2024-08-26 22:47:46.467171
ESP32_AB192B,InferenceLayer.SENSOR,1466,2024-08-26 22:47:47.442546
ESP32_AABBCC,InferenceLayer.SENSOR,3167,2024-08-26 22:48:00.118470
ESP32_09B38F,InferenceLayer.SENSOR,2036,2024-08-26 22:48:01.063214
ESP32_232714,InferenceLayer.SENSOR,1502,2024-08-26 22:48:02.080040
ESP32_B57936,InferenceLayer.SENSOR,4054,2024-08-26 22:48:03.056530
ESP32_8F7400,InferenceLayer.SENSOR,1140,2024-08-26 22:48:04.071454
ESP32_3330A5,InferenceLayer.SENSOR,4133,2024-08-26 22:48:05.135471
ESP32_ED5A4D,InferenceLayer.SENSOR,830,2024-08-26 22:48:06.090299
ESP32_46B1A6,InferenceLayer.SENSOR,4046,2024-08-26 22:48:07.093533
ESP32_46978A,InferenceLayer.SENSOR,1253,2024-08-26 22:48:08.163251
ESP32_97C286,InferenceLayer.SENSOR,4111,2024-08-26 22:48:09.117295
ESP32_B25FE3,InferenceLayer.SENSOR,3902,2024-08-26 22:48:10.172825
ESP32_1F4D55,InferenceLayer.SENSOR,839,2024-08-26 22:48:11.150603
ESP32_ADD36D,InferenceLayer.SENSOR,4114,2024-08-26 22:48:12.145593
ESP32_F0ACBF,InferenceLayer.SENSOR,3888,2024-08-26 22:48:13.150688
ESP32_AB192B,InferenceLayer.SENSOR,3620,2024-08-26 22:48:14.161686
ESP32_AABBCC,InferenceLayer.SENSOR,968,2024-08-26 22:48:26.816425
ESP32_09B38F,InferenceLayer.SENSOR,1826,2024-08-26 22:48:27.780474
ESP32_232714,InferenceLayer.SENSOR,930,2024-08-26 22:48:28.789988
ESP32_B57936,InferenceLayer.SENSOR,1627,2024-08-26 22:48:29.793128
ESP32_8F7400,InferenceLayer.SENSOR,4116,2024-08-26 22:48:30.781303
ESP32_3330A5,InferenceLayer.SENSOR,3594,2024-08-26 22:48:31.841657
ESP32_ED5A4D,InferenceLayer.SENSOR,1285,2024-08-26 22:48:32.816319
ESP32_46B1A6,InferenceLayer.SENSOR,3278,2024-08-26 22:48:33.814773
ESP32_46978A,InferenceLayer.SENSOR,3952,2024-08-26 22:48:34.825882
ESP32_97C286,InferenceLayer.SENSOR,3198,2024-08-26 22:48:35.831234
ESP32_B25FE3,InferenceLayer.SENSOR,4093,2024-08-26 22:48:36.930777
ESP32_1F4D55,InferenceLayer.SENSOR,871,2024-08-26 22:48:37.866060
ESP32_ADD36D,InferenceLayer.SENSOR,4169,2024-08-26 22:48:38.904776
ESP32_F0ACBF,InferenceLayer.SENSOR,3744,2024-08-26 22:48:39.885351
ESP32_AB192B,InferenceLayer.SENSOR,3890,2024-08-26 22:48:40.928664
ESP32_AABBCC,InferenceLayer.SENSOR,3877,2024-08-26 22:48:53.539533
ESP32_09B38F,InferenceLayer.SENSOR,3900,2024-08-26 22:48:54.516421
ESP32_232714,InferenceLayer.SENSOR,3475,2024-08-26 22:48:55.551817
ESP32_B57936,InferenceLayer.SENSOR,3181,2024-08-26 22:48:56.571201
ESP32_8F7400,InferenceLayer.SENSOR,3861,2024-08-26 22:48:57.539177
ESP32_3330A5,InferenceLayer.SENSOR,3793,2024-08-26 22:48:58.618647
ESP32_ED5A4D,InferenceLayer.SENSOR,1160,2024-08-26 22:48:59.590464
ESP32_46B1A6,InferenceLayer.SENSOR,3415,2024-08-26 22:49:00.583792
ESP32_46978A,InferenceLayer.SENSOR,1565,2024-08-26 22:49:01.592025
ESP32_97C286,InferenceLayer.SENSOR,4242,2024-08-26 22:49:02.620679
ESP32_B25FE3,InferenceLayer.SENSOR,3937,2024-08-26 22:49:03.667820
ESP32_1F4D55,InferenceLayer.SENSOR,764,2024-08-26 22:49:04.698777
ESP32_ADD36D,InferenceLayer.SENSOR,3997,2024-08-26 22:49:05.645913
ESP32_F0ACBF,InferenceLayer.SENSOR,2486,2024-08-26 22:49:06.667247
ESP32_AB192B,InferenceLayer.SENSOR,3982,2024-08-26 22:49:07.683205
ESP32_AABBCC,InferenceLayer.SENSOR,3913,2024-08-26 22:49:20.353628
ESP32_09B38F,InferenceLayer.SENSOR,3212,2024-08-26 22:49:21.274091
ESP32_232714,InferenceLayer.SENSOR,4263,2024-08-26 22:49:22.328564
ESP32_B57936,InferenceLayer.SENSOR,2401,2024-08-26 22:49:23.305780
ESP32_8F7400,InferenceLayer.SENSOR,3989,2024-08-26 22:49:24.371725
ESP32_3330A5,InferenceLayer.SENSOR,5443,2024-08-26 22:49:25.424106
ESP32_ED5A4D,InferenceLayer.SENSOR,800,2024-08-26 22:49:26.365974
ESP32_46B1A6,InferenceLayer.SENSOR,4156,2024-08-26 22:49:27.372171
ESP32_46978A,InferenceLayer.SENSOR,2980,2024-08-26 22:49:28.386847
ESP32_97C286,InferenceLayer.SENSOR,4044,2024-08-26 22:49:29.432265
ESP32_B25FE3,InferenceLayer.SENSOR,3951,2024-08-26 22:49:30.490551
ESP32_1F4D55,InferenceLayer.SENSOR,1142,2024-08-26 22:49:31.428004
ESP32_ADD36D,InferenceLayer.SENSOR,3014,2024-08-26 22:49:32.478532
ESP32_F0ACBF,InferenceLayer.SENSOR,4666,2024-08-26 22:49:33.450569
ESP32_AB192B,InferenceLayer.SENSOR,3822,2024-08-26 22:49:34.485287
ESP32_AABBCC,InferenceLayer.SENSOR,4012,2024-08-26 22:49:47.117506
ESP32_09B38F,InferenceLayer.SENSOR,1814,2024-08-26 22:49:48.099378
ESP32_232714,InferenceLayer.SENSOR,1700,2024-08-26 22:49:49.087855
ESP32_B57936,InferenceLayer.SENSOR,2875,2024-08-26 22:49:50.112507
ESP32_8F7400,InferenceLayer.SENSOR,3840,2024-08-26 22:49:51.134032
ESP32_3330A5,InferenceLayer.SENSOR,3935,2024-08-26 22:49:52.229355
ESP32_ED5A4D,InferenceLayer.SENSOR,794,2024-08-26 22:49:53.302867
ESP32_46B1A6,InferenceLayer.SENSOR,2874,2024-08-26 22:49:54.194644
ESP32_46978A,InferenceLayer.SENSOR,3807,2024-08-26 22:49:55.180955
ESP32_97C286,InferenceLayer.SENSOR,3688,2024-08-26 22:49:56.204934
ESP32_B25FE3,InferenceLayer.SENSOR,4020,2024-08-26 22:49:57.244439
ESP32_1F4D55,InferenceLayer.SENSOR,1060,2024-08-26 22:49:58.217611
ESP32_ADD36D,InferenceLayer.SENSOR,4199,2024-08-26 22:49:59.241013
ESP32_F0ACBF,InferenceLayer.SENSOR,3884,2024-08-26 22:50:00.245268
ESP32_AB192B,InferenceLayer.SENSOR,3895,2024-08-26 22:50:01.269367
