sensor_name,inference_layer,inference_latency,registered_at
ESP32_A1BC36,InferenceLayer.SENSOR,4057,2024-08-26 22:59:04.057994
ESP32_C31F5E,InferenceLayer.SENSOR,4301,2024-08-26 22:59:05.020086
ESP32_E2F3EA,InferenceLayer.SENSOR,4189,2024-08-26 22:59:06.010779
ESP32_2E88CE,InferenceLayer.SENSOR,3693,2024-08-26 22:59:07.074312
ESP32_615B9D,InferenceLayer.SENSOR,4006,2024-08-26 22:59:08.067044
ESP32_AABBCC,InferenceLayer.SENSOR,3898,2024-08-26 22:59:10.519645
ESP32_09B38F,InferenceLayer.SENSOR,3972,2024-08-26 22:59:11.454956
ESP32_232714,InferenceLayer.SENSOR,889,2024-08-26 22:59:12.445690
ESP32_B57936,InferenceLayer.SENSOR,2977,2024-08-26 22:59:13.461776
ESP32_8F7400,InferenceLayer.SENSOR,4062,2024-08-26 22:59:14.460102
ESP32_3330A5,InferenceLayer.SENSOR,3909,2024-08-26 22:59:15.553704
ESP32_ED5A4D,InferenceLayer.SENSOR,3823,2024-08-26 22:59:16.513160
ESP32_46B1A6,InferenceLayer.SENSOR,1240,2024-08-26 22:59:17.546122
ESP32_46978A,InferenceLayer.SENSOR,4290,2024-08-26 22:59:18.503785
ESP32_97C286,InferenceLayer.SENSOR,3965,2024-08-26 22:59:19.506025
ESP32_B25FE3,InferenceLayer.SENSOR,3834,2024-08-26 22:59:20.609655
ESP32_1F4D55,InferenceLayer.SENSOR,4277,2024-08-26 22:59:21.546903
ESP32_ADD36D,InferenceLayer.SENSOR,1475,2024-08-26 22:59:22.548178
ESP32_F0ACBF,InferenceLayer.SENSOR,3088,2024-08-26 22:59:23.552472
ESP32_AB192B,InferenceLayer.SENSOR,4199,2024-08-26 22:59:24.559686
ESP32_A1BC36,InferenceLayer.SENSOR,3983,2024-08-26 22:59:25.677430
ESP32_C31F5E,InferenceLayer.SENSOR,3942,2024-08-26 22:59:26.583194
ESP32_E2F3EA,InferenceLayer.SENSOR,4145,2024-08-26 22:59:27.615508
ESP32_2E88CE,InferenceLayer.SENSOR,4038,2024-08-26 22:59:28.609512
ESP32_615B9D,InferenceLayer.SENSOR,3955,2024-08-26 22:59:29.616044
ESP32_AABBCC,InferenceLayer.SENSOR,3937,2024-08-26 22:59:32.047516
ESP32_09B38F,InferenceLayer.SENSOR,4522,2024-08-26 22:59:33.009885
ESP32_232714,InferenceLayer.SENSOR,4050,2024-08-26 22:59:34.026243
ESP32_B57936,InferenceLayer.SENSOR,4126,2024-08-26 22:59:35.096260
ESP32_8F7400,InferenceLayer.SENSOR,4066,2024-08-26 22:59:36.080391
ESP32_3330A5,InferenceLayer.SENSOR,3883,2024-08-26 22:59:37.163713
ESP32_ED5A4D,InferenceLayer.SENSOR,3886,2024-08-26 22:59:38.066288
ESP32_46B1A6,InferenceLayer.SENSOR,3038,2024-08-26 22:59:39.085467
ESP32_46978A,InferenceLayer.SENSOR,1177,2024-08-26 22:59:40.092362
ESP32_97C286,InferenceLayer.SENSOR,4020,2024-08-26 22:59:41.103358
ESP32_B25FE3,InferenceLayer.SENSOR,4031,2024-08-26 22:59:42.181438
ESP32_1F4D55,InferenceLayer.SENSOR,3269,2024-08-26 22:59:43.138372
ESP32_ADD36D,InferenceLayer.SENSOR,3199,2024-08-26 22:59:44.136707
ESP32_F0ACBF,InferenceLayer.SENSOR,909,2024-08-26 22:59:45.124982
ESP32_AB192B,InferenceLayer.SENSOR,4520,2024-08-26 22:59:46.143514
ESP32_A1BC36,InferenceLayer.SENSOR,4208,2024-08-26 22:59:47.221075
ESP32_C31F5E,InferenceLayer.SENSOR,4231,2024-08-26 22:59:48.170898
ESP32_E2F3EA,InferenceLayer.SENSOR,4059,2024-08-26 22:59:49.195490
ESP32_2E88CE,InferenceLayer.SENSOR,1031,2024-08-26 22:59:50.206822
ESP32_615B9D,InferenceLayer.SENSOR,2060,2024-08-26 22:59:51.241986
ESP32_AABBCC,InferenceLayer.SENSOR,3407,2024-08-26 22:59:53.578601
ESP32_09B38F,InferenceLayer.SENSOR,3228,2024-08-26 22:59:54.587327
ESP32_232714,InferenceLayer.SENSOR,4013,2024-08-26 22:59:55.604095
ESP32_B57936,InferenceLayer.SENSOR,1756,2024-08-26 22:59:56.617434
ESP32_8F7400,InferenceLayer.SENSOR,3598,2024-08-26 22:59:57.618244
ESP32_3330A5,InferenceLayer.SENSOR,4250,2024-08-26 22:59:58.683903
ESP32_ED5A4D,InferenceLayer.SENSOR,3149,2024-08-26 22:59:59.674876
ESP32_46B1A6,InferenceLayer.SENSOR,4334,2024-08-26 23:00:00.666807
ESP32_46978A,InferenceLayer.SENSOR,1578,2024-08-26 23:00:01.659079
ESP32_97C286,InferenceLayer.SENSOR,4330,2024-08-26 23:00:02.668537
ESP32_C31F5E,InferenceLayer.SENSOR,4362,2024-08-26 23:30:04.350623
ESP32_E2F3EA,InferenceLayer.SENSOR,872,2024-08-26 23:30:05.398390
ESP32_2E88CE,InferenceLayer.SENSOR,4093,2024-08-26 23:30:06.385424
ESP32_615B9D,InferenceLayer.SENSOR,1097,2024-08-26 23:30:07.413801
ESP32_AABBCC,InferenceLayer.SENSOR,3696,2024-08-26 23:30:09.785951
ESP32_09B38F,InferenceLayer.SENSOR,3388,2024-08-26 23:30:10.747582
ESP32_232714,InferenceLayer.SENSOR,956,2024-08-26 23:30:11.771917
ESP32_B57936,InferenceLayer.SENSOR,2923,2024-08-26 23:30:12.766078
ESP32_8F7400,InferenceLayer.SENSOR,3967,2024-08-26 23:30:13.769596
ESP32_3330A5,InferenceLayer.SENSOR,4224,2024-08-26 23:30:14.816731
ESP32_ED5A4D,InferenceLayer.SENSOR,3921,2024-08-26 23:30:15.782823
ESP32_46B1A6,InferenceLayer.SENSOR,1265,2024-08-26 23:30:16.836479
ESP32_46978A,InferenceLayer.SENSOR,3357,2024-08-26 23:30:17.828159
ESP32_97C286,InferenceLayer.SENSOR,4043,2024-08-26 23:30:18.853267
ESP32_B25FE3,InferenceLayer.SENSOR,1530,2024-08-26 23:30:19.902138
ESP32_1F4D55,InferenceLayer.SENSOR,4193,2024-08-26 23:30:20.836517
ESP32_ADD36D,InferenceLayer.SENSOR,1103,2024-08-26 23:30:21.865098
ESP32_F0ACBF,InferenceLayer.SENSOR,1811,2024-08-26 23:30:22.856463
ESP32_AB192B,InferenceLayer.SENSOR,818,2024-08-26 23:30:23.843651
ESP32_A1BC36,InferenceLayer.SENSOR,4009,2024-08-26 23:30:24.919541
ESP32_C31F5E,InferenceLayer.SENSOR,851,2024-08-26 23:30:25.872295
ESP32_E2F3EA,InferenceLayer.SENSOR,1778,2024-08-26 23:30:26.903415
ESP32_2E88CE,InferenceLayer.SENSOR,2284,2024-08-26 23:30:27.903933
ESP32_615B9D,InferenceLayer.SENSOR,4224,2024-08-26 23:30:28.905973
ESP32_AABBCC,InferenceLayer.SENSOR,3905,2024-08-26 23:30:31.302405
ESP32_09B38F,InferenceLayer.SENSOR,3113,2024-08-26 23:30:32.256260
ESP32_B25FE3,InferenceLayer.SENSOR,4219,2024-08-26 23:00:03.751998
ESP32_1F4D55,InferenceLayer.SENSOR,4191,2024-08-26 23:00:04.688219
ESP32_ADD36D,InferenceLayer.SENSOR,2537,2024-08-26 23:00:05.697774
ESP32_F0ACBF,InferenceLayer.SENSOR,4212,2024-08-26 23:00:06.708220
ESP32_AB192B,InferenceLayer.SENSOR,3282,2024-08-26 23:00:07.729903
ESP32_A1BC36,InferenceLayer.SENSOR,3569,2024-08-26 23:00:08.768423
ESP32_C31F5E,InferenceLayer.SENSOR,4489,2024-08-26 23:00:09.774057
ESP32_E2F3EA,InferenceLayer.SENSOR,3201,2024-08-26 23:00:10.746723
ESP32_2E88CE,InferenceLayer.SENSOR,4069,2024-08-26 23:00:11.781511
ESP32_615B9D,InferenceLayer.SENSOR,3659,2024-08-26 23:00:12.784969
ESP32_AABBCC,InferenceLayer.SENSOR,931,2024-08-26 23:00:15.223117
ESP32_09B38F,InferenceLayer.SENSOR,3192,2024-08-26 23:00:16.175946
ESP32_232714,InferenceLayer.SENSOR,3219,2024-08-26 23:00:17.182651
ESP32_B57936,InferenceLayer.SENSOR,4617,2024-08-26 23:00:18.215779
ESP32_8F7400,InferenceLayer.SENSOR,3667,2024-08-26 23:00:19.237381
ESP32_3330A5,InferenceLayer.SENSOR,1135,2024-08-26 23:00:20.278133
ESP32_ED5A4D,InferenceLayer.SENSOR,3307,2024-08-26 23:00:21.240033
ESP32_46B1A6,InferenceLayer.SENSOR,2411,2024-08-26 23:00:22.228011
ESP32_46978A,InferenceLayer.SENSOR,2654,2024-08-26 23:00:23.232877
ESP32_97C286,InferenceLayer.SENSOR,3657,2024-08-26 23:00:24.244076
ESP32_B25FE3,InferenceLayer.SENSOR,1427,2024-08-26 23:00:25.303085
ESP32_1F4D55,InferenceLayer.SENSOR,4093,2024-08-26 23:00:26.294169
ESP32_ADD36D,InferenceLayer.SENSOR,4141,2024-08-26 23:00:27.320989
ESP32_F0ACBF,InferenceLayer.SENSOR,2355,2024-08-26 23:00:28.279184
ESP32_AB192B,InferenceLayer.SENSOR,3087,2024-08-26 23:00:29.293327
ESP32_A1BC36,InferenceLayer.SENSOR,2011,2024-08-26 23:00:30.361484
ESP32_C31F5E,InferenceLayer.SENSOR,3111,2024-08-26 23:00:31.299206
ESP32_E2F3EA,InferenceLayer.SENSOR,3299,2024-08-26 23:00:32.314534
ESP32_2E88CE,InferenceLayer.SENSOR,3981,2024-08-26 23:00:33.329554
ESP32_615B9D,InferenceLayer.SENSOR,3936,2024-08-26 23:00:34.338789
ESP32_AABBCC,InferenceLayer.SENSOR,3922,2024-08-26 23:00:36.832002
ESP32_09B38F,InferenceLayer.SENSOR,4012,2024-08-26 23:00:37.765194
ESP32_232714,InferenceLayer.SENSOR,3882,2024-08-26 23:00:38.759070
ESP32_B57936,InferenceLayer.SENSOR,3640,2024-08-26 23:00:39.761316
ESP32_8F7400,InferenceLayer.SENSOR,3454,2024-08-26 23:00:40.791720
ESP32_3330A5,InferenceLayer.SENSOR,3159,2024-08-26 23:00:41.823825
ESP32_ED5A4D,InferenceLayer.SENSOR,3924,2024-08-26 23:00:42.830645
ESP32_46B1A6,InferenceLayer.SENSOR,3235,2024-08-26 23:00:43.797687
ESP32_46978A,InferenceLayer.SENSOR,2875,2024-08-26 23:00:44.834382
ESP32_97C286,InferenceLayer.SENSOR,3908,2024-08-26 23:00:45.826521
ESP32_B25FE3,InferenceLayer.SENSOR,4426,2024-08-26 23:00:46.908245
ESP32_1F4D55,InferenceLayer.SENSOR,4221,2024-08-26 23:00:47.842376
ESP32_ADD36D,InferenceLayer.SENSOR,4271,2024-08-26 23:00:48.852781
ESP32_F0ACBF,InferenceLayer.SENSOR,3526,2024-08-26 23:00:49.871904
ESP32_AB192B,InferenceLayer.SENSOR,4127,2024-08-26 23:00:50.874898
ESP32_A1BC36,InferenceLayer.SENSOR,3930,2024-08-26 23:00:51.935969
ESP32_C31F5E,InferenceLayer.SENSOR,3993,2024-08-26 23:00:52.935645
ESP32_E2F3EA,InferenceLayer.SENSOR,4134,2024-08-26 23:00:53.912006
ESP32_2E88CE,InferenceLayer.SENSOR,4404,2024-08-26 23:00:54.938670
ESP32_615B9D,InferenceLayer.SENSOR,3524,2024-08-26 23:00:55.916689
ESP32_AABBCC,InferenceLayer.SENSOR,4185,2024-08-26 23:00:58.387405
ESP32_09B38F,InferenceLayer.SENSOR,4015,2024-08-26 23:00:59.334773
ESP32_232714,InferenceLayer.SENSOR,4332,2024-08-26 23:01:00.340089
ESP32_B57936,InferenceLayer.SENSOR,3726,2024-08-26 23:01:01.370934
ESP32_8F7400,InferenceLayer.SENSOR,4036,2024-08-26 23:01:02.392802
ESP32_3330A5,InferenceLayer.SENSOR,4005,2024-08-26 23:01:03.426750
ESP32_ED5A4D,InferenceLayer.SENSOR,3888,2024-08-26 23:01:04.383203
ESP32_46B1A6,InferenceLayer.SENSOR,4296,2024-08-26 23:01:05.387901
ESP32_46978A,InferenceLayer.SENSOR,3950,2024-08-26 23:01:06.410198
ESP32_97C286,InferenceLayer.SENSOR,2152,2024-08-26 23:01:07.426980
ESP32_B25FE3,InferenceLayer.SENSOR,4192,2024-08-26 23:01:08.474943
ESP32_1F4D55,InferenceLayer.SENSOR,3955,2024-08-26 23:01:09.427355
ESP32_ADD36D,InferenceLayer.SENSOR,3064,2024-08-26 23:01:10.472339
ESP32_F0ACBF,InferenceLayer.SENSOR,3943,2024-08-26 23:01:11.489472
ESP32_AB192B,InferenceLayer.SENSOR,900,2024-08-26 23:01:12.463694
ESP32_A1BC36,InferenceLayer.SENSOR,1909,2024-08-26 23:01:13.542324
ESP32_C31F5E,InferenceLayer.SENSOR,4126,2024-08-26 23:01:14.501444
ESP32_E2F3EA,InferenceLayer.SENSOR,1318,2024-08-26 23:01:15.506946
ESP32_2E88CE,InferenceLayer.SENSOR,4090,2024-08-26 23:01:16.496770
ESP32_615B9D,InferenceLayer.SENSOR,924,2024-08-26 23:01:17.523232
ESP32_AABBCC,InferenceLayer.SENSOR,3993,2024-08-26 23:01:19.973797
ESP32_09B38F,InferenceLayer.SENSOR,4200,2024-08-26 23:01:20.953423
ESP32_232714,InferenceLayer.SENSOR,4055,2024-08-26 23:01:21.920414
ESP32_B57936,InferenceLayer.SENSOR,3962,2024-08-26 23:01:22.968567
ESP32_8F7400,InferenceLayer.SENSOR,4472,2024-08-26 23:01:23.939568
ESP32_3330A5,InferenceLayer.SENSOR,1768,2024-08-26 23:01:25.003468
ESP32_ED5A4D,InferenceLayer.SENSOR,4015,2024-08-26 23:01:25.981920
ESP32_46B1A6,InferenceLayer.SENSOR,3979,2024-08-26 23:01:26.973707
ESP32_46978A,InferenceLayer.SENSOR,4247,2024-08-26 23:01:28.094846
ESP32_97C286,InferenceLayer.SENSOR,3880,2024-08-26 23:01:29.023981
ESP32_B25FE3,InferenceLayer.SENSOR,1121,2024-08-26 23:01:30.052485
ESP32_1F4D55,InferenceLayer.SENSOR,4179,2024-08-26 23:01:31.016460
ESP32_ADD36D,InferenceLayer.SENSOR,1056,2024-08-26 23:01:32.039089
ESP32_F0ACBF,InferenceLayer.SENSOR,4112,2024-08-26 23:01:33.031994
ESP32_AB192B,InferenceLayer.SENSOR,810,2024-08-26 23:01:34.025872
ESP32_A1BC36,InferenceLayer.SENSOR,4030,2024-08-26 23:01:35.117866
ESP32_C31F5E,InferenceLayer.SENSOR,1304,2024-08-26 23:01:36.069008
ESP32_E2F3EA,InferenceLayer.SENSOR,3807,2024-08-26 23:01:37.092891
ESP32_2E88CE,InferenceLayer.SENSOR,4095,2024-08-26 23:01:38.065755
ESP32_615B9D,InferenceLayer.SENSOR,3867,2024-08-26 23:01:39.072971
ESP32_AABBCC,InferenceLayer.SENSOR,3240,2024-08-26 23:01:41.549877
ESP32_09B38F,InferenceLayer.SENSOR,1043,2024-08-26 23:01:42.494604
ESP32_232714,InferenceLayer.SENSOR,4283,2024-08-26 23:01:43.498497
ESP32_B57936,InferenceLayer.SENSOR,2784,2024-08-26 23:01:44.490818
ESP32_8F7400,InferenceLayer.SENSOR,4044,2024-08-26 23:01:45.516559
ESP32_3330A5,InferenceLayer.SENSOR,1474,2024-08-26 23:01:46.615210
ESP32_ED5A4D,InferenceLayer.SENSOR,909,2024-08-26 23:01:47.536978
ESP32_46B1A6,InferenceLayer.SENSOR,1129,2024-08-26 23:01:48.559744
ESP32_46978A,InferenceLayer.SENSOR,4047,2024-08-26 23:01:49.536036
ESP32_97C286,InferenceLayer.SENSOR,907,2024-08-26 23:01:50.566158
ESP32_B25FE3,InferenceLayer.SENSOR,3478,2024-08-26 23:01:51.628928
ESP32_1F4D55,InferenceLayer.SENSOR,685,2024-08-26 23:01:52.556560
ESP32_ADD36D,InferenceLayer.SENSOR,3722,2024-08-26 23:01:53.574122
ESP32_F0ACBF,InferenceLayer.SENSOR,2060,2024-08-26 23:01:54.605971
ESP32_AB192B,InferenceLayer.SENSOR,3956,2024-08-26 23:01:55.588846
ESP32_A1BC36,InferenceLayer.SENSOR,4088,2024-08-26 23:01:56.649176
ESP32_C31F5E,InferenceLayer.SENSOR,1244,2024-08-26 23:01:57.601127
ESP32_E2F3EA,InferenceLayer.SENSOR,3598,2024-08-26 23:01:58.647169
ESP32_2E88CE,InferenceLayer.SENSOR,2288,2024-08-26 23:01:59.605460
ESP32_615B9D,InferenceLayer.SENSOR,3956,2024-08-26 23:02:00.662756
ESP32_AABBCC,InferenceLayer.SENSOR,1684,2024-08-26 23:02:03.098014
ESP32_232714,InferenceLayer.SENSOR,4510,2024-08-26 23:30:33.267683
ESP32_B57936,InferenceLayer.SENSOR,1748,2024-08-26 23:30:34.313791
ESP32_8F7400,InferenceLayer.SENSOR,1365,2024-08-26 23:30:35.283369
ESP32_3330A5,InferenceLayer.SENSOR,1148,2024-08-26 23:30:36.331004
ESP32_ED5A4D,InferenceLayer.SENSOR,3608,2024-08-26 23:30:37.311727
ESP32_46B1A6,InferenceLayer.SENSOR,1012,2024-08-26 23:30:38.295445
ESP32_46978A,InferenceLayer.SENSOR,3978,2024-08-26 23:30:39.302541
ESP32_97C286,InferenceLayer.SENSOR,1255,2024-08-26 23:30:40.299133
ESP32_B25FE3,InferenceLayer.SENSOR,4242,2024-08-26 23:30:41.399362
ESP32_1F4D55,InferenceLayer.SENSOR,3990,2024-08-26 23:30:42.396275
ESP32_ADD36D,InferenceLayer.SENSOR,2361,2024-08-26 23:30:43.336319
ESP32_F0ACBF,InferenceLayer.SENSOR,3515,2024-08-26 23:30:44.343464
ESP32_AB192B,InferenceLayer.SENSOR,1585,2024-08-26 23:30:45.356481
ESP32_A1BC36,InferenceLayer.SENSOR,4187,2024-08-26 23:30:46.428309
ESP32_C31F5E,InferenceLayer.SENSOR,3958,2024-08-26 23:30:47.375312
ESP32_E2F3EA,InferenceLayer.SENSOR,4026,2024-08-26 23:30:48.396666
ESP32_2E88CE,InferenceLayer.SENSOR,4213,2024-08-26 23:30:49.376495
ESP32_615B9D,InferenceLayer.SENSOR,815,2024-08-26 23:30:50.453358
ESP32_AABBCC,InferenceLayer.SENSOR,894,2024-08-26 23:30:52.752041
ESP32_09B38F,InferenceLayer.SENSOR,3976,2024-08-26 23:30:53.754592
ESP32_232714,InferenceLayer.SENSOR,1463,2024-08-26 23:30:54.756361
ESP32_B57936,InferenceLayer.SENSOR,4126,2024-08-26 23:30:55.774506
ESP32_8F7400,InferenceLayer.SENSOR,946,2024-08-26 23:30:56.850143
ESP32_3330A5,InferenceLayer.SENSOR,4040,2024-08-26 23:30:57.782097
ESP32_ED5A4D,InferenceLayer.SENSOR,4216,2024-08-26 23:30:58.799659
ESP32_46B1A6,InferenceLayer.SENSOR,4090,2024-08-26 23:30:59.857975
ESP32_46978A,InferenceLayer.SENSOR,3701,2024-08-26 23:31:00.807422
ESP32_97C286,InferenceLayer.SENSOR,1176,2024-08-26 23:31:01.822397
ESP32_B25FE3,InferenceLayer.SENSOR,4572,2024-08-26 23:31:02.883789
ESP32_1F4D55,InferenceLayer.SENSOR,4070,2024-08-26 23:31:03.864438
ESP32_ADD36D,InferenceLayer.SENSOR,3997,2024-08-26 23:31:04.843506
ESP32_F0ACBF,InferenceLayer.SENSOR,4013,2024-08-26 23:31:05.853557
ESP32_AB192B,InferenceLayer.SENSOR,1448,2024-08-26 23:31:06.870464
ESP32_A1BC36,InferenceLayer.SENSOR,3545,2024-08-26 23:31:07.950561
ESP32_C31F5E,InferenceLayer.SENSOR,2859,2024-08-26 23:31:08.894001
ESP32_E2F3EA,InferenceLayer.SENSOR,3973,2024-08-26 23:31:09.918328
ESP32_2E88CE,InferenceLayer.SENSOR,3845,2024-08-26 23:31:10.906456
ESP32_615B9D,InferenceLayer.SENSOR,1860,2024-08-26 23:31:11.908827
ESP32_AABBCC,InferenceLayer.SENSOR,1839,2024-08-26 23:31:14.316026
ESP32_09B38F,InferenceLayer.SENSOR,4030,2024-08-26 23:31:15.270456
ESP32_232714,InferenceLayer.SENSOR,3782,2024-08-26 23:31:16.292646
ESP32_B57936,InferenceLayer.SENSOR,3773,2024-08-26 23:31:17.311868
ESP32_8F7400,InferenceLayer.SENSOR,4172,2024-08-26 23:31:18.299929
ESP32_3330A5,InferenceLayer.SENSOR,4019,2024-08-26 23:31:19.371167
ESP32_ED5A4D,InferenceLayer.SENSOR,3246,2024-08-26 23:31:20.343758
ESP32_46B1A6,InferenceLayer.SENSOR,4155,2024-08-26 23:31:21.345414
ESP32_46978A,InferenceLayer.SENSOR,3943,2024-08-26 23:31:22.356953
ESP32_97C286,InferenceLayer.SENSOR,3930,2024-08-26 23:31:23.342658
ESP32_B25FE3,InferenceLayer.SENSOR,3951,2024-08-26 23:31:24.409689
ESP32_1F4D55,InferenceLayer.SENSOR,4087,2024-08-26 23:31:25.347626
ESP32_ADD36D,InferenceLayer.SENSOR,3975,2024-08-26 23:31:26.377705
ESP32_09B38F,InferenceLayer.SENSOR,3688,2024-08-26 23:02:04.068061
ESP32_232714,InferenceLayer.SENSOR,1272,2024-08-26 23:02:05.073836
ESP32_B57936,InferenceLayer.SENSOR,3516,2024-08-26 23:02:06.062890
ESP32_8F7400,InferenceLayer.SENSOR,903,2024-08-26 23:02:07.086975
ESP32_3330A5,InferenceLayer.SENSOR,3856,2024-08-26 23:02:08.156787
ESP32_ED5A4D,InferenceLayer.SENSOR,1480,2024-08-26 23:02:09.069274
ESP32_46B1A6,InferenceLayer.SENSOR,4035,2024-08-26 23:02:10.092341
ESP32_46978A,InferenceLayer.SENSOR,3804,2024-08-26 23:02:11.108639
ESP32_97C286,InferenceLayer.SENSOR,3945,2024-08-26 23:02:12.152502
ESP32_B25FE3,InferenceLayer.SENSOR,3909,2024-08-26 23:02:13.185697
ESP32_1F4D55,InferenceLayer.SENSOR,4012,2024-08-26 23:02:14.132930
ESP32_ADD36D,InferenceLayer.SENSOR,3910,2024-08-26 23:02:15.142560
ESP32_F0ACBF,InferenceLayer.SENSOR,3948,2024-08-26 23:02:16.151762
ESP32_AB192B,InferenceLayer.SENSOR,3340,2024-08-26 23:02:17.189585
ESP32_A1BC36,InferenceLayer.SENSOR,4366,2024-08-26 23:02:18.232318
ESP32_C31F5E,InferenceLayer.SENSOR,3101,2024-08-26 23:02:19.171768
ESP32_E2F3EA,InferenceLayer.SENSOR,1401,2024-08-26 23:02:20.195917
ESP32_2E88CE,InferenceLayer.SENSOR,3595,2024-08-26 23:02:21.224903
ESP32_615B9D,InferenceLayer.SENSOR,4021,2024-08-26 23:02:22.212699
ESP32_AABBCC,InferenceLayer.SENSOR,4157,2024-08-26 23:02:24.674449
ESP32_09B38F,InferenceLayer.SENSOR,959,2024-08-26 23:02:25.621203
ESP32_232714,InferenceLayer.SENSOR,3974,2024-08-26 23:02:26.621927
ESP32_B57936,InferenceLayer.SENSOR,1017,2024-08-26 23:02:27.651005
ESP32_8F7400,InferenceLayer.SENSOR,4138,2024-08-26 23:02:28.634328
ESP32_3330A5,InferenceLayer.SENSOR,3960,2024-08-26 23:02:29.711745
ESP32_ED5A4D,InferenceLayer.SENSOR,2014,2024-08-26 23:02:30.694823
ESP32_46B1A6,InferenceLayer.SENSOR,3470,2024-08-26 23:02:31.665406
ESP32_46978A,InferenceLayer.SENSOR,1684,2024-08-26 23:02:32.657457
ESP32_97C286,InferenceLayer.SENSOR,3803,2024-08-26 23:02:33.703932
ESP32_B25FE3,InferenceLayer.SENSOR,3919,2024-08-26 23:02:34.758150
ESP32_1F4D55,InferenceLayer.SENSOR,2784,2024-08-26 23:02:35.700549
ESP32_ADD36D,InferenceLayer.SENSOR,2794,2024-08-26 23:02:36.697749
ESP32_F0ACBF,InferenceLayer.SENSOR,2186,2024-08-26 23:02:37.713987
ESP32_AB192B,InferenceLayer.SENSOR,2361,2024-08-26 23:02:38.759424
ESP32_A1BC36,InferenceLayer.SENSOR,3256,2024-08-26 23:02:39.781675
ESP32_C31F5E,InferenceLayer.SENSOR,4009,2024-08-26 23:02:40.765272
ESP32_E2F3EA,InferenceLayer.SENSOR,3732,2024-08-26 23:02:41.740826
ESP32_2E88CE,InferenceLayer.SENSOR,3056,2024-08-26 23:02:42.770933
ESP32_615B9D,InferenceLayer.SENSOR,3595,2024-08-26 23:02:43.782610
ESP32_AABBCC,InferenceLayer.SENSOR,4047,2024-08-26 23:02:46.246761
ESP32_09B38F,InferenceLayer.SENSOR,2004,2024-08-26 23:02:47.183835
ESP32_232714,InferenceLayer.SENSOR,3988,2024-08-26 23:02:48.225231
ESP32_B57936,InferenceLayer.SENSOR,4017,2024-08-26 23:02:49.218924
ESP32_8F7400,InferenceLayer.SENSOR,1579,2024-08-26 23:02:50.207700
ESP32_3330A5,InferenceLayer.SENSOR,3592,2024-08-26 23:02:51.316698
ESP32_ED5A4D,InferenceLayer.SENSOR,3954,2024-08-26 23:02:52.230833
ESP32_46B1A6,InferenceLayer.SENSOR,4594,2024-08-26 23:02:53.275260
ESP32_46978A,InferenceLayer.SENSOR,3708,2024-08-26 23:02:54.253460
ESP32_97C286,InferenceLayer.SENSOR,818,2024-08-26 23:02:55.274803
ESP32_B25FE3,InferenceLayer.SENSOR,4083,2024-08-26 23:02:56.350606
ESP32_1F4D55,InferenceLayer.SENSOR,3073,2024-08-26 23:02:57.267996
ESP32_ADD36D,InferenceLayer.SENSOR,4331,2024-08-26 23:02:58.299606
ESP32_F0ACBF,InferenceLayer.SENSOR,4052,2024-08-26 23:02:59.295055
ESP32_AB192B,InferenceLayer.SENSOR,1033,2024-08-26 23:03:00.303091
ESP32_A1BC36,InferenceLayer.SENSOR,3239,2024-08-26 23:03:01.357383
ESP32_C31F5E,InferenceLayer.SENSOR,3981,2024-08-26 23:03:02.328181
ESP32_E2F3EA,InferenceLayer.SENSOR,4071,2024-08-26 23:03:03.356924
ESP32_2E88CE,InferenceLayer.SENSOR,3086,2024-08-26 23:03:04.368676
ESP32_615B9D,InferenceLayer.SENSOR,1189,2024-08-26 23:03:05.341489
ESP32_AABBCC,InferenceLayer.SENSOR,4093,2024-08-26 23:03:07.791763
ESP32_09B38F,InferenceLayer.SENSOR,4111,2024-08-26 23:03:08.775240
ESP32_232714,InferenceLayer.SENSOR,1997,2024-08-26 23:03:09.766535
ESP32_B57936,InferenceLayer.SENSOR,3945,2024-08-26 23:03:10.771265
ESP32_8F7400,InferenceLayer.SENSOR,4137,2024-08-26 23:03:11.804698
ESP32_3330A5,InferenceLayer.SENSOR,3848,2024-08-26 23:03:12.850076
ESP32_ED5A4D,InferenceLayer.SENSOR,4363,2024-08-26 23:03:13.831958
ESP32_46B1A6,InferenceLayer.SENSOR,3520,2024-08-26 23:03:14.831530
ESP32_46978A,InferenceLayer.SENSOR,3948,2024-08-26 23:03:15.814623
ESP32_97C286,InferenceLayer.SENSOR,4038,2024-08-26 23:03:16.856063
ESP32_B25FE3,InferenceLayer.SENSOR,2021,2024-08-26 23:03:17.912875
ESP32_1F4D55,InferenceLayer.SENSOR,4099,2024-08-26 23:03:18.889473
ESP32_ADD36D,InferenceLayer.SENSOR,4134,2024-08-26 23:03:19.860970
ESP32_F0ACBF,InferenceLayer.SENSOR,2069,2024-08-26 23:03:20.868947
ESP32_AB192B,InferenceLayer.SENSOR,4165,2024-08-26 23:03:21.936534
ESP32_A1BC36,InferenceLayer.SENSOR,4001,2024-08-26 23:03:22.952046
ESP32_C31F5E,InferenceLayer.SENSOR,4572,2024-08-26 23:03:23.902680
ESP32_E2F3EA,InferenceLayer.SENSOR,3133,2024-08-26 23:03:24.903549
ESP32_2E88CE,InferenceLayer.SENSOR,3963,2024-08-26 23:03:25.913809
ESP32_615B9D,InferenceLayer.SENSOR,4159,2024-08-26 23:03:26.960414
ESP32_AABBCC,InferenceLayer.SENSOR,3975,2024-08-26 23:03:29.420049
ESP32_09B38F,InferenceLayer.SENSOR,1077,2024-08-26 23:03:30.329197
ESP32_232714,InferenceLayer.SENSOR,4399,2024-08-26 23:03:31.336795
ESP32_B57936,InferenceLayer.SENSOR,2570,2024-08-26 23:03:32.394332
ESP32_8F7400,InferenceLayer.SENSOR,4010,2024-08-26 23:03:33.399384
ESP32_3330A5,InferenceLayer.SENSOR,3476,2024-08-26 23:03:34.444142
ESP32_ED5A4D,InferenceLayer.SENSOR,1366,2024-08-26 23:03:35.378690
ESP32_46B1A6,InferenceLayer.SENSOR,3505,2024-08-26 23:03:36.421491
ESP32_46978A,InferenceLayer.SENSOR,901,2024-08-26 23:03:37.405516
ESP32_97C286,InferenceLayer.SENSOR,3096,2024-08-26 23:03:38.419871
ESP32_B25FE3,InferenceLayer.SENSOR,3736,2024-08-26 23:03:39.470213
ESP32_1F4D55,InferenceLayer.SENSOR,1635,2024-08-26 23:03:40.465260
ESP32_ADD36D,InferenceLayer.SENSOR,3958,2024-08-26 23:03:41.448204
ESP32_F0ACBF,InferenceLayer.SENSOR,3974,2024-08-26 23:03:42.480663
ESP32_AB192B,InferenceLayer.SENSOR,3978,2024-08-26 23:03:43.476509
ESP32_A1BC36,InferenceLayer.SENSOR,4288,2024-08-26 23:03:44.565215
ESP32_C31F5E,InferenceLayer.SENSOR,4230,2024-08-26 23:03:45.480299
ESP32_E2F3EA,InferenceLayer.SENSOR,3098,2024-08-26 23:03:46.482926
ESP32_2E88CE,InferenceLayer.SENSOR,3141,2024-08-26 23:03:47.501739
ESP32_615B9D,InferenceLayer.SENSOR,4028,2024-08-26 23:03:48.553013
ESP32_AABBCC,InferenceLayer.SENSOR,3905,2024-08-26 23:03:50.975743
ESP32_09B38F,InferenceLayer.SENSOR,4074,2024-08-26 23:03:51.945929
ESP32_232714,InferenceLayer.SENSOR,3231,2024-08-26 23:03:52.925761
ESP32_B57936,InferenceLayer.SENSOR,2943,2024-08-26 23:03:53.965485
ESP32_8F7400,InferenceLayer.SENSOR,4218,2024-08-26 23:03:54.949925
ESP32_3330A5,InferenceLayer.SENSOR,4006,2024-08-26 23:03:56.005976
ESP32_ED5A4D,InferenceLayer.SENSOR,4308,2024-08-26 23:03:56.987223
ESP32_46B1A6,InferenceLayer.SENSOR,3934,2024-08-26 23:03:58.012720
ESP32_46978A,InferenceLayer.SENSOR,3754,2024-08-26 23:03:58.977753
ESP32_97C286,InferenceLayer.SENSOR,4396,2024-08-26 23:03:59.990861
ESP32_B25FE3,InferenceLayer.SENSOR,3934,2024-08-26 23:04:01.062416
ESP32_1F4D55,InferenceLayer.SENSOR,3653,2024-08-26 23:04:02.016119
ESP32_ADD36D,InferenceLayer.SENSOR,3986,2024-08-26 23:04:03.052652
ESP32_F0ACBF,InferenceLayer.SENSOR,3958,2024-08-26 23:31:27.410171
ESP32_AB192B,InferenceLayer.SENSOR,4011,2024-08-26 23:31:28.385403
ESP32_A1BC36,InferenceLayer.SENSOR,4275,2024-08-26 23:31:29.450379
ESP32_C31F5E,InferenceLayer.SENSOR,1236,2024-08-26 23:31:30.435466
ESP32_E2F3EA,InferenceLayer.SENSOR,3551,2024-08-26 23:31:31.406543
ESP32_2E88CE,InferenceLayer.SENSOR,3226,2024-08-26 23:31:32.429856
ESP32_615B9D,InferenceLayer.SENSOR,4077,2024-08-26 23:31:33.593338
ESP32_AABBCC,InferenceLayer.SENSOR,3970,2024-08-26 23:31:35.856211
ESP32_09B38F,InferenceLayer.SENSOR,896,2024-08-26 23:31:36.796422
ESP32_232714,InferenceLayer.SENSOR,3957,2024-08-26 23:31:37.792696
ESP32_B57936,InferenceLayer.SENSOR,4213,2024-08-26 23:31:38.827757
ESP32_8F7400,InferenceLayer.SENSOR,4097,2024-08-26 23:31:39.826625
ESP32_3330A5,InferenceLayer.SENSOR,4141,2024-08-26 23:31:40.893590
ESP32_ED5A4D,InferenceLayer.SENSOR,1117,2024-08-26 23:31:41.841663
ESP32_46B1A6,InferenceLayer.SENSOR,3991,2024-08-26 23:31:42.855722
ESP32_46978A,InferenceLayer.SENSOR,3948,2024-08-26 23:31:43.891285
ESP32_97C286,InferenceLayer.SENSOR,4022,2024-08-26 23:31:44.899706
ESP32_B25FE3,InferenceLayer.SENSOR,4312,2024-08-26 23:31:45.966254
ESP32_1F4D55,InferenceLayer.SENSOR,1407,2024-08-26 23:31:46.893972
ESP32_ADD36D,InferenceLayer.SENSOR,4000,2024-08-26 23:31:47.913727
ESP32_F0ACBF,InferenceLayer.SENSOR,3790,2024-08-26 23:31:48.917610
ESP32_AB192B,InferenceLayer.SENSOR,4271,2024-08-26 23:31:49.916853
ESP32_A1BC36,InferenceLayer.SENSOR,3099,2024-08-26 23:31:50.985020
ESP32_C31F5E,InferenceLayer.SENSOR,1784,2024-08-26 23:31:52.071189
ESP32_E2F3EA,InferenceLayer.SENSOR,4098,2024-08-26 23:31:52.950895
ESP32_2E88CE,InferenceLayer.SENSOR,3907,2024-08-26 23:31:53.947580
ESP32_615B9D,InferenceLayer.SENSOR,3996,2024-08-26 23:31:55.002078
ESP32_AABBCC,InferenceLayer.SENSOR,3891,2024-08-26 23:31:57.390557
ESP32_09B38F,InferenceLayer.SENSOR,4315,2024-08-26 23:31:58.316678
ESP32_232714,InferenceLayer.SENSOR,4088,2024-08-26 23:31:59.337218
ESP32_B57936,InferenceLayer.SENSOR,3509,2024-08-26 23:32:00.356577
ESP32_8F7400,InferenceLayer.SENSOR,4030,2024-08-26 23:32:01.416393
ESP32_3330A5,InferenceLayer.SENSOR,3839,2024-08-26 23:32:02.428448
ESP32_ED5A4D,InferenceLayer.SENSOR,4111,2024-08-26 23:32:03.401787
ESP32_46B1A6,InferenceLayer.SENSOR,3932,2024-08-26 23:32:04.405932
ESP32_46978A,InferenceLayer.SENSOR,1887,2024-08-26 23:32:05.397345
ESP32_97C286,InferenceLayer.SENSOR,3951,2024-08-26 23:32:06.438315
ESP32_B25FE3,InferenceLayer.SENSOR,4021,2024-08-26 23:32:07.468416
ESP32_1F4D55,InferenceLayer.SENSOR,4005,2024-08-26 23:32:08.425898
ESP32_ADD36D,InferenceLayer.SENSOR,3161,2024-08-26 23:32:09.474681
ESP32_F0ACBF,InferenceLayer.SENSOR,1012,2024-08-26 23:32:10.442168
ESP32_AB192B,InferenceLayer.SENSOR,3985,2024-08-26 23:32:11.462770
ESP32_A1BC36,InferenceLayer.SENSOR,4087,2024-08-26 23:32:12.545667
ESP32_C31F5E,InferenceLayer.SENSOR,3936,2024-08-26 23:32:13.490081
ESP32_E2F3EA,InferenceLayer.SENSOR,3437,2024-08-26 23:32:14.487993
ESP32_2E88CE,InferenceLayer.SENSOR,1038,2024-08-26 23:32:15.496914
ESP32_615B9D,InferenceLayer.SENSOR,4222,2024-08-26 23:32:16.511802
ESP32_AABBCC,InferenceLayer.SENSOR,3965,2024-08-26 23:32:18.924318
ESP32_09B38F,InferenceLayer.SENSOR,3967,2024-08-26 23:32:19.859790
ESP32_232714,InferenceLayer.SENSOR,3906,2024-08-26 23:32:20.889807
ESP32_F0ACBF,InferenceLayer.SENSOR,3981,2024-08-26 23:04:04.031289
ESP32_AB192B,InferenceLayer.SENSOR,4174,2024-08-26 23:04:05.051197
ESP32_A1BC36,InferenceLayer.SENSOR,3976,2024-08-26 23:04:06.167672
ESP32_C31F5E,InferenceLayer.SENSOR,3891,2024-08-26 23:04:07.064811
ESP32_E2F3EA,InferenceLayer.SENSOR,3976,2024-08-26 23:04:08.069018
ESP32_2E88CE,InferenceLayer.SENSOR,3149,2024-08-26 23:04:09.089167
ESP32_615B9D,InferenceLayer.SENSOR,4121,2024-08-26 23:04:10.114341
ESP32_AABBCC,InferenceLayer.SENSOR,4275,2024-08-26 23:04:12.604793
ESP32_09B38F,InferenceLayer.SENSOR,3920,2024-08-26 23:04:13.489695
ESP32_232714,InferenceLayer.SENSOR,3987,2024-08-26 23:04:14.506305
ESP32_B57936,InferenceLayer.SENSOR,3994,2024-08-26 23:04:15.560245
ESP32_8F7400,InferenceLayer.SENSOR,3556,2024-08-26 23:04:16.531597
ESP32_3330A5,InferenceLayer.SENSOR,4199,2024-08-26 23:04:17.615331
ESP32_ED5A4D,InferenceLayer.SENSOR,4016,2024-08-26 23:04:18.580493
ESP32_46B1A6,InferenceLayer.SENSOR,3972,2024-08-26 23:04:19.557512
ESP32_46978A,InferenceLayer.SENSOR,4142,2024-08-26 23:04:20.579188
ESP32_97C286,InferenceLayer.SENSOR,3908,2024-08-26 23:04:21.581846
ESP32_B25FE3,InferenceLayer.SENSOR,1017,2024-08-26 23:04:22.672516
ESP32_1F4D55,InferenceLayer.SENSOR,3912,2024-08-26 23:04:23.672121
ESP32_ADD36D,InferenceLayer.SENSOR,3113,2024-08-26 23:04:24.745170
ESP32_F0ACBF,InferenceLayer.SENSOR,4109,2024-08-26 23:04:25.636807
ESP32_AB192B,InferenceLayer.SENSOR,3927,2024-08-26 23:04:26.650831
ESP32_A1BC36,InferenceLayer.SENSOR,886,2024-08-26 23:04:27.701073
ESP32_C31F5E,InferenceLayer.SENSOR,3025,2024-08-26 23:04:28.657704
ESP32_E2F3EA,InferenceLayer.SENSOR,4030,2024-08-26 23:04:29.657653
ESP32_2E88CE,InferenceLayer.SENSOR,4676,2024-08-26 23:04:30.701520
ESP32_615B9D,InferenceLayer.SENSOR,2709,2024-08-26 23:04:31.718480
ESP32_AABBCC,InferenceLayer.SENSOR,4034,2024-08-26 23:04:34.144444
ESP32_09B38F,InferenceLayer.SENSOR,3976,2024-08-26 23:04:35.096752
ESP32_232714,InferenceLayer.SENSOR,3937,2024-08-26 23:04:36.105327
ESP32_B57936,InferenceLayer.SENSOR,4187,2024-08-26 23:04:37.125225
ESP32_8F7400,InferenceLayer.SENSOR,4048,2024-08-26 23:04:38.121362
ESP32_3330A5,InferenceLayer.SENSOR,3603,2024-08-26 23:04:39.212991
ESP32_ED5A4D,InferenceLayer.SENSOR,3457,2024-08-26 23:04:40.152086
ESP32_46B1A6,InferenceLayer.SENSOR,3784,2024-08-26 23:04:41.191499
ESP32_46978A,InferenceLayer.SENSOR,3909,2024-08-26 23:04:42.215120
ESP32_97C286,InferenceLayer.SENSOR,4019,2024-08-26 23:04:43.210452
ESP32_B25FE3,InferenceLayer.SENSOR,3464,2024-08-26 23:04:44.236205
ESP32_1F4D55,InferenceLayer.SENSOR,3974,2024-08-26 23:04:45.194454
ESP32_ADD36D,InferenceLayer.SENSOR,4216,2024-08-26 23:04:46.223181
ESP32_F0ACBF,InferenceLayer.SENSOR,4230,2024-08-26 23:04:47.221907
ESP32_AB192B,InferenceLayer.SENSOR,3983,2024-08-26 23:04:48.222710
ESP32_A1BC36,InferenceLayer.SENSOR,3987,2024-08-26 23:04:49.295251
ESP32_C31F5E,InferenceLayer.SENSOR,1611,2024-08-26 23:04:50.270809
ESP32_E2F3EA,InferenceLayer.SENSOR,3987,2024-08-26 23:04:51.253798
ESP32_2E88CE,InferenceLayer.SENSOR,1256,2024-08-26 23:04:52.295151
ESP32_615B9D,InferenceLayer.SENSOR,4264,2024-08-26 23:04:53.304748
ESP32_AABBCC,InferenceLayer.SENSOR,3941,2024-08-26 23:04:55.734569
ESP32_09B38F,InferenceLayer.SENSOR,3830,2024-08-26 23:04:56.708365
ESP32_232714,InferenceLayer.SENSOR,1014,2024-08-26 23:04:57.710505
ESP32_B57936,InferenceLayer.SENSOR,3850,2024-08-26 23:04:58.699153
ESP32_8F7400,InferenceLayer.SENSOR,3955,2024-08-26 23:05:00.000306
ESP32_3330A5,InferenceLayer.SENSOR,3995,2024-08-26 23:05:00.775056
ESP32_ED5A4D,InferenceLayer.SENSOR,4406,2024-08-26 23:05:01.726956
ESP32_46B1A6,InferenceLayer.SENSOR,1451,2024-08-26 23:05:02.772897
ESP32_46978A,InferenceLayer.SENSOR,4036,2024-08-26 23:05:03.742692
ESP32_97C286,InferenceLayer.SENSOR,5045,2024-08-26 23:05:04.750275
ESP32_B25FE3,InferenceLayer.SENSOR,4016,2024-08-26 23:05:05.822427
ESP32_1F4D55,InferenceLayer.SENSOR,3992,2024-08-26 23:05:06.775925
ESP32_ADD36D,InferenceLayer.SENSOR,2064,2024-08-26 23:05:07.841389
ESP32_F0ACBF,InferenceLayer.SENSOR,1718,2024-08-26 23:05:08.796376
ESP32_AB192B,InferenceLayer.SENSOR,4056,2024-08-26 23:05:09.826686
ESP32_A1BC36,InferenceLayer.SENSOR,1099,2024-08-26 23:05:10.850573
ESP32_C31F5E,InferenceLayer.SENSOR,3955,2024-08-26 23:05:11.825309
ESP32_E2F3EA,InferenceLayer.SENSOR,1051,2024-08-26 23:05:12.868610
ESP32_2E88CE,InferenceLayer.SENSOR,4419,2024-08-26 23:05:13.838330
ESP32_615B9D,InferenceLayer.SENSOR,939,2024-08-26 23:05:14.840383
ESP32_AABBCC,InferenceLayer.SENSOR,4241,2024-08-26 23:05:17.343825
ESP32_09B38F,InferenceLayer.SENSOR,3249,2024-08-26 23:05:18.280226
ESP32_232714,InferenceLayer.SENSOR,5233,2024-08-26 23:05:19.292077
ESP32_B57936,InferenceLayer.SENSOR,4388,2024-08-26 23:05:20.276634
ESP32_8F7400,InferenceLayer.SENSOR,2988,2024-08-26 23:05:21.292762
ESP32_3330A5,InferenceLayer.SENSOR,3857,2024-08-26 23:05:22.348455
ESP32_ED5A4D,InferenceLayer.SENSOR,3894,2024-08-26 23:05:23.339539
ESP32_46B1A6,InferenceLayer.SENSOR,2740,2024-08-26 23:05:24.314091
ESP32_46978A,InferenceLayer.SENSOR,826,2024-08-26 23:05:25.377860
ESP32_97C286,InferenceLayer.SENSOR,4285,2024-08-26 23:05:26.337738
ESP32_B25FE3,InferenceLayer.SENSOR,1127,2024-08-26 23:05:27.386057
ESP32_1F4D55,InferenceLayer.SENSOR,2864,2024-08-26 23:05:28.349954
ESP32_ADD36D,InferenceLayer.SENSOR,990,2024-08-26 23:05:29.345457
ESP32_F0ACBF,InferenceLayer.SENSOR,934,2024-08-26 23:05:30.356225
ESP32_AB192B,InferenceLayer.SENSOR,863,2024-08-26 23:05:31.386919
ESP32_A1BC36,InferenceLayer.SENSOR,4211,2024-08-26 23:05:32.426524
ESP32_C31F5E,InferenceLayer.SENSOR,1404,2024-08-26 23:05:33.432052
ESP32_E2F3EA,InferenceLayer.SENSOR,3950,2024-08-26 23:05:34.414483
ESP32_2E88CE,InferenceLayer.SENSOR,1052,2024-08-26 23:05:35.386955
ESP32_615B9D,InferenceLayer.SENSOR,3804,2024-08-26 23:05:36.399718
ESP32_AABBCC,InferenceLayer.SENSOR,3920,2024-08-26 23:05:38.891169
ESP32_09B38F,InferenceLayer.SENSOR,3381,2024-08-26 23:05:39.806909
ESP32_232714,InferenceLayer.SENSOR,3915,2024-08-26 23:05:40.810338
ESP32_B57936,InferenceLayer.SENSOR,2772,2024-08-26 23:05:41.827240
ESP32_8F7400,InferenceLayer.SENSOR,3141,2024-08-26 23:05:42.843099
ESP32_3330A5,InferenceLayer.SENSOR,1468,2024-08-26 23:05:43.894082
ESP32_ED5A4D,InferenceLayer.SENSOR,3868,2024-08-26 23:05:44.871948
ESP32_46B1A6,InferenceLayer.SENSOR,1100,2024-08-26 23:05:45.892895
ESP32_46978A,InferenceLayer.SENSOR,3456,2024-08-26 23:05:46.866561
ESP32_97C286,InferenceLayer.SENSOR,878,2024-08-26 23:05:47.907667
ESP32_B25FE3,InferenceLayer.SENSOR,4112,2024-08-26 23:05:48.940872
ESP32_1F4D55,InferenceLayer.SENSOR,913,2024-08-26 23:05:50.094611
ESP32_ADD36D,InferenceLayer.SENSOR,5260,2024-08-26 23:05:50.927450
ESP32_F0ACBF,InferenceLayer.SENSOR,4119,2024-08-26 23:05:51.946533
ESP32_AB192B,InferenceLayer.SENSOR,4037,2024-08-26 23:05:52.927357
ESP32_A1BC36,InferenceLayer.SENSOR,3745,2024-08-26 23:05:54.011811
ESP32_C31F5E,InferenceLayer.SENSOR,3945,2024-08-26 23:05:54.934424
ESP32_E2F3EA,InferenceLayer.SENSOR,4029,2024-08-26 23:05:55.968039
ESP32_2E88CE,InferenceLayer.SENSOR,4149,2024-08-26 23:05:56.965499
ESP32_615B9D,InferenceLayer.SENSOR,3992,2024-08-26 23:05:57.976769
ESP32_AABBCC,InferenceLayer.SENSOR,846,2024-08-26 23:06:00.468376
ESP32_09B38F,InferenceLayer.SENSOR,4046,2024-08-26 23:06:01.430801
ESP32_232714,InferenceLayer.SENSOR,1094,2024-08-26 23:06:02.385729
ESP32_B57936,InferenceLayer.SENSOR,4009,2024-08-26 23:06:03.399806
ESP32_B57936,InferenceLayer.SENSOR,1135,2024-08-26 23:32:21.881677
ESP32_8F7400,InferenceLayer.SENSOR,3955,2024-08-26 23:32:22.905901
ESP32_3330A5,InferenceLayer.SENSOR,2153,2024-08-26 23:32:23.931546
ESP32_ED5A4D,InferenceLayer.SENSOR,4184,2024-08-26 23:32:24.902288
ESP32_46B1A6,InferenceLayer.SENSOR,4009,2024-08-26 23:32:25.922169
ESP32_46978A,InferenceLayer.SENSOR,1490,2024-08-26 23:32:26.981599
ESP32_97C286,InferenceLayer.SENSOR,3747,2024-08-26 23:32:27.928725
ESP32_B25FE3,InferenceLayer.SENSOR,4056,2024-08-26 23:32:28.998954
ESP32_1F4D55,InferenceLayer.SENSOR,3962,2024-08-26 23:32:29.956906
ESP32_ADD36D,InferenceLayer.SENSOR,3851,2024-08-26 23:32:30.963141
ESP32_F0ACBF,InferenceLayer.SENSOR,1851,2024-08-26 23:32:31.967281
ESP32_AB192B,InferenceLayer.SENSOR,4036,2024-08-26 23:32:32.998332
ESP32_A1BC36,InferenceLayer.SENSOR,1746,2024-08-26 23:32:34.054276
ESP32_C31F5E,InferenceLayer.SENSOR,4119,2024-08-26 23:32:35.057914
ESP32_E2F3EA,InferenceLayer.SENSOR,1262,2024-08-26 23:32:36.004863
ESP32_2E88CE,InferenceLayer.SENSOR,3978,2024-08-26 23:32:37.023191
ESP32_615B9D,InferenceLayer.SENSOR,909,2024-08-26 23:32:38.032281
ESP32_AABBCC,InferenceLayer.SENSOR,4061,2024-08-26 23:32:40.415904
ESP32_09B38F,InferenceLayer.SENSOR,3972,2024-08-26 23:32:41.411075
ESP32_232714,InferenceLayer.SENSOR,4034,2024-08-26 23:32:42.396723
ESP32_B57936,InferenceLayer.SENSOR,3970,2024-08-26 23:32:43.418123
ESP32_8F7400,InferenceLayer.SENSOR,4009,2024-08-26 23:32:44.408290
ESP32_3330A5,InferenceLayer.SENSOR,1469,2024-08-26 23:32:45.506337
ESP32_ED5A4D,InferenceLayer.SENSOR,3760,2024-08-26 23:32:46.426966
ESP32_46B1A6,InferenceLayer.SENSOR,3559,2024-08-26 23:32:47.470979
ESP32_46978A,InferenceLayer.SENSOR,1753,2024-08-26 23:32:48.466115
ESP32_97C286,InferenceLayer.SENSOR,4029,2024-08-26 23:32:49.459701
ESP32_B25FE3,InferenceLayer.SENSOR,901,2024-08-26 23:32:50.531878
ESP32_1F4D55,InferenceLayer.SENSOR,3869,2024-08-26 23:32:51.519345
ESP32_ADD36D,InferenceLayer.SENSOR,923,2024-08-26 23:32:52.485623
ESP32_F0ACBF,InferenceLayer.SENSOR,3736,2024-08-26 23:32:53.524910
ESP32_AB192B,InferenceLayer.SENSOR,1044,2024-08-26 23:32:54.513717
ESP32_A1BC36,InferenceLayer.SENSOR,1013,2024-08-26 23:32:55.573022
ESP32_C31F5E,InferenceLayer.SENSOR,3987,2024-08-26 23:32:56.520847
ESP32_E2F3EA,InferenceLayer.SENSOR,4295,2024-08-26 23:32:57.557539
ESP32_2E88CE,InferenceLayer.SENSOR,3782,2024-08-26 23:32:58.548361
ESP32_615B9D,InferenceLayer.SENSOR,3978,2024-08-26 23:32:59.564810
ESP32_AABBCC,InferenceLayer.SENSOR,1057,2024-08-26 23:33:01.931806
ESP32_09B38F,InferenceLayer.SENSOR,1531,2024-08-26 23:33:03.110349
ESP32_232714,InferenceLayer.SENSOR,4007,2024-08-26 23:33:03.915405
ESP32_B57936,InferenceLayer.SENSOR,1174,2024-08-26 23:33:04.934569
ESP32_8F7400,InferenceLayer.SENSOR,4199,2024-08-26 23:33:05.944089
ESP32_3330A5,InferenceLayer.SENSOR,1001,2024-08-26 23:33:07.014488
ESP32_ED5A4D,InferenceLayer.SENSOR,4243,2024-08-26 23:33:08.011373
ESP32_46B1A6,InferenceLayer.SENSOR,883,2024-08-26 23:33:08.931615
ESP32_46978A,InferenceLayer.SENSOR,3895,2024-08-26 23:33:09.956694
ESP32_97C286,InferenceLayer.SENSOR,1726,2024-08-26 23:33:10.998836
ESP32_B25FE3,InferenceLayer.SENSOR,1617,2024-08-26 23:33:12.033190
ESP32_1F4D55,InferenceLayer.SENSOR,4000,2024-08-26 23:33:12.971678
ESP32_ADD36D,InferenceLayer.SENSOR,3928,2024-08-26 23:33:14.001800
ESP32_F0ACBF,InferenceLayer.SENSOR,3240,2024-08-26 23:33:14.993844
ESP32_8F7400,InferenceLayer.SENSOR,924,2024-08-26 23:06:04.402063
ESP32_3330A5,InferenceLayer.SENSOR,921,2024-08-26 23:06:05.467166
ESP32_ED5A4D,InferenceLayer.SENSOR,1359,2024-08-26 23:06:06.435217
ESP32_46B1A6,InferenceLayer.SENSOR,4048,2024-08-26 23:06:07.427673
ESP32_46978A,InferenceLayer.SENSOR,3911,2024-08-26 23:06:08.437283
ESP32_97C286,InferenceLayer.SENSOR,4080,2024-08-26 23:06:09.490756
ESP32_B25FE3,InferenceLayer.SENSOR,1191,2024-08-26 23:06:10.500493
ESP32_1F4D55,InferenceLayer.SENSOR,4010,2024-08-26 23:06:11.494327
ESP32_ADD36D,InferenceLayer.SENSOR,4485,2024-08-26 23:06:12.468666
ESP32_F0ACBF,InferenceLayer.SENSOR,3718,2024-08-26 23:06:13.500092
ESP32_AB192B,InferenceLayer.SENSOR,4068,2024-08-26 23:06:14.499273
ESP32_A1BC36,InferenceLayer.SENSOR,1453,2024-08-26 23:06:15.548900
ESP32_C31F5E,InferenceLayer.SENSOR,2895,2024-08-26 23:06:16.506901
ESP32_E2F3EA,InferenceLayer.SENSOR,3948,2024-08-26 23:06:17.551508
ESP32_2E88CE,InferenceLayer.SENSOR,3924,2024-08-26 23:06:18.523365
ESP32_615B9D,InferenceLayer.SENSOR,4082,2024-08-26 23:06:19.535899
ESP32_AABBCC,InferenceLayer.SENSOR,3913,2024-08-26 23:06:22.004475
ESP32_09B38F,InferenceLayer.SENSOR,917,2024-08-26 23:06:22.930700
ESP32_232714,InferenceLayer.SENSOR,4185,2024-08-26 23:06:23.977704
ESP32_B57936,InferenceLayer.SENSOR,4051,2024-08-26 23:06:24.965960
ESP32_8F7400,InferenceLayer.SENSOR,3995,2024-08-26 23:06:25.992772
ESP32_3330A5,InferenceLayer.SENSOR,3958,2024-08-26 23:06:27.072500
ESP32_ED5A4D,InferenceLayer.SENSOR,4031,2024-08-26 23:06:27.993653
ESP32_46B1A6,InferenceLayer.SENSOR,3927,2024-08-26 23:06:29.005371
ESP32_46978A,InferenceLayer.SENSOR,4095,2024-08-26 23:06:30.018374
ESP32_97C286,InferenceLayer.SENSOR,3948,2024-08-26 23:06:31.050279
ESP32_B25FE3,InferenceLayer.SENSOR,3972,2024-08-26 23:06:32.081889
ESP32_1F4D55,InferenceLayer.SENSOR,4377,2024-08-26 23:06:33.048116
ESP32_ADD36D,InferenceLayer.SENSOR,3939,2024-08-26 23:06:34.048709
ESP32_F0ACBF,InferenceLayer.SENSOR,4007,2024-08-26 23:06:35.102067
ESP32_AB192B,InferenceLayer.SENSOR,3947,2024-08-26 23:06:36.084772
ESP32_A1BC36,InferenceLayer.SENSOR,3970,2024-08-26 23:06:37.145564
ESP32_C31F5E,InferenceLayer.SENSOR,3654,2024-08-26 23:06:38.104922
ESP32_E2F3EA,InferenceLayer.SENSOR,4217,2024-08-26 23:06:39.101894
ESP32_2E88CE,InferenceLayer.SENSOR,3092,2024-08-26 23:06:40.115192
ESP32_615B9D,InferenceLayer.SENSOR,3933,2024-08-26 23:06:41.145376
ESP32_AABBCC,InferenceLayer.SENSOR,3920,2024-08-26 23:06:43.581121
ESP32_09B38F,InferenceLayer.SENSOR,4003,2024-08-26 23:06:44.533413
ESP32_232714,InferenceLayer.SENSOR,1947,2024-08-26 23:06:45.525758
ESP32_B57936,InferenceLayer.SENSOR,3204,2024-08-26 23:06:46.544970
ESP32_8F7400,InferenceLayer.SENSOR,3090,2024-08-26 23:06:47.566920
ESP32_3330A5,InferenceLayer.SENSOR,3999,2024-08-26 23:06:48.613529
ESP32_ED5A4D,InferenceLayer.SENSOR,3817,2024-08-26 23:06:49.565826
ESP32_46B1A6,InferenceLayer.SENSOR,3974,2024-08-26 23:06:50.574580
ESP32_46978A,InferenceLayer.SENSOR,4084,2024-08-26 23:06:51.583506
ESP32_97C286,InferenceLayer.SENSOR,3265,2024-08-26 23:06:52.624699
ESP32_B25FE3,InferenceLayer.SENSOR,4173,2024-08-26 23:06:53.695363
ESP32_1F4D55,InferenceLayer.SENSOR,4231,2024-08-26 23:06:54.637855
ESP32_ADD36D,InferenceLayer.SENSOR,4125,2024-08-26 23:06:55.628884
ESP32_F0ACBF,InferenceLayer.SENSOR,3990,2024-08-26 23:06:56.648962
ESP32_AB192B,InferenceLayer.SENSOR,1524,2024-08-26 23:06:57.661946
ESP32_A1BC36,InferenceLayer.SENSOR,3692,2024-08-26 23:06:58.720291
ESP32_C31F5E,InferenceLayer.SENSOR,3959,2024-08-26 23:06:59.697464
ESP32_E2F3EA,InferenceLayer.SENSOR,4427,2024-08-26 23:07:00.675924
ESP32_2E88CE,InferenceLayer.SENSOR,2062,2024-08-26 23:07:01.720187
ESP32_615B9D,InferenceLayer.SENSOR,744,2024-08-26 23:07:02.711453
ESP32_AABBCC,InferenceLayer.SENSOR,3982,2024-08-26 23:07:05.145771
ESP32_09B38F,InferenceLayer.SENSOR,4126,2024-08-26 23:07:06.110142
ESP32_232714,InferenceLayer.SENSOR,3995,2024-08-26 23:07:07.118496
ESP32_B57936,InferenceLayer.SENSOR,4248,2024-08-26 23:07:08.112184
ESP32_8F7400,InferenceLayer.SENSOR,4852,2024-08-26 23:07:09.164792
ESP32_3330A5,InferenceLayer.SENSOR,4245,2024-08-26 23:07:10.196774
ESP32_ED5A4D,InferenceLayer.SENSOR,4018,2024-08-26 23:07:11.180028
ESP32_46B1A6,InferenceLayer.SENSOR,3959,2024-08-26 23:07:12.169639
ESP32_46978A,InferenceLayer.SENSOR,3615,2024-08-26 23:07:13.165802
ESP32_97C286,InferenceLayer.SENSOR,4717,2024-08-26 23:07:14.208967
ESP32_B25FE3,InferenceLayer.SENSOR,3684,2024-08-26 23:07:15.258028
ESP32_1F4D55,InferenceLayer.SENSOR,2726,2024-08-26 23:07:16.223214
ESP32_ADD36D,InferenceLayer.SENSOR,3476,2024-08-26 23:07:17.204432
ESP32_F0ACBF,InferenceLayer.SENSOR,2726,2024-08-26 23:07:18.223630
ESP32_AB192B,InferenceLayer.SENSOR,3078,2024-08-26 23:07:19.274997
ESP32_A1BC36,InferenceLayer.SENSOR,3382,2024-08-26 23:07:20.315972
ESP32_C31F5E,InferenceLayer.SENSOR,3060,2024-08-26 23:07:21.285495
ESP32_E2F3EA,InferenceLayer.SENSOR,2726,2024-08-26 23:07:22.291310
ESP32_2E88CE,InferenceLayer.SENSOR,1288,2024-08-26 23:07:23.287093
ESP32_615B9D,InferenceLayer.SENSOR,2725,2024-08-26 23:07:24.306044
ESP32_AABBCC,InferenceLayer.SENSOR,4241,2024-08-26 23:07:26.756904
ESP32_09B38F,InferenceLayer.SENSOR,1706,2024-08-26 23:07:27.679145
ESP32_232714,InferenceLayer.SENSOR,3984,2024-08-26 23:07:28.702970
ESP32_B57936,InferenceLayer.SENSOR,4048,2024-08-26 23:07:29.690204
ESP32_8F7400,InferenceLayer.SENSOR,3267,2024-08-26 23:07:30.699456
ESP32_3330A5,InferenceLayer.SENSOR,2527,2024-08-26 23:07:31.800092
ESP32_ED5A4D,InferenceLayer.SENSOR,1066,2024-08-26 23:07:32.709711
ESP32_46B1A6,InferenceLayer.SENSOR,3400,2024-08-26 23:07:33.716850
ESP32_46978A,InferenceLayer.SENSOR,3942,2024-08-26 23:07:34.734627
ESP32_97C286,InferenceLayer.SENSOR,3502,2024-08-26 23:07:35.776691
ESP32_B25FE3,InferenceLayer.SENSOR,3653,2024-08-26 23:07:36.835186
ESP32_1F4D55,InferenceLayer.SENSOR,940,2024-08-26 23:07:37.768914
ESP32_ADD36D,InferenceLayer.SENSOR,4260,2024-08-26 23:07:38.770499
ESP32_F0ACBF,InferenceLayer.SENSOR,3963,2024-08-26 23:07:39.807202
ESP32_AB192B,InferenceLayer.SENSOR,3642,2024-08-26 23:07:40.785901
ESP32_A1BC36,InferenceLayer.SENSOR,4096,2024-08-26 23:07:41.885243
ESP32_C31F5E,InferenceLayer.SENSOR,1147,2024-08-26 23:07:42.814301
ESP32_E2F3EA,InferenceLayer.SENSOR,3998,2024-08-26 23:07:43.832906
ESP32_2E88CE,InferenceLayer.SENSOR,4023,2024-08-26 23:07:44.855440
ESP32_615B9D,InferenceLayer.SENSOR,4126,2024-08-26 23:07:45.841768
ESP32_AABBCC,InferenceLayer.SENSOR,4521,2024-08-26 23:07:48.304103
ESP32_09B38F,InferenceLayer.SENSOR,1747,2024-08-26 23:07:49.254571
ESP32_232714,InferenceLayer.SENSOR,4106,2024-08-26 23:07:50.251667
ESP32_B57936,InferenceLayer.SENSOR,3380,2024-08-26 23:07:51.316729
ESP32_8F7400,InferenceLayer.SENSOR,2603,2024-08-26 23:07:52.310013
ESP32_3330A5,InferenceLayer.SENSOR,3248,2024-08-26 23:07:53.388309
ESP32_ED5A4D,InferenceLayer.SENSOR,3941,2024-08-26 23:07:54.356775
ESP32_46B1A6,InferenceLayer.SENSOR,3253,2024-08-26 23:07:55.318869
ESP32_46978A,InferenceLayer.SENSOR,3623,2024-08-26 23:07:56.316891
ESP32_97C286,InferenceLayer.SENSOR,2496,2024-08-26 23:07:57.343551
ESP32_B25FE3,InferenceLayer.SENSOR,2054,2024-08-26 23:07:58.390961
ESP32_1F4D55,InferenceLayer.SENSOR,4092,2024-08-26 23:07:59.367096
ESP32_ADD36D,InferenceLayer.SENSOR,3989,2024-08-26 23:08:00.356344
ESP32_F0ACBF,InferenceLayer.SENSOR,3964,2024-08-26 23:08:01.372908
ESP32_AB192B,InferenceLayer.SENSOR,3905,2024-08-26 23:08:02.360782
ESP32_A1BC36,InferenceLayer.SENSOR,4272,2024-08-26 23:08:03.468687
ESP32_AB192B,InferenceLayer.SENSOR,3764,2024-08-26 23:33:16.001022
ESP32_A1BC36,InferenceLayer.SENSOR,1900,2024-08-26 23:33:17.064039
ESP32_C31F5E,InferenceLayer.SENSOR,3953,2024-08-26 23:33:18.045594
ESP32_E2F3EA,InferenceLayer.SENSOR,4781,2024-08-26 23:33:19.066786
ESP32_2E88CE,InferenceLayer.SENSOR,4170,2024-08-26 23:33:20.043654
ESP32_615B9D,InferenceLayer.SENSOR,1908,2024-08-26 23:33:21.062190
ESP32_AABBCC,InferenceLayer.SENSOR,823,2024-08-26 23:33:23.457678
ESP32_09B38F,InferenceLayer.SENSOR,4184,2024-08-26 23:33:24.393393
ESP32_232714,InferenceLayer.SENSOR,1639,2024-08-26 23:33:25.423074
ESP32_B57936,InferenceLayer.SENSOR,4001,2024-08-26 23:33:26.419527
ESP32_8F7400,InferenceLayer.SENSOR,3955,2024-08-26 23:33:27.421112
ESP32_3330A5,InferenceLayer.SENSOR,4254,2024-08-26 23:33:28.507064
ESP32_ED5A4D,InferenceLayer.SENSOR,3924,2024-08-26 23:33:29.448178
ESP32_46B1A6,InferenceLayer.SENSOR,1405,2024-08-26 23:33:30.461954
ESP32_46978A,InferenceLayer.SENSOR,4049,2024-08-26 23:33:31.466424
ESP32_97C286,InferenceLayer.SENSOR,4035,2024-08-26 23:33:32.501155
ESP32_B25FE3,InferenceLayer.SENSOR,3920,2024-08-26 23:33:33.580272
ESP32_1F4D55,InferenceLayer.SENSOR,3920,2024-08-26 23:33:34.518247
ESP32_ADD36D,InferenceLayer.SENSOR,859,2024-08-26 23:33:35.519271
ESP32_F0ACBF,InferenceLayer.SENSOR,3508,2024-08-26 23:33:36.571461
ESP32_AB192B,InferenceLayer.SENSOR,3892,2024-08-26 23:33:37.509568
ESP32_A1BC36,InferenceLayer.SENSOR,3954,2024-08-26 23:33:38.588178
ESP32_C31F5E,InferenceLayer.SENSOR,4210,2024-08-26 23:33:39.538606
ESP32_E2F3EA,InferenceLayer.SENSOR,1111,2024-08-26 23:33:40.550488
ESP32_2E88CE,InferenceLayer.SENSOR,2181,2024-08-26 23:33:41.550209
ESP32_615B9D,InferenceLayer.SENSOR,5265,2024-08-26 23:33:42.571702
ESP32_AABBCC,InferenceLayer.SENSOR,4029,2024-08-26 23:33:45.004600
ESP32_09B38F,InferenceLayer.SENSOR,4027,2024-08-26 23:33:45.939054
ESP32_232714,InferenceLayer.SENSOR,1053,2024-08-26 23:33:46.931078
ESP32_B57936,InferenceLayer.SENSOR,3021,2024-08-26 23:33:47.931620
ESP32_8F7400,InferenceLayer.SENSOR,4035,2024-08-26 23:33:48.987836
ESP32_3330A5,InferenceLayer.SENSOR,1197,2024-08-26 23:33:50.045936
ESP32_ED5A4D,InferenceLayer.SENSOR,4182,2024-08-26 23:33:50.973600
ESP32_46B1A6,InferenceLayer.SENSOR,1420,2024-08-26 23:33:52.030963
ESP32_46978A,InferenceLayer.SENSOR,4002,2024-08-26 23:33:53.269571
ESP32_97C286,InferenceLayer.SENSOR,1535,2024-08-26 23:33:54.017015
ESP32_B25FE3,InferenceLayer.SENSOR,3932,2024-08-26 23:33:55.099068
ESP32_1F4D55,InferenceLayer.SENSOR,3912,2024-08-26 23:33:56.036664
ESP32_ADD36D,InferenceLayer.SENSOR,1626,2024-08-26 23:33:57.063619
ESP32_F0ACBF,InferenceLayer.SENSOR,1702,2024-08-26 23:33:58.042064
ESP32_AB192B,InferenceLayer.SENSOR,3947,2024-08-26 23:33:59.052679
ESP32_A1BC36,InferenceLayer.SENSOR,4147,2024-08-26 23:34:00.112008
ESP32_C31F5E,InferenceLayer.SENSOR,4313,2024-08-26 23:34:01.083658
ESP32_E2F3EA,InferenceLayer.SENSOR,2751,2024-08-26 23:34:02.100615
ESP32_2E88CE,InferenceLayer.SENSOR,4267,2024-08-26 23:34:03.128897
ESP32_615B9D,InferenceLayer.SENSOR,4024,2024-08-26 23:34:04.101431
ESP32_A1BC36,InferenceLayer.SENSOR,4263,2024-08-26 23:37:56.807634
ESP32_C31F5E,InferenceLayer.SENSOR,3103,2024-08-26 23:37:57.730179
ESP32_E2F3EA,InferenceLayer.SENSOR,3943,2024-08-26 23:37:58.779118
ESP32_2E88CE,InferenceLayer.SENSOR,4150,2024-08-26 23:37:59.783415
ESP32_C31F5E,InferenceLayer.SENSOR,3991,2024-08-26 23:08:04.392721
ESP32_E2F3EA,InferenceLayer.SENSOR,1763,2024-08-26 23:08:05.390942
ESP32_2E88CE,InferenceLayer.SENSOR,4009,2024-08-26 23:08:06.415710
ESP32_615B9D,InferenceLayer.SENSOR,4895,2024-08-26 23:08:07.447865
ESP32_AABBCC,InferenceLayer.SENSOR,3916,2024-08-26 23:08:09.874356
ESP32_09B38F,InferenceLayer.SENSOR,3935,2024-08-26 23:08:10.821447
ESP32_232714,InferenceLayer.SENSOR,4134,2024-08-26 23:08:11.861591
ESP32_B57936,InferenceLayer.SENSOR,1143,2024-08-26 23:08:12.860773
ESP32_8F7400,InferenceLayer.SENSOR,4027,2024-08-26 23:08:13.867824
ESP32_3330A5,InferenceLayer.SENSOR,4076,2024-08-26 23:08:14.921305
ESP32_ED5A4D,InferenceLayer.SENSOR,3643,2024-08-26 23:08:15.883052
ESP32_46B1A6,InferenceLayer.SENSOR,3367,2024-08-26 23:08:16.915756
ESP32_46978A,InferenceLayer.SENSOR,1696,2024-08-26 23:08:17.890892
ESP32_97C286,InferenceLayer.SENSOR,4718,2024-08-26 23:08:18.920407
ESP32_B25FE3,InferenceLayer.SENSOR,4022,2024-08-26 23:08:19.975362
ESP32_1F4D55,InferenceLayer.SENSOR,3895,2024-08-26 23:08:20.967758
ESP32_ADD36D,InferenceLayer.SENSOR,3899,2024-08-26 23:08:21.937473
ESP32_F0ACBF,InferenceLayer.SENSOR,3968,2024-08-26 23:08:22.946812
ESP32_AB192B,InferenceLayer.SENSOR,3261,2024-08-26 23:08:23.967132
ESP32_A1BC36,InferenceLayer.SENSOR,3868,2024-08-26 23:08:25.004388
ESP32_C31F5E,InferenceLayer.SENSOR,4044,2024-08-26 23:08:25.983261
ESP32_E2F3EA,InferenceLayer.SENSOR,1678,2024-08-26 23:08:27.027579
ESP32_2E88CE,InferenceLayer.SENSOR,4016,2024-08-26 23:08:28.006213
ESP32_615B9D,InferenceLayer.SENSOR,1197,2024-08-26 23:08:29.029380
ESP32_AABBCC,InferenceLayer.SENSOR,3121,2024-08-26 23:08:31.458843
ESP32_09B38F,InferenceLayer.SENSOR,3925,2024-08-26 23:08:32.426370
ESP32_232714,InferenceLayer.SENSOR,2366,2024-08-26 23:08:33.417725
ESP32_B57936,InferenceLayer.SENSOR,2979,2024-08-26 23:08:34.448721
ESP32_8F7400,InferenceLayer.SENSOR,1543,2024-08-26 23:08:35.448634
ESP32_3330A5,InferenceLayer.SENSOR,3985,2024-08-26 23:08:36.487121
ESP32_ED5A4D,InferenceLayer.SENSOR,3922,2024-08-26 23:08:37.452287
ESP32_46B1A6,InferenceLayer.SENSOR,3474,2024-08-26 23:08:38.495663
ESP32_46978A,InferenceLayer.SENSOR,925,2024-08-26 23:08:39.466967
ESP32_97C286,InferenceLayer.SENSOR,822,2024-08-26 23:08:40.487267
ESP32_B25FE3,InferenceLayer.SENSOR,3179,2024-08-26 23:08:41.554446
ESP32_1F4D55,InferenceLayer.SENSOR,3889,2024-08-26 23:08:42.515210
ESP32_ADD36D,InferenceLayer.SENSOR,1450,2024-08-26 23:08:43.499867
ESP32_F0ACBF,InferenceLayer.SENSOR,4076,2024-08-26 23:08:44.544497
ESP32_AB192B,InferenceLayer.SENSOR,958,2024-08-26 23:08:45.542898
ESP32_A1BC36,InferenceLayer.SENSOR,4002,2024-08-26 23:08:46.618863
ESP32_C31F5E,InferenceLayer.SENSOR,1010,2024-08-26 23:08:47.552346
ESP32_E2F3EA,InferenceLayer.SENSOR,3980,2024-08-26 23:08:48.567072
ESP32_2E88CE,InferenceLayer.SENSOR,762,2024-08-26 23:08:49.597275
ESP32_615B9D,InferenceLayer.SENSOR,1142,2024-08-26 23:08:50.604569
ESP32_AABBCC,InferenceLayer.SENSOR,4241,2024-08-26 23:08:53.050892
ESP32_09B38F,InferenceLayer.SENSOR,3925,2024-08-26 23:08:54.026870
ESP32_232714,InferenceLayer.SENSOR,3937,2024-08-26 23:08:55.049991
ESP32_B57936,InferenceLayer.SENSOR,3963,2024-08-26 23:08:56.087284
ESP32_8F7400,InferenceLayer.SENSOR,2965,2024-08-26 23:08:57.055091
ESP32_3330A5,InferenceLayer.SENSOR,3264,2024-08-26 23:08:58.147513
ESP32_ED5A4D,InferenceLayer.SENSOR,4007,2024-08-26 23:08:59.115774
ESP32_46B1A6,InferenceLayer.SENSOR,4006,2024-08-26 23:09:00.105993
ESP32_46978A,InferenceLayer.SENSOR,3242,2024-08-26 23:09:01.099993
ESP32_97C286,InferenceLayer.SENSOR,1612,2024-08-26 23:09:02.153685
ESP32_B25FE3,InferenceLayer.SENSOR,4041,2024-08-26 23:09:03.199609
ESP32_1F4D55,InferenceLayer.SENSOR,1153,2024-08-26 23:09:04.151436
ESP32_ADD36D,InferenceLayer.SENSOR,4073,2024-08-26 23:09:05.172663
ESP32_F0ACBF,InferenceLayer.SENSOR,936,2024-08-26 23:09:06.205336
ESP32_AB192B,InferenceLayer.SENSOR,4034,2024-08-26 23:09:07.205738
ESP32_A1BC36,InferenceLayer.SENSOR,936,2024-08-26 23:09:08.252152
ESP32_C31F5E,InferenceLayer.SENSOR,4162,2024-08-26 23:09:09.224683
ESP32_E2F3EA,InferenceLayer.SENSOR,1357,2024-08-26 23:09:10.224939
ESP32_2E88CE,InferenceLayer.SENSOR,4518,2024-08-26 23:09:11.240001
ESP32_615B9D,InferenceLayer.SENSOR,3934,2024-08-26 23:09:12.318503
ESP32_AABBCC,InferenceLayer.SENSOR,4342,2024-08-26 23:09:14.747379
ESP32_09B38F,InferenceLayer.SENSOR,1642,2024-08-26 23:09:15.708798
ESP32_232714,InferenceLayer.SENSOR,2509,2024-08-26 23:09:16.695136
ESP32_B57936,InferenceLayer.SENSOR,3920,2024-08-26 23:09:17.726626
ESP32_8F7400,InferenceLayer.SENSOR,2821,2024-08-26 23:09:18.712702
ESP32_3330A5,InferenceLayer.SENSOR,3248,2024-08-26 23:09:19.774109
ESP32_ED5A4D,InferenceLayer.SENSOR,1718,2024-08-26 23:09:20.731913
ESP32_46B1A6,InferenceLayer.SENSOR,4113,2024-08-26 23:09:21.788787
ESP32_46978A,InferenceLayer.SENSOR,1314,2024-08-26 23:09:23.144813
ESP32_97C286,InferenceLayer.SENSOR,3989,2024-08-26 23:09:23.779104
ESP32_B25FE3,InferenceLayer.SENSOR,1100,2024-08-26 23:09:24.864866
ESP32_1F4D55,InferenceLayer.SENSOR,4418,2024-08-26 23:09:25.799845
ESP32_ADD36D,InferenceLayer.SENSOR,962,2024-08-26 23:09:26.825968
ESP32_F0ACBF,InferenceLayer.SENSOR,1200,2024-08-26 23:09:27.842334
ESP32_AB192B,InferenceLayer.SENSOR,1302,2024-08-26 23:09:28.859113
ESP32_A1BC36,InferenceLayer.SENSOR,3966,2024-08-26 23:09:29.926762
ESP32_C31F5E,InferenceLayer.SENSOR,3934,2024-08-26 23:09:30.861965
ESP32_E2F3EA,InferenceLayer.SENSOR,1364,2024-08-26 23:09:31.882843
ESP32_2E88CE,InferenceLayer.SENSOR,911,2024-08-26 23:09:32.885747
ESP32_615B9D,InferenceLayer.SENSOR,3246,2024-08-26 23:09:33.888913
ESP32_AABBCC,InferenceLayer.SENSOR,3904,2024-08-26 23:09:36.352285
ESP32_09B38F,InferenceLayer.SENSOR,4627,2024-08-26 23:09:37.320038
ESP32_232714,InferenceLayer.SENSOR,4024,2024-08-26 23:09:38.357218
ESP32_B57936,InferenceLayer.SENSOR,2018,2024-08-26 23:09:39.363591
ESP32_8F7400,InferenceLayer.SENSOR,4020,2024-08-26 23:09:40.356260
ESP32_3330A5,InferenceLayer.SENSOR,1683,2024-08-26 23:09:41.451135
ESP32_ED5A4D,InferenceLayer.SENSOR,3971,2024-08-26 23:09:42.410034
ESP32_46B1A6,InferenceLayer.SENSOR,1145,2024-08-26 23:09:43.405709
ESP32_46978A,InferenceLayer.SENSOR,3955,2024-08-26 23:09:44.418071
ESP32_97C286,InferenceLayer.SENSOR,1006,2024-08-26 23:09:45.456557
ESP32_B25FE3,InferenceLayer.SENSOR,3833,2024-08-26 23:09:46.480811
ESP32_1F4D55,InferenceLayer.SENSOR,1131,2024-08-26 23:09:47.463721
ESP32_ADD36D,InferenceLayer.SENSOR,3924,2024-08-26 23:09:48.485302
ESP32_F0ACBF,InferenceLayer.SENSOR,2548,2024-08-26 23:09:49.467362
ESP32_AB192B,InferenceLayer.SENSOR,4003,2024-08-26 23:09:50.493093
ESP32_A1BC36,InferenceLayer.SENSOR,4483,2024-08-26 23:09:51.556261
ESP32_C31F5E,InferenceLayer.SENSOR,1862,2024-08-26 23:09:52.512738
ESP32_E2F3EA,InferenceLayer.SENSOR,3024,2024-08-26 23:09:53.560980
ESP32_2E88CE,InferenceLayer.SENSOR,3942,2024-08-26 23:09:54.552267
ESP32_615B9D,InferenceLayer.SENSOR,1212,2024-08-26 23:09:55.581010
ESP32_AABBCC,InferenceLayer.SENSOR,1334,2024-08-26 23:09:58.035206
ESP32_09B38F,InferenceLayer.SENSOR,3858,2024-08-26 23:09:58.974556
ESP32_232714,InferenceLayer.SENSOR,1459,2024-08-26 23:10:00.018901
ESP32_B57936,InferenceLayer.SENSOR,3812,2024-08-26 23:10:00.997568
ESP32_8F7400,InferenceLayer.SENSOR,1053,2024-08-26 23:10:02.026413
ESP32_3330A5,InferenceLayer.SENSOR,1826,2024-08-26 23:10:03.106416
ESP32_AABBCC,InferenceLayer.SENSOR,3902,2024-08-26 23:34:06.540230
ESP32_09B38F,InferenceLayer.SENSOR,3588,2024-08-26 23:34:07.439842
ESP32_232714,InferenceLayer.SENSOR,4007,2024-08-26 23:34:08.455223
ESP32_B57936,InferenceLayer.SENSOR,3989,2024-08-26 23:34:09.489392
ESP32_8F7400,InferenceLayer.SENSOR,1625,2024-08-26 23:34:10.501629
ESP32_3330A5,InferenceLayer.SENSOR,3961,2024-08-26 23:34:11.544618
ESP32_ED5A4D,InferenceLayer.SENSOR,3871,2024-08-26 23:34:12.538667
ESP32_46B1A6,InferenceLayer.SENSOR,3955,2024-08-26 23:34:13.504253
ESP32_46978A,InferenceLayer.SENSOR,3966,2024-08-26 23:34:14.539640
ESP32_97C286,InferenceLayer.SENSOR,863,2024-08-26 23:34:15.508721
ESP32_B25FE3,InferenceLayer.SENSOR,4064,2024-08-26 23:34:16.568583
ESP32_1F4D55,InferenceLayer.SENSOR,3910,2024-08-26 23:34:17.537109
ESP32_ADD36D,InferenceLayer.SENSOR,2992,2024-08-26 23:34:18.572027
ESP32_F0ACBF,InferenceLayer.SENSOR,4079,2024-08-26 23:34:19.553294
ESP32_AB192B,InferenceLayer.SENSOR,1151,2024-08-26 23:34:20.590616
ESP32_A1BC36,InferenceLayer.SENSOR,4080,2024-08-26 23:34:21.632796
ESP32_C31F5E,InferenceLayer.SENSOR,4062,2024-08-26 23:34:22.589172
ESP32_E2F3EA,InferenceLayer.SENSOR,4003,2024-08-26 23:34:23.603140
ESP32_2E88CE,InferenceLayer.SENSOR,4000,2024-08-26 23:34:24.610352
ESP32_615B9D,InferenceLayer.SENSOR,1250,2024-08-26 23:34:25.622666
ESP32_AABBCC,InferenceLayer.SENSOR,3962,2024-08-26 23:34:28.028816
ESP32_09B38F,InferenceLayer.SENSOR,3780,2024-08-26 23:34:29.002184
ESP32_232714,InferenceLayer.SENSOR,3987,2024-08-26 23:34:29.964679
ESP32_B57936,InferenceLayer.SENSOR,4128,2024-08-26 23:34:30.997289
ESP32_8F7400,InferenceLayer.SENSOR,1257,2024-08-26 23:34:31.993364
ESP32_3330A5,InferenceLayer.SENSOR,4249,2024-08-26 23:34:33.048848
ESP32_ED5A4D,InferenceLayer.SENSOR,3986,2024-08-26 23:34:34.045411
ESP32_46B1A6,InferenceLayer.SENSOR,6144,2024-08-26 23:34:35.027219
ESP32_46978A,InferenceLayer.SENSOR,4198,2024-08-26 23:34:36.059340
ESP32_97C286,InferenceLayer.SENSOR,1568,2024-08-26 23:34:37.056343
ESP32_B25FE3,InferenceLayer.SENSOR,3856,2024-08-26 23:34:38.155504
ESP32_1F4D55,InferenceLayer.SENSOR,4012,2024-08-26 23:34:39.065468
ESP32_ADD36D,InferenceLayer.SENSOR,3963,2024-08-26 23:34:40.094712
ESP32_F0ACBF,InferenceLayer.SENSOR,3938,2024-08-26 23:34:41.117489
ESP32_AB192B,InferenceLayer.SENSOR,3161,2024-08-26 23:34:42.098064
ESP32_A1BC36,InferenceLayer.SENSOR,3952,2024-08-26 23:34:43.174753
ESP32_C31F5E,InferenceLayer.SENSOR,4110,2024-08-26 23:34:44.149379
ESP32_E2F3EA,InferenceLayer.SENSOR,3973,2024-08-26 23:34:45.127416
ESP32_2E88CE,InferenceLayer.SENSOR,4023,2024-08-26 23:34:46.158094
ESP32_615B9D,InferenceLayer.SENSOR,3816,2024-08-26 23:34:47.154075
ESP32_AABBCC,InferenceLayer.SENSOR,3943,2024-08-26 23:34:49.548955
ESP32_09B38F,InferenceLayer.SENSOR,1475,2024-08-26 23:34:50.506163
ESP32_232714,InferenceLayer.SENSOR,4192,2024-08-26 23:34:51.535327
ESP32_B57936,InferenceLayer.SENSOR,3997,2024-08-26 23:34:52.504685
ESP32_8F7400,InferenceLayer.SENSOR,5281,2024-08-26 23:34:53.555916
ESP32_3330A5,InferenceLayer.SENSOR,4287,2024-08-26 23:34:54.591446
ESP32_ED5A4D,InferenceLayer.SENSOR,835,2024-08-26 23:34:55.536857
ESP32_46B1A6,InferenceLayer.SENSOR,3680,2024-08-26 23:34:56.547928
ESP32_46978A,InferenceLayer.SENSOR,4044,2024-08-26 23:34:57.562723
ESP32_97C286,InferenceLayer.SENSOR,5372,2024-08-26 23:34:58.575350
ESP32_B25FE3,InferenceLayer.SENSOR,1763,2024-08-26 23:34:59.641279
ESP32_1F4D55,InferenceLayer.SENSOR,1038,2024-08-26 23:35:00.607711
ESP32_ED5A4D,InferenceLayer.SENSOR,923,2024-08-26 23:10:04.067726
ESP32_46B1A6,InferenceLayer.SENSOR,3955,2024-08-26 23:10:05.098949
ESP32_46978A,InferenceLayer.SENSOR,839,2024-08-26 23:10:06.061320
ESP32_97C286,InferenceLayer.SENSOR,3971,2024-08-26 23:10:07.086299
ESP32_B25FE3,InferenceLayer.SENSOR,3293,2024-08-26 23:10:08.139389
ESP32_1F4D55,InferenceLayer.SENSOR,4048,2024-08-26 23:10:09.124667
ESP32_ADD36D,InferenceLayer.SENSOR,4066,2024-08-26 23:10:10.169453
ESP32_F0ACBF,InferenceLayer.SENSOR,4010,2024-08-26 23:10:11.132874
ESP32_AB192B,InferenceLayer.SENSOR,1756,2024-08-26 23:10:12.128282
ESP32_A1BC36,InferenceLayer.SENSOR,3878,2024-08-26 23:10:13.203629
ESP32_C31F5E,InferenceLayer.SENSOR,2793,2024-08-26 23:10:14.239386
ESP32_E2F3EA,InferenceLayer.SENSOR,3981,2024-08-26 23:10:15.185167
ESP32_2E88CE,InferenceLayer.SENSOR,4040,2024-08-26 23:10:16.224122
ESP32_615B9D,InferenceLayer.SENSOR,3619,2024-08-26 23:10:17.220256
ESP32_AABBCC,InferenceLayer.SENSOR,3948,2024-08-26 23:10:19.617912
ESP32_09B38F,InferenceLayer.SENSOR,986,2024-08-26 23:10:20.648351
ESP32_232714,InferenceLayer.SENSOR,4204,2024-08-26 23:10:21.653326
ESP32_B57936,InferenceLayer.SENSOR,834,2024-08-26 23:10:22.691817
ESP32_8F7400,InferenceLayer.SENSOR,4077,2024-08-26 23:10:23.808269
ESP32_3330A5,InferenceLayer.SENSOR,1188,2024-08-26 23:10:24.691581
ESP32_ED5A4D,InferenceLayer.SENSOR,1211,2024-08-26 23:10:25.706245
ESP32_46B1A6,InferenceLayer.SENSOR,4090,2024-08-26 23:10:26.724049
ESP32_46978A,InferenceLayer.SENSOR,3948,2024-08-26 23:10:27.760933
ESP32_97C286,InferenceLayer.SENSOR,4021,2024-08-26 23:10:28.730944
ESP32_B25FE3,InferenceLayer.SENSOR,4262,2024-08-26 23:10:29.836837
ESP32_1F4D55,InferenceLayer.SENSOR,2677,2024-08-26 23:10:30.786274
ESP32_ADD36D,InferenceLayer.SENSOR,4189,2024-08-26 23:10:31.844368
ESP32_F0ACBF,InferenceLayer.SENSOR,3858,2024-08-26 23:10:32.813945
ESP32_AB192B,InferenceLayer.SENSOR,4099,2024-08-26 23:10:33.846455
ESP32_A1BC36,InferenceLayer.SENSOR,3967,2024-08-26 23:10:34.887475
ESP32_C31F5E,InferenceLayer.SENSOR,3238,2024-08-26 23:10:35.876852
ESP32_E2F3EA,InferenceLayer.SENSOR,4127,2024-08-26 23:10:36.861253
ESP32_2E88CE,InferenceLayer.SENSOR,1553,2024-08-26 23:10:37.871546
ESP32_615B9D,InferenceLayer.SENSOR,4708,2024-08-26 23:10:38.897183
ESP32_AABBCC,InferenceLayer.SENSOR,1016,2024-08-26 23:10:41.402611
ESP32_09B38F,InferenceLayer.SENSOR,3707,2024-08-26 23:10:42.313686
ESP32_232714,InferenceLayer.SENSOR,863,2024-08-26 23:10:43.350841
ESP32_B57936,InferenceLayer.SENSOR,3954,2024-08-26 23:10:44.375445
ESP32_8F7400,InferenceLayer.SENSOR,1276,2024-08-26 23:10:45.343730
ESP32_3330A5,InferenceLayer.SENSOR,3945,2024-08-26 23:10:46.425120
ESP32_ED5A4D,InferenceLayer.SENSOR,3877,2024-08-26 23:10:47.388556
ESP32_46B1A6,InferenceLayer.SENSOR,4243,2024-08-26 23:10:48.427669
ESP32_46978A,InferenceLayer.SENSOR,4029,2024-08-26 23:10:49.450218
ESP32_97C286,InferenceLayer.SENSOR,4010,2024-08-26 23:10:50.431045
ESP32_B25FE3,InferenceLayer.SENSOR,4164,2024-08-26 23:10:51.506501
ESP32_1F4D55,InferenceLayer.SENSOR,3957,2024-08-26 23:10:52.493217
ESP32_ADD36D,InferenceLayer.SENSOR,4305,2024-08-26 23:10:53.509266
ESP32_F0ACBF,InferenceLayer.SENSOR,4060,2024-08-26 23:10:54.488239
ESP32_AB192B,InferenceLayer.SENSOR,2391,2024-08-26 23:10:55.503804
ESP32_A1BC36,InferenceLayer.SENSOR,4037,2024-08-26 23:10:56.587784
ESP32_C31F5E,InferenceLayer.SENSOR,1757,2024-08-26 23:10:57.548484
ESP32_E2F3EA,InferenceLayer.SENSOR,3997,2024-08-26 23:10:58.596369
ESP32_2E88CE,InferenceLayer.SENSOR,3802,2024-08-26 23:10:59.574485
ESP32_615B9D,InferenceLayer.SENSOR,4113,2024-08-26 23:11:00.551890
ESP32_AABBCC,InferenceLayer.SENSOR,892,2024-08-26 23:11:03.034023
ESP32_09B38F,InferenceLayer.SENSOR,962,2024-08-26 23:11:03.962432
ESP32_232714,InferenceLayer.SENSOR,4014,2024-08-26 23:11:04.979573
ESP32_B57936,InferenceLayer.SENSOR,1711,2024-08-26 23:11:05.999557
ESP32_8F7400,InferenceLayer.SENSOR,3766,2024-08-26 23:11:07.066353
ESP32_3330A5,InferenceLayer.SENSOR,1050,2024-08-26 23:11:08.090734
ESP32_ED5A4D,InferenceLayer.SENSOR,3984,2024-08-26 23:11:09.042886
ESP32_46B1A6,InferenceLayer.SENSOR,2405,2024-08-26 23:11:10.057522
ESP32_46978A,InferenceLayer.SENSOR,3943,2024-08-26 23:11:11.084634
ESP32_97C286,InferenceLayer.SENSOR,4356,2024-08-26 23:11:12.072386
ESP32_B25FE3,InferenceLayer.SENSOR,1660,2024-08-26 23:11:13.168764
ESP32_1F4D55,InferenceLayer.SENSOR,4062,2024-08-26 23:11:14.108510
ESP32_ADD36D,InferenceLayer.SENSOR,4117,2024-08-26 23:11:15.164640
ESP32_F0ACBF,InferenceLayer.SENSOR,2847,2024-08-26 23:11:16.130277
ESP32_AB192B,InferenceLayer.SENSOR,3740,2024-08-26 23:11:17.150728
ESP32_A1BC36,InferenceLayer.SENSOR,1202,2024-08-26 23:11:18.236800
ESP32_C31F5E,InferenceLayer.SENSOR,3599,2024-08-26 23:11:19.177562
ESP32_E2F3EA,InferenceLayer.SENSOR,4091,2024-08-26 23:11:20.174574
ESP32_2E88CE,InferenceLayer.SENSOR,4141,2024-08-26 23:11:21.218612
ESP32_615B9D,InferenceLayer.SENSOR,3981,2024-08-26 23:11:22.237333
ESP32_AABBCC,InferenceLayer.SENSOR,960,2024-08-26 23:11:24.692165
ESP32_09B38F,InferenceLayer.SENSOR,1871,2024-08-26 23:11:25.636383
ESP32_232714,InferenceLayer.SENSOR,4003,2024-08-26 23:11:26.661177
ESP32_B57936,InferenceLayer.SENSOR,3706,2024-08-26 23:11:27.697485
ESP32_8F7400,InferenceLayer.SENSOR,4121,2024-08-26 23:11:28.715960
ESP32_3330A5,InferenceLayer.SENSOR,4068,2024-08-26 23:11:29.750813
ESP32_ED5A4D,InferenceLayer.SENSOR,949,2024-08-26 23:11:30.705532
ESP32_46B1A6,InferenceLayer.SENSOR,3969,2024-08-26 23:11:31.726004
ESP32_46978A,InferenceLayer.SENSOR,3977,2024-08-26 23:11:32.736302
ESP32_97C286,InferenceLayer.SENSOR,4062,2024-08-26 23:11:33.802490
ESP32_B25FE3,InferenceLayer.SENSOR,1537,2024-08-26 23:11:34.824537
ESP32_1F4D55,InferenceLayer.SENSOR,1189,2024-08-26 23:11:35.781155
ESP32_ADD36D,InferenceLayer.SENSOR,8468,2024-08-26 23:11:36.815903
ESP32_F0ACBF,InferenceLayer.SENSOR,4213,2024-08-26 23:11:37.841266
ESP32_AB192B,InferenceLayer.SENSOR,4200,2024-08-26 23:11:38.832902
ESP32_A1BC36,InferenceLayer.SENSOR,3233,2024-08-26 23:11:39.917164
ESP32_C31F5E,InferenceLayer.SENSOR,1647,2024-08-26 23:11:40.848922
ESP32_E2F3EA,InferenceLayer.SENSOR,4024,2024-08-26 23:11:41.907247
ESP32_2E88CE,InferenceLayer.SENSOR,3904,2024-08-26 23:11:42.882672
ESP32_615B9D,InferenceLayer.SENSOR,3917,2024-08-26 23:11:43.895498
ESP32_AABBCC,InferenceLayer.SENSOR,3937,2024-08-26 23:11:46.362044
ESP32_09B38F,InferenceLayer.SENSOR,4031,2024-08-26 23:11:47.329978
ESP32_232714,InferenceLayer.SENSOR,3085,2024-08-26 23:11:48.327661
ESP32_B57936,InferenceLayer.SENSOR,3562,2024-08-26 23:11:49.332501
ESP32_8F7400,InferenceLayer.SENSOR,3934,2024-08-26 23:11:50.352741
ESP32_3330A5,InferenceLayer.SENSOR,4356,2024-08-26 23:11:51.469432
ESP32_ED5A4D,InferenceLayer.SENSOR,3941,2024-08-26 23:11:52.373580
ESP32_46B1A6,InferenceLayer.SENSOR,3965,2024-08-26 23:11:53.417012
ESP32_46978A,InferenceLayer.SENSOR,3307,2024-08-26 23:11:54.424093
ESP32_97C286,InferenceLayer.SENSOR,3941,2024-08-26 23:11:55.408083
ESP32_B25FE3,InferenceLayer.SENSOR,4129,2024-08-26 23:11:56.485937
ESP32_1F4D55,InferenceLayer.SENSOR,3929,2024-08-26 23:11:57.445855
ESP32_ADD36D,InferenceLayer.SENSOR,4023,2024-08-26 23:11:58.475293
ESP32_F0ACBF,InferenceLayer.SENSOR,3019,2024-08-26 23:11:59.499409
ESP32_AB192B,InferenceLayer.SENSOR,3672,2024-08-26 23:12:00.523970
ESP32_A1BC36,InferenceLayer.SENSOR,3349,2024-08-26 23:12:01.547600
ESP32_C31F5E,InferenceLayer.SENSOR,3898,2024-08-26 23:12:02.507060
ESP32_E2F3EA,InferenceLayer.SENSOR,4028,2024-08-26 23:12:03.529125
ESP32_ADD36D,InferenceLayer.SENSOR,3997,2024-08-26 23:35:01.593302
ESP32_F0ACBF,InferenceLayer.SENSOR,2687,2024-08-26 23:35:02.625721
ESP32_AB192B,InferenceLayer.SENSOR,3787,2024-08-26 23:35:03.651308
ESP32_A1BC36,InferenceLayer.SENSOR,1532,2024-08-26 23:35:04.738356
ESP32_C31F5E,InferenceLayer.SENSOR,1200,2024-08-26 23:35:05.658306
ESP32_E2F3EA,InferenceLayer.SENSOR,1101,2024-08-26 23:35:06.645204
ESP32_2E88CE,InferenceLayer.SENSOR,4222,2024-08-26 23:35:07.642940
ESP32_615B9D,InferenceLayer.SENSOR,1074,2024-08-26 23:35:08.659177
ESP32_AABBCC,InferenceLayer.SENSOR,4040,2024-08-26 23:35:11.072321
ESP32_09B38F,InferenceLayer.SENSOR,1094,2024-08-26 23:35:12.035740
ESP32_232714,InferenceLayer.SENSOR,4044,2024-08-26 23:35:13.051100
ESP32_B57936,InferenceLayer.SENSOR,4666,2024-08-26 23:35:14.094417
ESP32_8F7400,InferenceLayer.SENSOR,3130,2024-08-26 23:35:15.039700
ESP32_3330A5,InferenceLayer.SENSOR,3915,2024-08-26 23:35:16.098517
ESP32_ED5A4D,InferenceLayer.SENSOR,1610,2024-08-26 23:35:17.048928
ESP32_46B1A6,InferenceLayer.SENSOR,3989,2024-08-26 23:35:18.064550
ESP32_46978A,InferenceLayer.SENSOR,866,2024-08-26 23:35:19.075345
ESP32_97C286,InferenceLayer.SENSOR,4045,2024-08-26 23:35:20.085287
ESP32_B25FE3,InferenceLayer.SENSOR,1273,2024-08-26 23:35:21.126245
ESP32_1F4D55,InferenceLayer.SENSOR,1766,2024-08-26 23:35:22.124557
ESP32_ADD36D,InferenceLayer.SENSOR,1022,2024-08-26 23:35:23.132042
ESP32_F0ACBF,InferenceLayer.SENSOR,4013,2024-08-26 23:35:24.110671
ESP32_AB192B,InferenceLayer.SENSOR,973,2024-08-26 23:35:25.140334
ESP32_A1BC36,InferenceLayer.SENSOR,4249,2024-08-26 23:35:26.166901
ESP32_C31F5E,InferenceLayer.SENSOR,1543,2024-08-26 23:35:27.140024
ESP32_E2F3EA,InferenceLayer.SENSOR,3495,2024-08-26 23:35:28.181396
ESP32_2E88CE,InferenceLayer.SENSOR,3534,2024-08-26 23:35:29.135266
ESP32_615B9D,InferenceLayer.SENSOR,2245,2024-08-26 23:35:30.212277
ESP32_AABBCC,InferenceLayer.SENSOR,3941,2024-08-26 23:35:32.597036
ESP32_09B38F,InferenceLayer.SENSOR,1776,2024-08-26 23:35:33.515380
ESP32_232714,InferenceLayer.SENSOR,5138,2024-08-26 23:35:34.517778
ESP32_B57936,InferenceLayer.SENSOR,856,2024-08-26 23:35:35.552112
ESP32_8F7400,InferenceLayer.SENSOR,4113,2024-08-26 23:35:36.533661
ESP32_3330A5,InferenceLayer.SENSOR,1043,2024-08-26 23:35:37.613890
ESP32_ED5A4D,InferenceLayer.SENSOR,4543,2024-08-26 23:35:38.583149
ESP32_46B1A6,InferenceLayer.SENSOR,840,2024-08-26 23:35:39.595633
ESP32_46978A,InferenceLayer.SENSOR,898,2024-08-26 23:35:40.578288
ESP32_97C286,InferenceLayer.SENSOR,1872,2024-08-26 23:35:41.576348
ESP32_B25FE3,InferenceLayer.SENSOR,4038,2024-08-26 23:35:42.675844
ESP32_1F4D55,InferenceLayer.SENSOR,3975,2024-08-26 23:35:43.600866
ESP32_ADD36D,InferenceLayer.SENSOR,4146,2024-08-26 23:35:44.617885
ESP32_F0ACBF,InferenceLayer.SENSOR,1130,2024-08-26 23:35:45.602911
ESP32_AB192B,InferenceLayer.SENSOR,4386,2024-08-26 23:35:46.655815
ESP32_A1BC36,InferenceLayer.SENSOR,3907,2024-08-26 23:35:47.733338
ESP32_C31F5E,InferenceLayer.SENSOR,3735,2024-08-26 23:35:48.648050
ESP32_E2F3EA,InferenceLayer.SENSOR,4599,2024-08-26 23:35:49.651261
ESP32_2E88CE,InferenceLayer.SENSOR,1559,2024-08-26 23:35:50.672072
ESP32_615B9D,InferenceLayer.SENSOR,3477,2024-08-26 23:35:51.757727
ESP32_AABBCC,InferenceLayer.SENSOR,787,2024-08-26 23:35:54.032146
ESP32_09B38F,InferenceLayer.SENSOR,2569,2024-08-26 23:35:55.028303
ESP32_2E88CE,InferenceLayer.SENSOR,4082,2024-08-26 23:12:04.631811
ESP32_615B9D,InferenceLayer.SENSOR,3912,2024-08-26 23:12:05.581598
ESP32_AABBCC,InferenceLayer.SENSOR,3923,2024-08-26 23:12:08.029933
ESP32_09B38F,InferenceLayer.SENSOR,3959,2024-08-26 23:12:09.014572
ESP32_232714,InferenceLayer.SENSOR,4021,2024-08-26 23:12:09.984379
ESP32_B57936,InferenceLayer.SENSOR,3560,2024-08-26 23:12:11.026985
ESP32_8F7400,InferenceLayer.SENSOR,4090,2024-08-26 23:12:12.036571
ESP32_3330A5,InferenceLayer.SENSOR,769,2024-08-26 23:12:13.073097
ESP32_ED5A4D,InferenceLayer.SENSOR,4936,2024-08-26 23:12:14.047631
ESP32_46B1A6,InferenceLayer.SENSOR,3535,2024-08-26 23:12:15.062068
ESP32_46978A,InferenceLayer.SENSOR,3150,2024-08-26 23:12:16.068256
ESP32_97C286,InferenceLayer.SENSOR,3562,2024-08-26 23:12:17.128632
ESP32_B25FE3,InferenceLayer.SENSOR,942,2024-08-26 23:12:18.149242
ESP32_1F4D55,InferenceLayer.SENSOR,4214,2024-08-26 23:12:19.135581
ESP32_ADD36D,InferenceLayer.SENSOR,3962,2024-08-26 23:12:20.146011
ESP32_F0ACBF,InferenceLayer.SENSOR,3443,2024-08-26 23:12:21.145158
ESP32_AB192B,InferenceLayer.SENSOR,3635,2024-08-26 23:12:22.158088
ESP32_A1BC36,InferenceLayer.SENSOR,1282,2024-08-26 23:12:23.222216
ESP32_C31F5E,InferenceLayer.SENSOR,4135,2024-08-26 23:12:24.201117
ESP32_E2F3EA,InferenceLayer.SENSOR,3919,2024-08-26 23:12:25.225361
ESP32_2E88CE,InferenceLayer.SENSOR,4140,2024-08-26 23:12:26.216286
ESP32_615B9D,InferenceLayer.SENSOR,4031,2024-08-26 23:12:27.228977
ESP32_AABBCC,InferenceLayer.SENSOR,4988,2024-08-26 23:12:29.712672
ESP32_09B38F,InferenceLayer.SENSOR,3522,2024-08-26 23:12:30.663476
ESP32_232714,InferenceLayer.SENSOR,5074,2024-08-26 23:12:31.687607
ESP32_B57936,InferenceLayer.SENSOR,3980,2024-08-26 23:12:32.679476
ESP32_8F7400,InferenceLayer.SENSOR,1731,2024-08-26 23:12:33.697563
ESP32_3330A5,InferenceLayer.SENSOR,4255,2024-08-26 23:12:34.758398
ESP32_ED5A4D,InferenceLayer.SENSOR,1692,2024-08-26 23:12:35.726785
ESP32_46B1A6,InferenceLayer.SENSOR,4129,2024-08-26 23:12:36.749817
ESP32_46978A,InferenceLayer.SENSOR,3727,2024-08-26 23:12:37.743308
ESP32_97C286,InferenceLayer.SENSOR,4077,2024-08-26 23:12:38.768866
ESP32_B25FE3,InferenceLayer.SENSOR,3800,2024-08-26 23:12:39.821150
ESP32_1F4D55,InferenceLayer.SENSOR,756,2024-08-26 23:12:40.830187
ESP32_ADD36D,InferenceLayer.SENSOR,4066,2024-08-26 23:12:41.832296
ESP32_F0ACBF,InferenceLayer.SENSOR,4144,2024-08-26 23:12:42.871779
ESP32_AB192B,InferenceLayer.SENSOR,3958,2024-08-26 23:12:43.850143
ESP32_A1BC36,InferenceLayer.SENSOR,3243,2024-08-26 23:12:44.892739
ESP32_C31F5E,InferenceLayer.SENSOR,1094,2024-08-26 23:12:45.896549
ESP32_E2F3EA,InferenceLayer.SENSOR,842,2024-08-26 23:12:46.875419
ESP32_2E88CE,InferenceLayer.SENSOR,4082,2024-08-26 23:12:47.872630
ESP32_615B9D,InferenceLayer.SENSOR,4188,2024-08-26 23:12:48.896524
ESP32_AABBCC,InferenceLayer.SENSOR,3935,2024-08-26 23:12:51.413958
ESP32_09B38F,InferenceLayer.SENSOR,4190,2024-08-26 23:12:52.378285
ESP32_232714,InferenceLayer.SENSOR,3990,2024-08-26 23:12:53.365831
ESP32_B57936,InferenceLayer.SENSOR,3865,2024-08-26 23:12:54.359755
ESP32_8F7400,InferenceLayer.SENSOR,4261,2024-08-26 23:12:55.400642
ESP32_3330A5,InferenceLayer.SENSOR,4061,2024-08-26 23:12:56.434172
ESP32_ED5A4D,InferenceLayer.SENSOR,3898,2024-08-26 23:12:57.395056
ESP32_46B1A6,InferenceLayer.SENSOR,3950,2024-08-26 23:12:58.403214
ESP32_46978A,InferenceLayer.SENSOR,3913,2024-08-26 23:12:59.433065
ESP32_97C286,InferenceLayer.SENSOR,4088,2024-08-26 23:13:00.501399
ESP32_B25FE3,InferenceLayer.SENSOR,3213,2024-08-26 23:13:01.530261
ESP32_1F4D55,InferenceLayer.SENSOR,3274,2024-08-26 23:13:02.461525
ESP32_ADD36D,InferenceLayer.SENSOR,3927,2024-08-26 23:13:03.481218
ESP32_F0ACBF,InferenceLayer.SENSOR,4101,2024-08-26 23:13:04.535202
ESP32_AB192B,InferenceLayer.SENSOR,3108,2024-08-26 23:13:05.519577
ESP32_A1BC36,InferenceLayer.SENSOR,3981,2024-08-26 23:13:06.576819
ESP32_C31F5E,InferenceLayer.SENSOR,3709,2024-08-26 23:13:07.538145
ESP32_E2F3EA,InferenceLayer.SENSOR,4282,2024-08-26 23:13:08.618963
ESP32_2E88CE,InferenceLayer.SENSOR,3858,2024-08-26 23:13:09.590506
ESP32_615B9D,InferenceLayer.SENSOR,3985,2024-08-26 23:13:10.585826
ESP32_AABBCC,InferenceLayer.SENSOR,2847,2024-08-26 23:13:13.072824
ESP32_09B38F,InferenceLayer.SENSOR,3426,2024-08-26 23:13:14.023518
ESP32_232714,InferenceLayer.SENSOR,2054,2024-08-26 23:13:15.012955
ESP32_B57936,InferenceLayer.SENSOR,4024,2024-08-26 23:13:16.055502
ESP32_8F7400,InferenceLayer.SENSOR,3136,2024-08-26 23:13:17.052814
ESP32_3330A5,InferenceLayer.SENSOR,1694,2024-08-26 23:13:18.165964
ESP32_ED5A4D,InferenceLayer.SENSOR,4004,2024-08-26 23:13:19.072799
ESP32_46B1A6,InferenceLayer.SENSOR,3895,2024-08-26 23:13:20.086758
ESP32_46978A,InferenceLayer.SENSOR,4422,2024-08-26 23:13:21.096130
ESP32_97C286,InferenceLayer.SENSOR,3990,2024-08-26 23:13:22.120341
ESP32_B25FE3,InferenceLayer.SENSOR,744,2024-08-26 23:13:23.186339
ESP32_1F4D55,InferenceLayer.SENSOR,4599,2024-08-26 23:13:24.126600
ESP32_ADD36D,InferenceLayer.SENSOR,3837,2024-08-26 23:13:25.150698
ESP32_F0ACBF,InferenceLayer.SENSOR,1521,2024-08-26 23:13:26.184605
ESP32_AB192B,InferenceLayer.SENSOR,4180,2024-08-26 23:13:27.187555
ESP32_A1BC36,InferenceLayer.SENSOR,977,2024-08-26 23:13:28.248771
ESP32_C31F5E,InferenceLayer.SENSOR,3973,2024-08-26 23:13:29.221545
ESP32_E2F3EA,InferenceLayer.SENSOR,4198,2024-08-26 23:13:30.197321
ESP32_2E88CE,InferenceLayer.SENSOR,3908,2024-08-26 23:13:31.231441
ESP32_615B9D,InferenceLayer.SENSOR,3887,2024-08-26 23:13:32.250926
ESP32_AABBCC,InferenceLayer.SENSOR,2049,2024-08-26 23:13:34.726511
ESP32_09B38F,InferenceLayer.SENSOR,3767,2024-08-26 23:13:35.676135
ESP32_232714,InferenceLayer.SENSOR,4202,2024-08-26 23:13:36.677748
ESP32_B57936,InferenceLayer.SENSOR,4056,2024-08-26 23:13:37.692933
ESP32_8F7400,InferenceLayer.SENSOR,3957,2024-08-26 23:13:38.720077
ESP32_3330A5,InferenceLayer.SENSOR,3911,2024-08-26 23:13:39.785949
ESP32_ED5A4D,InferenceLayer.SENSOR,3938,2024-08-26 23:13:40.735036
ESP32_46B1A6,InferenceLayer.SENSOR,4062,2024-08-26 23:13:41.790258
ESP32_46978A,InferenceLayer.SENSOR,4246,2024-08-26 23:13:42.785072
ESP32_97C286,InferenceLayer.SENSOR,4044,2024-08-26 23:13:43.809973
ESP32_B25FE3,InferenceLayer.SENSOR,3845,2024-08-26 23:13:44.872917
ESP32_1F4D55,InferenceLayer.SENSOR,1577,2024-08-26 23:13:45.820535
ESP32_ADD36D,InferenceLayer.SENSOR,3028,2024-08-26 23:13:46.819153
ESP32_F0ACBF,InferenceLayer.SENSOR,4412,2024-08-26 23:13:47.874594
ESP32_AB192B,InferenceLayer.SENSOR,3981,2024-08-26 23:13:48.837943
ESP32_A1BC36,InferenceLayer.SENSOR,4021,2024-08-26 23:13:49.933978
ESP32_C31F5E,InferenceLayer.SENSOR,1040,2024-08-26 23:13:50.893755
ESP32_E2F3EA,InferenceLayer.SENSOR,4132,2024-08-26 23:13:51.885194
ESP32_2E88CE,InferenceLayer.SENSOR,2443,2024-08-26 23:13:52.938027
ESP32_AABBCC,InferenceLayer.SENSOR,3402,2024-08-26 23:19:23.083854
ESP32_09B38F,InferenceLayer.SENSOR,1990,2024-08-26 23:19:23.996113
ESP32_232714,InferenceLayer.SENSOR,811,2024-08-26 23:19:24.996484
ESP32_B57936,InferenceLayer.SENSOR,1844,2024-08-26 23:19:26.032744
ESP32_8F7400,InferenceLayer.SENSOR,3374,2024-08-26 23:19:27.016211
ESP32_3330A5,InferenceLayer.SENSOR,2539,2024-08-26 23:19:28.091954
ESP32_ED5A4D,InferenceLayer.SENSOR,3096,2024-08-26 23:19:29.028635
ESP32_46B1A6,InferenceLayer.SENSOR,2283,2024-08-26 23:19:30.065330
ESP32_46978A,InferenceLayer.SENSOR,2824,2024-08-26 23:19:31.050862
ESP32_97C286,InferenceLayer.SENSOR,3935,2024-08-26 23:19:32.063200
ESP32_B25FE3,InferenceLayer.SENSOR,3163,2024-08-26 23:19:33.134015
ESP32_1F4D55,InferenceLayer.SENSOR,4025,2024-08-26 23:19:34.090054
ESP32_ADD36D,InferenceLayer.SENSOR,3086,2024-08-26 23:19:35.110704
ESP32_F0ACBF,InferenceLayer.SENSOR,4413,2024-08-26 23:19:36.099321
ESP32_AB192B,InferenceLayer.SENSOR,898,2024-08-26 23:19:37.102569
ESP32_A1BC36,InferenceLayer.SENSOR,2458,2024-08-26 23:19:38.202284
ESP32_C31F5E,InferenceLayer.SENSOR,2495,2024-08-26 23:19:39.134508
ESP32_E2F3EA,InferenceLayer.SENSOR,3269,2024-08-26 23:19:40.160295
ESP32_2E88CE,InferenceLayer.SENSOR,2768,2024-08-26 23:19:41.169194
ESP32_615B9D,InferenceLayer.SENSOR,2789,2024-08-26 23:19:42.153413
ESP32_AABBCC,InferenceLayer.SENSOR,2795,2024-08-26 23:19:44.645795
ESP32_09B38F,InferenceLayer.SENSOR,3248,2024-08-26 23:19:45.568752
ESP32_232714,InferenceLayer.SENSOR,6219,2024-08-26 23:19:46.577323
ESP32_B57936,InferenceLayer.SENSOR,3440,2024-08-26 23:19:47.646965
ESP32_8F7400,InferenceLayer.SENSOR,3811,2024-08-26 23:19:48.597676
ESP32_3330A5,InferenceLayer.SENSOR,4738,2024-08-26 23:19:49.659327
ESP32_ED5A4D,InferenceLayer.SENSOR,3090,2024-08-26 23:19:50.621127
ESP32_46B1A6,InferenceLayer.SENSOR,2557,2024-08-26 23:19:51.670951
ESP32_46978A,InferenceLayer.SENSOR,3969,2024-08-26 23:19:52.633462
ESP32_232714,InferenceLayer.SENSOR,1836,2024-08-26 23:35:56.057668
ESP32_B57936,InferenceLayer.SENSOR,1151,2024-08-26 23:35:57.041184
ESP32_8F7400,InferenceLayer.SENSOR,1929,2024-08-26 23:35:58.071776
ESP32_3330A5,InferenceLayer.SENSOR,3614,2024-08-26 23:35:59.101618
ESP32_ED5A4D,InferenceLayer.SENSOR,3872,2024-08-26 23:36:00.072763
ESP32_46B1A6,InferenceLayer.SENSOR,3926,2024-08-26 23:36:01.083485
ESP32_46978A,InferenceLayer.SENSOR,1208,2024-08-26 23:36:02.070296
ESP32_97C286,InferenceLayer.SENSOR,4133,2024-08-26 23:36:03.110979
ESP32_B25FE3,InferenceLayer.SENSOR,3068,2024-08-26 23:36:04.180960
ESP32_1F4D55,InferenceLayer.SENSOR,4102,2024-08-26 23:36:05.115016
ESP32_ADD36D,InferenceLayer.SENSOR,3922,2024-08-26 23:36:06.148554
ESP32_F0ACBF,InferenceLayer.SENSOR,2164,2024-08-26 23:36:07.137787
ESP32_AB192B,InferenceLayer.SENSOR,3404,2024-08-26 23:36:08.145890
ESP32_A1BC36,InferenceLayer.SENSOR,3666,2024-08-26 23:36:09.208372
ESP32_C31F5E,InferenceLayer.SENSOR,4941,2024-08-26 23:36:10.182952
ESP32_E2F3EA,InferenceLayer.SENSOR,2640,2024-08-26 23:36:11.179160
ESP32_2E88CE,InferenceLayer.SENSOR,3945,2024-08-26 23:36:12.189655
ESP32_615B9D,InferenceLayer.SENSOR,4268,2024-08-26 23:36:13.221490
ESP32_AABBCC,InferenceLayer.SENSOR,1528,2024-08-26 23:36:15.639493
ESP32_09B38F,InferenceLayer.SENSOR,3269,2024-08-26 23:36:16.584333
ESP32_232714,InferenceLayer.SENSOR,3823,2024-08-26 23:36:17.579566
ESP32_B57936,InferenceLayer.SENSOR,4063,2024-08-26 23:36:18.571437
ESP32_8F7400,InferenceLayer.SENSOR,3349,2024-08-26 23:36:19.601212
ESP32_3330A5,InferenceLayer.SENSOR,856,2024-08-26 23:36:20.642031
ESP32_ED5A4D,InferenceLayer.SENSOR,4145,2024-08-26 23:36:21.593163
ESP32_46B1A6,InferenceLayer.SENSOR,4135,2024-08-26 23:36:22.616530
ESP32_46978A,InferenceLayer.SENSOR,1716,2024-08-26 23:36:23.619347
ESP32_97C286,InferenceLayer.SENSOR,4273,2024-08-26 23:36:24.629126
ESP32_B25FE3,InferenceLayer.SENSOR,978,2024-08-26 23:36:25.702261
ESP32_1F4D55,InferenceLayer.SENSOR,3360,2024-08-26 23:36:26.639447
ESP32_ADD36D,InferenceLayer.SENSOR,3918,2024-08-26 23:36:27.676777
ESP32_F0ACBF,InferenceLayer.SENSOR,3977,2024-08-26 23:36:28.661712
ESP32_AABBCC,InferenceLayer.SENSOR,8869,2024-08-26 23:24:25.420414
ESP32_09B38F,InferenceLayer.SENSOR,4084,2024-08-26 23:24:26.382178
ESP32_232714,InferenceLayer.SENSOR,4151,2024-08-26 23:24:27.425280
ESP32_B57936,InferenceLayer.SENSOR,3806,2024-08-26 23:24:28.416766
ESP32_8F7400,InferenceLayer.SENSOR,3575,2024-08-26 23:24:29.424635
ESP32_3330A5,InferenceLayer.SENSOR,4291,2024-08-26 23:24:30.478064
ESP32_ED5A4D,InferenceLayer.SENSOR,4068,2024-08-26 23:24:31.439817
ESP32_46B1A6,InferenceLayer.SENSOR,4001,2024-08-26 23:24:32.474444
ESP32_46978A,InferenceLayer.SENSOR,4008,2024-08-26 23:24:33.475782
ESP32_97C286,InferenceLayer.SENSOR,4166,2024-08-26 23:24:34.471146
ESP32_B25FE3,InferenceLayer.SENSOR,3988,2024-08-26 23:24:35.521021
ESP32_1F4D55,InferenceLayer.SENSOR,1284,2024-08-26 23:24:36.507349
ESP32_ADD36D,InferenceLayer.SENSOR,3782,2024-08-26 23:24:37.493749
ESP32_F0ACBF,InferenceLayer.SENSOR,3131,2024-08-26 23:24:38.531829
ESP32_AB192B,InferenceLayer.SENSOR,3600,2024-08-26 23:24:39.513568
ESP32_A1BC36,InferenceLayer.SENSOR,4107,2024-08-26 23:24:40.592470
ESP32_C31F5E,InferenceLayer.SENSOR,933,2024-08-26 23:24:41.526313
ESP32_E2F3EA,InferenceLayer.SENSOR,4568,2024-08-26 23:24:42.541739
ESP32_2E88CE,InferenceLayer.SENSOR,3612,2024-08-26 23:24:43.565302
ESP32_615B9D,InferenceLayer.SENSOR,2657,2024-08-26 23:24:44.551928
ESP32_AABBCC,InferenceLayer.SENSOR,3956,2024-08-26 23:24:46.981415
ESP32_09B38F,InferenceLayer.SENSOR,4234,2024-08-26 23:24:47.924792
ESP32_232714,InferenceLayer.SENSOR,3906,2024-08-26 23:24:48.930553
ESP32_B57936,InferenceLayer.SENSOR,3970,2024-08-26 23:24:49.959416
ESP32_8F7400,InferenceLayer.SENSOR,4224,2024-08-26 23:24:50.950378
ESP32_3330A5,InferenceLayer.SENSOR,3991,2024-08-26 23:24:52.051409
ESP32_ED5A4D,InferenceLayer.SENSOR,3408,2024-08-26 23:24:52.994646
ESP32_46B1A6,InferenceLayer.SENSOR,3996,2024-08-26 23:24:54.016549
ESP32_46978A,InferenceLayer.SENSOR,3090,2024-08-26 23:24:55.017243
ESP32_97C286,InferenceLayer.SENSOR,3787,2024-08-26 23:24:56.024608
ESP32_B25FE3,InferenceLayer.SENSOR,4050,2024-08-26 23:24:57.093311
ESP32_1F4D55,InferenceLayer.SENSOR,3933,2024-08-26 23:24:58.018250
ESP32_ADD36D,InferenceLayer.SENSOR,3943,2024-08-26 23:24:59.018831
ESP32_F0ACBF,InferenceLayer.SENSOR,3874,2024-08-26 23:25:00.041031
ESP32_AB192B,InferenceLayer.SENSOR,3181,2024-08-26 23:25:01.048171
ESP32_A1BC36,InferenceLayer.SENSOR,4058,2024-08-26 23:25:02.155377
ESP32_C31F5E,InferenceLayer.SENSOR,4002,2024-08-26 23:25:03.101106
ESP32_E2F3EA,InferenceLayer.SENSOR,4136,2024-08-26 23:25:04.068785
ESP32_2E88CE,InferenceLayer.SENSOR,4002,2024-08-26 23:25:05.116175
ESP32_615B9D,InferenceLayer.SENSOR,1807,2024-08-26 23:25:06.303555
ESP32_AABBCC,InferenceLayer.SENSOR,4318,2024-08-26 23:25:08.536061
ESP32_09B38F,InferenceLayer.SENSOR,3934,2024-08-26 23:25:09.462372
ESP32_232714,InferenceLayer.SENSOR,4018,2024-08-26 23:25:10.468667
ESP32_B57936,InferenceLayer.SENSOR,4452,2024-08-26 23:25:11.508150
ESP32_8F7400,InferenceLayer.SENSOR,3884,2024-08-26 23:25:12.496282
ESP32_3330A5,InferenceLayer.SENSOR,4123,2024-08-26 23:25:13.543559
ESP32_ED5A4D,InferenceLayer.SENSOR,4421,2024-08-26 23:25:14.500010
ESP32_46B1A6,InferenceLayer.SENSOR,4008,2024-08-26 23:25:15.552677
ESP32_46978A,InferenceLayer.SENSOR,887,2024-08-26 23:25:16.522649
ESP32_97C286,InferenceLayer.SENSOR,4485,2024-08-26 23:25:17.556650
ESP32_B25FE3,InferenceLayer.SENSOR,2971,2024-08-26 23:25:18.621397
ESP32_1F4D55,InferenceLayer.SENSOR,3952,2024-08-26 23:25:19.605454
ESP32_ADD36D,InferenceLayer.SENSOR,2171,2024-08-26 23:25:20.586535
ESP32_F0ACBF,InferenceLayer.SENSOR,1049,2024-08-26 23:25:21.577340
ESP32_AB192B,InferenceLayer.SENSOR,1157,2024-08-26 23:25:22.567840
ESP32_A1BC36,InferenceLayer.SENSOR,3652,2024-08-26 23:25:23.646504
ESP32_C31F5E,InferenceLayer.SENSOR,1089,2024-08-26 23:25:24.611294
ESP32_E2F3EA,InferenceLayer.SENSOR,4082,2024-08-26 23:25:25.604754
ESP32_2E88CE,InferenceLayer.SENSOR,870,2024-08-26 23:25:26.614378
ESP32_615B9D,InferenceLayer.SENSOR,4033,2024-08-26 23:25:27.656727
ESP32_AABBCC,InferenceLayer.SENSOR,3968,2024-08-26 23:25:30.028434
ESP32_09B38F,InferenceLayer.SENSOR,3957,2024-08-26 23:25:30.968381
ESP32_232714,InferenceLayer.SENSOR,3008,2024-08-26 23:25:31.986155
ESP32_B57936,InferenceLayer.SENSOR,4010,2024-08-26 23:25:32.994332
ESP32_8F7400,InferenceLayer.SENSOR,3964,2024-08-26 23:25:34.015263
ESP32_3330A5,InferenceLayer.SENSOR,2387,2024-08-26 23:25:35.088220
ESP32_ED5A4D,InferenceLayer.SENSOR,4014,2024-08-26 23:25:36.034316
ESP32_46B1A6,InferenceLayer.SENSOR,1505,2024-08-26 23:25:37.046921
ESP32_46978A,InferenceLayer.SENSOR,4279,2024-08-26 23:25:38.069038
ESP32_97C286,InferenceLayer.SENSOR,1208,2024-08-26 23:25:39.040205
ESP32_B25FE3,InferenceLayer.SENSOR,4239,2024-08-26 23:25:40.111230
ESP32_1F4D55,InferenceLayer.SENSOR,855,2024-08-26 23:25:41.067436
ESP32_ADD36D,InferenceLayer.SENSOR,4174,2024-08-26 23:25:42.095176
ESP32_F0ACBF,InferenceLayer.SENSOR,1384,2024-08-26 23:25:43.081093
ESP32_AB192B,InferenceLayer.SENSOR,4028,2024-08-26 23:25:44.125211
ESP32_A1BC36,InferenceLayer.SENSOR,3937,2024-08-26 23:25:45.217144
ESP32_C31F5E,InferenceLayer.SENSOR,3771,2024-08-26 23:25:46.124274
ESP32_E2F3EA,InferenceLayer.SENSOR,4032,2024-08-26 23:25:47.129387
ESP32_2E88CE,InferenceLayer.SENSOR,3992,2024-08-26 23:25:48.171424
ESP32_615B9D,InferenceLayer.SENSOR,3870,2024-08-26 23:25:49.145643
ESP32_AABBCC,InferenceLayer.SENSOR,1552,2024-08-26 23:25:51.583977
ESP32_09B38F,InferenceLayer.SENSOR,4103,2024-08-26 23:25:52.500899
ESP32_232714,InferenceLayer.SENSOR,1215,2024-08-26 23:25:53.506221
ESP32_B57936,InferenceLayer.SENSOR,3996,2024-08-26 23:25:54.557254
ESP32_8F7400,InferenceLayer.SENSOR,946,2024-08-26 23:25:55.555737
ESP32_3330A5,InferenceLayer.SENSOR,1257,2024-08-26 23:25:56.597064
ESP32_ED5A4D,InferenceLayer.SENSOR,1311,2024-08-26 23:25:57.540002
ESP32_46B1A6,InferenceLayer.SENSOR,1881,2024-08-26 23:25:58.548233
ESP32_46978A,InferenceLayer.SENSOR,4178,2024-08-26 23:25:59.548160
ESP32_97C286,InferenceLayer.SENSOR,3935,2024-08-26 23:26:00.572879
ESP32_B25FE3,InferenceLayer.SENSOR,931,2024-08-26 23:26:01.627420
ESP32_1F4D55,InferenceLayer.SENSOR,3890,2024-08-26 23:26:02.603897
ESP32_ADD36D,InferenceLayer.SENSOR,4090,2024-08-26 23:26:03.587614
ESP32_F0ACBF,InferenceLayer.SENSOR,3620,2024-08-26 23:26:04.603414
ESP32_AB192B,InferenceLayer.SENSOR,3916,2024-08-26 23:26:05.611486
ESP32_A1BC36,InferenceLayer.SENSOR,939,2024-08-26 23:26:06.689348
ESP32_C31F5E,InferenceLayer.SENSOR,3868,2024-08-26 23:26:07.647378
ESP32_E2F3EA,InferenceLayer.SENSOR,4743,2024-08-26 23:26:08.636883
ESP32_2E88CE,InferenceLayer.SENSOR,3568,2024-08-26 23:26:09.674890
ESP32_615B9D,InferenceLayer.SENSOR,3029,2024-08-26 23:26:10.658480
ESP32_AABBCC,InferenceLayer.SENSOR,3938,2024-08-26 23:26:13.091436
ESP32_09B38F,InferenceLayer.SENSOR,1888,2024-08-26 23:26:14.021192
ESP32_232714,InferenceLayer.SENSOR,3913,2024-08-26 23:26:15.026576
ESP32_B57936,InferenceLayer.SENSOR,4104,2024-08-26 23:26:16.023685
ESP32_8F7400,InferenceLayer.SENSOR,1630,2024-08-26 23:26:17.070336
ESP32_3330A5,InferenceLayer.SENSOR,3967,2024-08-26 23:26:18.108366
ESP32_ED5A4D,InferenceLayer.SENSOR,891,2024-08-26 23:26:19.070786
ESP32_46B1A6,InferenceLayer.SENSOR,4317,2024-08-26 23:26:20.091577
ESP32_46978A,InferenceLayer.SENSOR,3358,2024-08-26 23:26:21.113505
ESP32_97C286,InferenceLayer.SENSOR,1064,2024-08-26 23:26:22.077482
ESP32_B25FE3,InferenceLayer.SENSOR,4033,2024-08-26 23:26:23.173567
ESP32_1F4D55,InferenceLayer.SENSOR,3978,2024-08-26 23:26:24.098246
ESP32_ADD36D,InferenceLayer.SENSOR,3393,2024-08-26 23:26:25.133787
ESP32_F0ACBF,InferenceLayer.SENSOR,4172,2024-08-26 23:26:26.122282
ESP32_AB192B,InferenceLayer.SENSOR,3926,2024-08-26 23:26:27.132486
ESP32_A1BC36,InferenceLayer.SENSOR,4203,2024-08-26 23:26:28.183528
ESP32_C31F5E,InferenceLayer.SENSOR,4137,2024-08-26 23:26:29.202910
ESP32_E2F3EA,InferenceLayer.SENSOR,3986,2024-08-26 23:26:30.164025
ESP32_2E88CE,InferenceLayer.SENSOR,4346,2024-08-26 23:26:31.167646
ESP32_615B9D,InferenceLayer.SENSOR,3311,2024-08-26 23:26:32.199136
ESP32_AABBCC,InferenceLayer.SENSOR,1835,2024-08-26 23:26:34.592431
ESP32_09B38F,InferenceLayer.SENSOR,4335,2024-08-26 23:26:35.523063
ESP32_232714,InferenceLayer.SENSOR,2886,2024-08-26 23:26:36.537925
ESP32_B57936,InferenceLayer.SENSOR,4510,2024-08-26 23:26:37.571811
ESP32_8F7400,InferenceLayer.SENSOR,3344,2024-08-26 23:26:38.618750
ESP32_3330A5,InferenceLayer.SENSOR,1038,2024-08-26 23:26:39.630431
ESP32_ED5A4D,InferenceLayer.SENSOR,3610,2024-08-26 23:26:40.596666
ESP32_46B1A6,InferenceLayer.SENSOR,1333,2024-08-26 23:26:41.592362
ESP32_46978A,InferenceLayer.SENSOR,3092,2024-08-26 23:26:42.591546
ESP32_97C286,InferenceLayer.SENSOR,2999,2024-08-26 23:26:43.634245
ESP32_B25FE3,InferenceLayer.SENSOR,1698,2024-08-26 23:26:44.662441
ESP32_1F4D55,InferenceLayer.SENSOR,2920,2024-08-26 23:26:45.642760
ESP32_ADD36D,InferenceLayer.SENSOR,914,2024-08-26 23:26:46.660042
ESP32_F0ACBF,InferenceLayer.SENSOR,3990,2024-08-26 23:26:47.625701
ESP32_AB192B,InferenceLayer.SENSOR,3994,2024-08-26 23:26:48.665396
ESP32_A1BC36,InferenceLayer.SENSOR,4111,2024-08-26 23:26:49.699057
ESP32_C31F5E,InferenceLayer.SENSOR,3132,2024-08-26 23:26:50.678266
ESP32_E2F3EA,InferenceLayer.SENSOR,1275,2024-08-26 23:26:51.731167
ESP32_2E88CE,InferenceLayer.SENSOR,3426,2024-08-26 23:26:52.669061
ESP32_615B9D,InferenceLayer.SENSOR,4041,2024-08-26 23:26:53.695718
ESP32_AABBCC,InferenceLayer.SENSOR,3940,2024-08-26 23:26:56.130093
ESP32_09B38F,InferenceLayer.SENSOR,2893,2024-08-26 23:26:57.068471
ESP32_232714,InferenceLayer.SENSOR,3759,2024-08-26 23:26:58.046625
ESP32_B57936,InferenceLayer.SENSOR,3163,2024-08-26 23:26:59.052738
ESP32_8F7400,InferenceLayer.SENSOR,3982,2024-08-26 23:27:00.076888
ESP32_3330A5,InferenceLayer.SENSOR,3933,2024-08-26 23:27:01.134703
ESP32_ED5A4D,InferenceLayer.SENSOR,3880,2024-08-26 23:27:02.116614
ESP32_46B1A6,InferenceLayer.SENSOR,2426,2024-08-26 23:27:03.102042
ESP32_46978A,InferenceLayer.SENSOR,4152,2024-08-26 23:27:04.104526
ESP32_AB192B,InferenceLayer.SENSOR,4252,2024-08-26 23:36:29.675333
ESP32_A1BC36,InferenceLayer.SENSOR,1100,2024-08-26 23:36:30.718928
ESP32_C31F5E,InferenceLayer.SENSOR,3682,2024-08-26 23:36:31.706987
ESP32_E2F3EA,InferenceLayer.SENSOR,4045,2024-08-26 23:36:32.725379
ESP32_2E88CE,InferenceLayer.SENSOR,4028,2024-08-26 23:36:33.693012
ESP32_615B9D,InferenceLayer.SENSOR,3018,2024-08-26 23:36:34.702113
ESP32_AABBCC,InferenceLayer.SENSOR,987,2024-08-26 23:36:37.117473
ESP32_09B38F,InferenceLayer.SENSOR,4126,2024-08-26 23:36:38.080269
ESP32_232714,InferenceLayer.SENSOR,3859,2024-08-26 23:36:39.102641
ESP32_B57936,InferenceLayer.SENSOR,3954,2024-08-26 23:36:40.083697
ESP32_8F7400,InferenceLayer.SENSOR,3623,2024-08-26 23:36:41.144240
ESP32_3330A5,InferenceLayer.SENSOR,1461,2024-08-26 23:36:42.160445
ESP32_ED5A4D,InferenceLayer.SENSOR,4145,2024-08-26 23:36:43.118536
ESP32_97C286,InferenceLayer.SENSOR,3995,2024-08-26 23:27:05.182045
ESP32_B25FE3,InferenceLayer.SENSOR,3981,2024-08-26 23:27:06.217236
ESP32_1F4D55,InferenceLayer.SENSOR,4074,2024-08-26 23:27:07.137294
ESP32_ADD36D,InferenceLayer.SENSOR,4481,2024-08-26 23:27:08.153018
ESP32_F0ACBF,InferenceLayer.SENSOR,1507,2024-08-26 23:27:09.180009
ESP32_AB192B,InferenceLayer.SENSOR,4038,2024-08-26 23:27:10.166690
ESP32_A1BC36,InferenceLayer.SENSOR,3958,2024-08-26 23:27:11.251271
ESP32_C31F5E,InferenceLayer.SENSOR,3989,2024-08-26 23:27:12.201836
ESP32_E2F3EA,InferenceLayer.SENSOR,4370,2024-08-26 23:27:13.224720
ESP32_2E88CE,InferenceLayer.SENSOR,3738,2024-08-26 23:27:14.235533
ESP32_615B9D,InferenceLayer.SENSOR,1222,2024-08-26 23:27:15.232274
ESP32_AABBCC,InferenceLayer.SENSOR,3962,2024-08-26 23:27:17.652454
ESP32_09B38F,InferenceLayer.SENSOR,3428,2024-08-26 23:27:18.593545
ESP32_232714,InferenceLayer.SENSOR,4463,2024-08-26 23:27:19.579129
ESP32_B57936,InferenceLayer.SENSOR,4237,2024-08-26 23:27:20.597693
ESP32_8F7400,InferenceLayer.SENSOR,1238,2024-08-26 23:27:21.619654
ESP32_3330A5,InferenceLayer.SENSOR,2167,2024-08-26 23:27:22.691589
ESP32_ED5A4D,InferenceLayer.SENSOR,4037,2024-08-26 23:27:23.644564
ESP32_46B1A6,InferenceLayer.SENSOR,4001,2024-08-26 23:27:24.641045
ESP32_46978A,InferenceLayer.SENSOR,3843,2024-08-26 23:27:25.668216
ESP32_97C286,InferenceLayer.SENSOR,954,2024-08-26 23:27:26.636160
ESP32_B25FE3,InferenceLayer.SENSOR,3455,2024-08-26 23:27:27.718277
ESP32_1F4D55,InferenceLayer.SENSOR,3510,2024-08-26 23:27:28.663593
ESP32_ADD36D,InferenceLayer.SENSOR,4179,2024-08-26 23:27:29.673811
ESP32_F0ACBF,InferenceLayer.SENSOR,4023,2024-08-26 23:27:30.718624
ESP32_AB192B,InferenceLayer.SENSOR,1099,2024-08-26 23:27:31.710421
ESP32_A1BC36,InferenceLayer.SENSOR,4042,2024-08-26 23:27:32.776266
ESP32_C31F5E,InferenceLayer.SENSOR,3317,2024-08-26 23:27:33.706673
ESP32_E2F3EA,InferenceLayer.SENSOR,2171,2024-08-26 23:27:34.723295
ESP32_2E88CE,InferenceLayer.SENSOR,4194,2024-08-26 23:27:35.720520
ESP32_615B9D,InferenceLayer.SENSOR,1363,2024-08-26 23:27:36.738794
ESP32_AABBCC,InferenceLayer.SENSOR,3034,2024-08-26 23:27:39.151319
ESP32_09B38F,InferenceLayer.SENSOR,3780,2024-08-26 23:27:40.147513
ESP32_232714,InferenceLayer.SENSOR,3779,2024-08-26 23:27:41.130244
ESP32_B57936,InferenceLayer.SENSOR,4060,2024-08-26 23:27:42.120001
ESP32_8F7400,InferenceLayer.SENSOR,3922,2024-08-26 23:27:43.118285
ESP32_3330A5,InferenceLayer.SENSOR,3911,2024-08-26 23:27:44.214324
ESP32_ED5A4D,InferenceLayer.SENSOR,3963,2024-08-26 23:27:45.148161
ESP32_46B1A6,InferenceLayer.SENSOR,4206,2024-08-26 23:27:46.155467
ESP32_46978A,InferenceLayer.SENSOR,4286,2024-08-26 23:27:47.160959
ESP32_97C286,InferenceLayer.SENSOR,3105,2024-08-26 23:27:48.207189
ESP32_B25FE3,InferenceLayer.SENSOR,2470,2024-08-26 23:27:49.253280
ESP32_1F4D55,InferenceLayer.SENSOR,3332,2024-08-26 23:27:50.226216
ESP32_ADD36D,InferenceLayer.SENSOR,1350,2024-08-26 23:27:51.222032
ESP32_F0ACBF,InferenceLayer.SENSOR,3995,2024-08-26 23:27:52.219313
ESP32_AB192B,InferenceLayer.SENSOR,1129,2024-08-26 23:27:53.253821
ESP32_A1BC36,InferenceLayer.SENSOR,3551,2024-08-26 23:27:54.281254
ESP32_C31F5E,InferenceLayer.SENSOR,796,2024-08-26 23:27:55.253744
ESP32_E2F3EA,InferenceLayer.SENSOR,3227,2024-08-26 23:27:56.285586
ESP32_2E88CE,InferenceLayer.SENSOR,1394,2024-08-26 23:27:57.290308
ESP32_615B9D,InferenceLayer.SENSOR,4032,2024-08-26 23:27:58.255428
ESP32_AABBCC,InferenceLayer.SENSOR,3937,2024-08-26 23:28:00.705636
ESP32_09B38F,InferenceLayer.SENSOR,1460,2024-08-26 23:28:01.654174
ESP32_232714,InferenceLayer.SENSOR,2460,2024-08-26 23:28:02.608549
ESP32_B57936,InferenceLayer.SENSOR,2151,2024-08-26 23:28:03.637775
ESP32_8F7400,InferenceLayer.SENSOR,3982,2024-08-26 23:28:04.642482
ESP32_3330A5,InferenceLayer.SENSOR,1605,2024-08-26 23:28:05.709726
ESP32_ED5A4D,InferenceLayer.SENSOR,902,2024-08-26 23:28:06.678468
ESP32_46B1A6,InferenceLayer.SENSOR,1166,2024-08-26 23:28:07.650115
ESP32_46978A,InferenceLayer.SENSOR,4824,2024-08-26 23:28:08.668703
ESP32_97C286,InferenceLayer.SENSOR,915,2024-08-26 23:28:09.701756
ESP32_B25FE3,InferenceLayer.SENSOR,4022,2024-08-26 23:28:10.743376
ESP32_1F4D55,InferenceLayer.SENSOR,747,2024-08-26 23:28:11.701204
ESP32_ADD36D,InferenceLayer.SENSOR,3983,2024-08-26 23:28:12.699272
ESP32_F0ACBF,InferenceLayer.SENSOR,3788,2024-08-26 23:28:13.717679
ESP32_AB192B,InferenceLayer.SENSOR,2976,2024-08-26 23:28:14.745584
ESP32_A1BC36,InferenceLayer.SENSOR,3901,2024-08-26 23:28:15.807329
ESP32_C31F5E,InferenceLayer.SENSOR,1381,2024-08-26 23:28:16.730532
ESP32_E2F3EA,InferenceLayer.SENSOR,4036,2024-08-26 23:28:17.742129
ESP32_2E88CE,InferenceLayer.SENSOR,3967,2024-08-26 23:28:18.760493
ESP32_615B9D,InferenceLayer.SENSOR,4627,2024-08-26 23:28:19.785770
ESP32_AABBCC,InferenceLayer.SENSOR,1200,2024-08-26 23:28:22.176614
ESP32_09B38F,InferenceLayer.SENSOR,3986,2024-08-26 23:28:23.153404
ESP32_232714,InferenceLayer.SENSOR,756,2024-08-26 23:28:24.157165
ESP32_B57936,InferenceLayer.SENSOR,4081,2024-08-26 23:28:25.150490
ESP32_8F7400,InferenceLayer.SENSOR,871,2024-08-26 23:28:26.169780
ESP32_3330A5,InferenceLayer.SENSOR,4064,2024-08-26 23:28:27.212041
ESP32_ED5A4D,InferenceLayer.SENSOR,4569,2024-08-26 23:28:28.162630
ESP32_46B1A6,InferenceLayer.SENSOR,4052,2024-08-26 23:28:29.165181
ESP32_46978A,InferenceLayer.SENSOR,4178,2024-08-26 23:28:30.188565
ESP32_97C286,InferenceLayer.SENSOR,4323,2024-08-26 23:28:31.195898
ESP32_B25FE3,InferenceLayer.SENSOR,3034,2024-08-26 23:28:32.293765
ESP32_1F4D55,InferenceLayer.SENSOR,4021,2024-08-26 23:28:33.247386
ESP32_ADD36D,InferenceLayer.SENSOR,3087,2024-08-26 23:28:34.220604
ESP32_F0ACBF,InferenceLayer.SENSOR,4894,2024-08-26 23:28:35.241953
ESP32_AB192B,InferenceLayer.SENSOR,4008,2024-08-26 23:28:36.239385
ESP32_A1BC36,InferenceLayer.SENSOR,3966,2024-08-26 23:28:37.326479
ESP32_C31F5E,InferenceLayer.SENSOR,3605,2024-08-26 23:28:38.254841
ESP32_E2F3EA,InferenceLayer.SENSOR,4010,2024-08-26 23:28:39.295781
ESP32_2E88CE,InferenceLayer.SENSOR,1258,2024-08-26 23:28:40.304768
ESP32_615B9D,InferenceLayer.SENSOR,4129,2024-08-26 23:28:41.294695
ESP32_AABBCC,InferenceLayer.SENSOR,2346,2024-08-26 23:28:43.703734
ESP32_09B38F,InferenceLayer.SENSOR,3917,2024-08-26 23:28:44.672614
ESP32_232714,InferenceLayer.SENSOR,3436,2024-08-26 23:28:45.648974
ESP32_B57936,InferenceLayer.SENSOR,889,2024-08-26 23:28:46.674443
ESP32_8F7400,InferenceLayer.SENSOR,4177,2024-08-26 23:28:47.664993
ESP32_3330A5,InferenceLayer.SENSOR,3847,2024-08-26 23:28:48.755260
ESP32_ED5A4D,InferenceLayer.SENSOR,3160,2024-08-26 23:28:49.717355
ESP32_46B1A6,InferenceLayer.SENSOR,2640,2024-08-26 23:28:50.718014
ESP32_46978A,InferenceLayer.SENSOR,1038,2024-08-26 23:28:51.804721
ESP32_97C286,InferenceLayer.SENSOR,4116,2024-08-26 23:28:52.714880
ESP32_B25FE3,InferenceLayer.SENSOR,4123,2024-08-26 23:28:53.788860
ESP32_1F4D55,InferenceLayer.SENSOR,1889,2024-08-26 23:28:54.723937
ESP32_ADD36D,InferenceLayer.SENSOR,2524,2024-08-26 23:28:55.733684
ESP32_F0ACBF,InferenceLayer.SENSOR,1213,2024-08-26 23:28:56.751165
ESP32_AB192B,InferenceLayer.SENSOR,4127,2024-08-26 23:28:57.781394
ESP32_A1BC36,InferenceLayer.SENSOR,4180,2024-08-26 23:28:58.813655
ESP32_C31F5E,InferenceLayer.SENSOR,4039,2024-08-26 23:28:59.772970
ESP32_E2F3EA,InferenceLayer.SENSOR,3835,2024-08-26 23:29:00.792955
ESP32_2E88CE,InferenceLayer.SENSOR,1378,2024-08-26 23:29:01.776854
ESP32_615B9D,InferenceLayer.SENSOR,4103,2024-08-26 23:29:02.790761
ESP32_AABBCC,InferenceLayer.SENSOR,4155,2024-08-26 23:29:05.241360
ESP32_09B38F,InferenceLayer.SENSOR,3725,2024-08-26 23:29:06.145467
ESP32_232714,InferenceLayer.SENSOR,5115,2024-08-26 23:29:07.188126
ESP32_B57936,InferenceLayer.SENSOR,2864,2024-08-26 23:29:08.179698
ESP32_8F7400,InferenceLayer.SENSOR,4251,2024-08-26 23:29:09.201998
ESP32_3330A5,InferenceLayer.SENSOR,3227,2024-08-26 23:29:10.241760
ESP32_ED5A4D,InferenceLayer.SENSOR,3125,2024-08-26 23:29:11.208928
ESP32_46B1A6,InferenceLayer.SENSOR,3189,2024-08-26 23:29:12.240565
ESP32_46978A,InferenceLayer.SENSOR,3954,2024-08-26 23:29:13.208366
ESP32_97C286,InferenceLayer.SENSOR,3174,2024-08-26 23:29:14.221841
ESP32_B25FE3,InferenceLayer.SENSOR,3957,2024-08-26 23:29:15.308555
ESP32_1F4D55,InferenceLayer.SENSOR,4002,2024-08-26 23:29:16.249867
ESP32_ADD36D,InferenceLayer.SENSOR,3901,2024-08-26 23:29:17.291101
ESP32_F0ACBF,InferenceLayer.SENSOR,3261,2024-08-26 23:29:18.279411
ESP32_AB192B,InferenceLayer.SENSOR,4074,2024-08-26 23:29:19.263431
ESP32_A1BC36,InferenceLayer.SENSOR,1966,2024-08-26 23:29:20.338427
ESP32_C31F5E,InferenceLayer.SENSOR,4200,2024-08-26 23:29:21.285543
ESP32_E2F3EA,InferenceLayer.SENSOR,4171,2024-08-26 23:29:22.330698
ESP32_2E88CE,InferenceLayer.SENSOR,3302,2024-08-26 23:29:23.308928
ESP32_615B9D,InferenceLayer.SENSOR,3885,2024-08-26 23:29:24.365932
ESP32_AABBCC,InferenceLayer.SENSOR,926,2024-08-26 23:29:26.754337
ESP32_09B38F,InferenceLayer.SENSOR,3979,2024-08-26 23:29:27.709965
ESP32_232714,InferenceLayer.SENSOR,4028,2024-08-26 23:29:28.697884
ESP32_B57936,InferenceLayer.SENSOR,4414,2024-08-26 23:29:29.704493
ESP32_8F7400,InferenceLayer.SENSOR,4246,2024-08-26 23:29:30.714488
ESP32_3330A5,InferenceLayer.SENSOR,1043,2024-08-26 23:29:31.767922
ESP32_ED5A4D,InferenceLayer.SENSOR,4120,2024-08-26 23:29:32.721854
ESP32_46B1A6,InferenceLayer.SENSOR,4053,2024-08-26 23:29:33.802090
ESP32_46978A,InferenceLayer.SENSOR,3502,2024-08-26 23:29:34.745686
ESP32_97C286,InferenceLayer.SENSOR,3414,2024-08-26 23:29:35.788038
ESP32_B25FE3,InferenceLayer.SENSOR,1175,2024-08-26 23:29:36.862241
ESP32_1F4D55,InferenceLayer.SENSOR,730,2024-08-26 23:29:37.796574
ESP32_ADD36D,InferenceLayer.SENSOR,2174,2024-08-26 23:29:38.767820
ESP32_F0ACBF,InferenceLayer.SENSOR,4069,2024-08-26 23:29:39.794014
ESP32_AB192B,InferenceLayer.SENSOR,3940,2024-08-26 23:29:40.800136
ESP32_A1BC36,InferenceLayer.SENSOR,1253,2024-08-26 23:29:41.876696
ESP32_C31F5E,InferenceLayer.SENSOR,3963,2024-08-26 23:29:42.828620
ESP32_E2F3EA,InferenceLayer.SENSOR,4511,2024-08-26 23:29:43.814899
ESP32_2E88CE,InferenceLayer.SENSOR,4290,2024-08-26 23:29:44.856204
ESP32_615B9D,InferenceLayer.SENSOR,4213,2024-08-26 23:29:45.847012
ESP32_AABBCC,InferenceLayer.SENSOR,3944,2024-08-26 23:29:48.276748
ESP32_09B38F,InferenceLayer.SENSOR,4022,2024-08-26 23:29:49.196783
ESP32_232714,InferenceLayer.SENSOR,3943,2024-08-26 23:29:50.218950
ESP32_B57936,InferenceLayer.SENSOR,4000,2024-08-26 23:29:51.282107
ESP32_8F7400,InferenceLayer.SENSOR,3967,2024-08-26 23:29:52.233292
ESP32_3330A5,InferenceLayer.SENSOR,4180,2024-08-26 23:29:53.330513
ESP32_ED5A4D,InferenceLayer.SENSOR,3196,2024-08-26 23:29:54.280204
ESP32_46B1A6,InferenceLayer.SENSOR,4055,2024-08-26 23:29:55.285491
ESP32_46978A,InferenceLayer.SENSOR,4150,2024-08-26 23:29:56.277326
ESP32_97C286,InferenceLayer.SENSOR,3954,2024-08-26 23:29:57.309318
ESP32_B25FE3,InferenceLayer.SENSOR,3929,2024-08-26 23:29:58.379716
ESP32_1F4D55,InferenceLayer.SENSOR,4168,2024-08-26 23:29:59.334900
ESP32_ADD36D,InferenceLayer.SENSOR,1355,2024-08-26 23:30:00.329032
ESP32_F0ACBF,InferenceLayer.SENSOR,4065,2024-08-26 23:30:01.328216
ESP32_AB192B,InferenceLayer.SENSOR,3973,2024-08-26 23:30:02.346265
ESP32_A1BC36,InferenceLayer.SENSOR,4284,2024-08-26 23:30:03.420324
ESP32_46B1A6,InferenceLayer.SENSOR,4089,2024-08-26 23:36:44.128687
ESP32_46978A,InferenceLayer.SENSOR,4248,2024-08-26 23:36:45.140172
ESP32_97C286,InferenceLayer.SENSOR,3160,2024-08-26 23:36:46.170773
ESP32_B25FE3,InferenceLayer.SENSOR,1736,2024-08-26 23:36:47.206307
ESP32_1F4D55,InferenceLayer.SENSOR,4082,2024-08-26 23:36:48.160229
ESP32_ADD36D,InferenceLayer.SENSOR,4116,2024-08-26 23:36:49.206891
ESP32_F0ACBF,InferenceLayer.SENSOR,3153,2024-08-26 23:36:50.184794
ESP32_AB192B,InferenceLayer.SENSOR,3006,2024-08-26 23:36:51.222353
ESP32_A1BC36,InferenceLayer.SENSOR,3979,2024-08-26 23:36:52.286688
ESP32_C31F5E,InferenceLayer.SENSOR,3359,2024-08-26 23:36:53.245565
ESP32_E2F3EA,InferenceLayer.SENSOR,3114,2024-08-26 23:36:54.255799
ESP32_2E88CE,InferenceLayer.SENSOR,3129,2024-08-26 23:36:55.236754
ESP32_615B9D,InferenceLayer.SENSOR,4232,2024-08-26 23:36:56.256774
ESP32_AABBCC,InferenceLayer.SENSOR,3339,2024-08-26 23:36:58.727280
ESP32_09B38F,InferenceLayer.SENSOR,1187,2024-08-26 23:36:59.641365
ESP32_232714,InferenceLayer.SENSOR,870,2024-08-26 23:37:00.610308
ESP32_B57936,InferenceLayer.SENSOR,4187,2024-08-26 23:37:01.635793
ESP32_8F7400,InferenceLayer.SENSOR,2797,2024-08-26 23:37:02.629254
ESP32_3330A5,InferenceLayer.SENSOR,1488,2024-08-26 23:37:03.683225
ESP32_ED5A4D,InferenceLayer.SENSOR,3201,2024-08-26 23:37:04.643876
ESP32_46B1A6,InferenceLayer.SENSOR,991,2024-08-26 23:37:05.643702
ESP32_46978A,InferenceLayer.SENSOR,1841,2024-08-26 23:37:06.700606
ESP32_97C286,InferenceLayer.SENSOR,2725,2024-08-26 23:37:07.665112
ESP32_B25FE3,InferenceLayer.SENSOR,4329,2024-08-26 23:37:08.720273
ESP32_1F4D55,InferenceLayer.SENSOR,2686,2024-08-26 23:37:09.670883
ESP32_ADD36D,InferenceLayer.SENSOR,1178,2024-08-26 23:37:10.708828
ESP32_F0ACBF,InferenceLayer.SENSOR,1865,2024-08-26 23:37:11.693960
ESP32_AB192B,InferenceLayer.SENSOR,1611,2024-08-26 23:37:12.706628
ESP32_A1BC36,InferenceLayer.SENSOR,5125,2024-08-26 23:37:13.777120
ESP32_C31F5E,InferenceLayer.SENSOR,5996,2024-08-26 23:37:14.737433
ESP32_E2F3EA,InferenceLayer.SENSOR,1235,2024-08-26 23:37:15.743460
ESP32_2E88CE,InferenceLayer.SENSOR,2752,2024-08-26 23:37:16.729538
ESP32_615B9D,InferenceLayer.SENSOR,3808,2024-08-26 23:37:17.770321
ESP32_AABBCC,InferenceLayer.SENSOR,4012,2024-08-26 23:37:20.154876
ESP32_09B38F,InferenceLayer.SENSOR,5849,2024-08-26 23:37:21.104669
ESP32_232714,InferenceLayer.SENSOR,1333,2024-08-26 23:37:22.107311
ESP32_B57936,InferenceLayer.SENSOR,4006,2024-08-26 23:37:23.132620
ESP32_8F7400,InferenceLayer.SENSOR,4000,2024-08-26 23:37:24.143951
ESP32_3330A5,InferenceLayer.SENSOR,3992,2024-08-26 23:37:25.240798
ESP32_ED5A4D,InferenceLayer.SENSOR,4013,2024-08-26 23:37:26.152308
ESP32_46B1A6,InferenceLayer.SENSOR,1828,2024-08-26 23:37:27.181887
ESP32_46978A,InferenceLayer.SENSOR,4178,2024-08-26 23:37:28.193524
ESP32_97C286,InferenceLayer.SENSOR,4013,2024-08-26 23:37:29.165968
ESP32_B25FE3,InferenceLayer.SENSOR,4525,2024-08-26 23:37:30.257348
ESP32_1F4D55,InferenceLayer.SENSOR,2958,2024-08-26 23:37:31.198456
ESP32_ADD36D,InferenceLayer.SENSOR,2062,2024-08-26 23:37:32.195456
ESP32_F0ACBF,InferenceLayer.SENSOR,1771,2024-08-26 23:37:33.266118
ESP32_AB192B,InferenceLayer.SENSOR,3944,2024-08-26 23:37:34.218864
ESP32_A1BC36,InferenceLayer.SENSOR,1068,2024-08-26 23:37:35.276633
ESP32_C31F5E,InferenceLayer.SENSOR,4030,2024-08-26 23:37:36.266770
ESP32_E2F3EA,InferenceLayer.SENSOR,1182,2024-08-26 23:37:37.239472
ESP32_2E88CE,InferenceLayer.SENSOR,4032,2024-08-26 23:37:38.284694
ESP32_615B9D,InferenceLayer.SENSOR,989,2024-08-26 23:37:39.261881
ESP32_AABBCC,InferenceLayer.SENSOR,3964,2024-08-26 23:37:41.683108
ESP32_09B38F,InferenceLayer.SENSOR,3892,2024-08-26 23:37:42.682224
ESP32_232714,InferenceLayer.SENSOR,3726,2024-08-26 23:37:43.639495
ESP32_B57936,InferenceLayer.SENSOR,4097,2024-08-26 23:37:44.641224
ESP32_8F7400,InferenceLayer.SENSOR,852,2024-08-26 23:37:45.642400
ESP32_3330A5,InferenceLayer.SENSOR,3978,2024-08-26 23:37:46.710760
ESP32_ED5A4D,InferenceLayer.SENSOR,2158,2024-08-26 23:37:47.684743
ESP32_46B1A6,InferenceLayer.SENSOR,3971,2024-08-26 22:58:55.932089
ESP32_46978A,InferenceLayer.SENSOR,4085,2024-08-26 22:58:56.910329
ESP32_97C286,InferenceLayer.SENSOR,4262,2024-08-26 22:58:57.932692
ESP32_B25FE3,InferenceLayer.SENSOR,3994,2024-08-26 22:58:58.980146
ESP32_1F4D55,InferenceLayer.SENSOR,4083,2024-08-26 22:58:59.997457
ESP32_ADD36D,InferenceLayer.SENSOR,3963,2024-08-26 22:59:00.961479
ESP32_F0ACBF,InferenceLayer.SENSOR,4231,2024-08-26 22:59:01.985852
ESP32_AB192B,InferenceLayer.SENSOR,2939,2024-08-26 22:59:02.978101
ESP32_46B1A6,InferenceLayer.SENSOR,4016,2024-08-26 23:37:48.679492
ESP32_46978A,InferenceLayer.SENSOR,1357,2024-08-26 23:37:49.702377
ESP32_97C286,InferenceLayer.SENSOR,1044,2024-08-26 23:37:50.724204
ESP32_B25FE3,InferenceLayer.SENSOR,1008,2024-08-26 23:37:51.809702
ESP32_1F4D55,InferenceLayer.SENSOR,3919,2024-08-26 23:37:52.713961
ESP32_ADD36D,InferenceLayer.SENSOR,954,2024-08-26 23:37:53.704067
ESP32_F0ACBF,InferenceLayer.SENSOR,3571,2024-08-26 23:37:54.712280
ESP32_AB192B,InferenceLayer.SENSOR,939,2024-08-26 23:37:55.716884
ESP32_615B9D,InferenceLayer.SENSOR,1467,2024-08-26 23:38:00.789096
ESP32_AABBCC,InferenceLayer.SENSOR,4028,2024-08-26 23:38:03.207955
ESP32_09B38F,InferenceLayer.SENSOR,1826,2024-08-26 23:38:04.129385
ESP32_232714,InferenceLayer.SENSOR,3703,2024-08-26 23:38:05.120308
ESP32_B57936,InferenceLayer.SENSOR,1284,2024-08-26 23:38:06.168188
ESP32_8F7400,InferenceLayer.SENSOR,1221,2024-08-26 23:38:07.146897
ESP32_3330A5,InferenceLayer.SENSOR,1019,2024-08-26 23:38:08.229449
ESP32_ED5A4D,InferenceLayer.SENSOR,3664,2024-08-26 23:38:09.155156
ESP32_46B1A6,InferenceLayer.SENSOR,1317,2024-08-26 23:38:10.190339
ESP32_46978A,InferenceLayer.SENSOR,4125,2024-08-26 23:38:11.186598
ESP32_97C286,InferenceLayer.SENSOR,1555,2024-08-26 23:38:12.203078
ESP32_B25FE3,InferenceLayer.SENSOR,4059,2024-08-26 23:38:13.276683
ESP32_1F4D55,InferenceLayer.SENSOR,4037,2024-08-26 23:38:14.214476
ESP32_ADD36D,InferenceLayer.SENSOR,4169,2024-08-26 23:38:15.229770
ESP32_F0ACBF,InferenceLayer.SENSOR,4038,2024-08-26 23:38:16.245330
ESP32_AB192B,InferenceLayer.SENSOR,2773,2024-08-26 23:38:17.249314
ESP32_A1BC36,InferenceLayer.SENSOR,4212,2024-08-26 23:38:18.299939
ESP32_C31F5E,InferenceLayer.SENSOR,4065,2024-08-26 23:38:19.296943
ESP32_E2F3EA,InferenceLayer.SENSOR,3926,2024-08-26 23:38:20.264668
ESP32_2E88CE,InferenceLayer.SENSOR,3805,2024-08-26 23:38:21.279825
ESP32_615B9D,InferenceLayer.SENSOR,4051,2024-08-26 23:38:22.300011
ESP32_AABBCC,InferenceLayer.SENSOR,917,2024-08-26 23:38:24.656575
ESP32_09B38F,InferenceLayer.SENSOR,1355,2024-08-26 23:38:25.772789
ESP32_232714,InferenceLayer.SENSOR,2909,2024-08-26 23:38:26.690180
ESP32_B57936,InferenceLayer.SENSOR,3937,2024-08-26 23:38:27.674938
ESP32_8F7400,InferenceLayer.SENSOR,3972,2024-08-26 23:38:28.664384
ESP32_3330A5,InferenceLayer.SENSOR,4218,2024-08-26 23:38:29.724919
ESP32_ED5A4D,InferenceLayer.SENSOR,816,2024-08-26 23:38:30.673668
ESP32_46B1A6,InferenceLayer.SENSOR,4541,2024-08-26 23:38:31.719787
ESP32_46978A,InferenceLayer.SENSOR,3993,2024-08-26 23:38:32.714700
ESP32_97C286,InferenceLayer.SENSOR,4017,2024-08-26 23:38:33.703574
ESP32_B25FE3,InferenceLayer.SENSOR,3659,2024-08-26 23:38:34.794876
ESP32_1F4D55,InferenceLayer.SENSOR,1053,2024-08-26 23:38:35.712239
ESP32_ADD36D,InferenceLayer.SENSOR,4525,2024-08-26 23:38:36.741370
ESP32_F0ACBF,InferenceLayer.SENSOR,3932,2024-08-26 23:38:37.774130
ESP32_AB192B,InferenceLayer.SENSOR,3892,2024-08-26 23:38:38.780337
ESP32_A1BC36,InferenceLayer.SENSOR,4453,2024-08-26 23:38:39.861250
ESP32_C31F5E,InferenceLayer.SENSOR,1225,2024-08-26 23:38:40.776603
ESP32_E2F3EA,InferenceLayer.SENSOR,3592,2024-08-26 23:38:41.787161
ESP32_2E88CE,InferenceLayer.SENSOR,4182,2024-08-26 23:38:42.847558
ESP32_615B9D,InferenceLayer.SENSOR,1631,2024-08-26 23:38:43.814641
ESP32_AABBCC,InferenceLayer.SENSOR,4425,2024-08-26 23:38:46.218471
ESP32_09B38F,InferenceLayer.SENSOR,1121,2024-08-26 23:38:47.146072
ESP32_232714,InferenceLayer.SENSOR,3632,2024-08-26 23:38:48.177996
ESP32_B57936,InferenceLayer.SENSOR,4285,2024-08-26 23:38:49.164039
ESP32_8F7400,InferenceLayer.SENSOR,3669,2024-08-26 23:38:50.176022
ESP32_3330A5,InferenceLayer.SENSOR,4306,2024-08-26 23:38:51.262798
ESP32_ED5A4D,InferenceLayer.SENSOR,1571,2024-08-26 23:38:52.218333
ESP32_46B1A6,InferenceLayer.SENSOR,4052,2024-08-26 23:38:53.231824
ESP32_46978A,InferenceLayer.SENSOR,3209,2024-08-26 23:38:54.244481
ESP32_97C286,InferenceLayer.SENSOR,4052,2024-08-26 23:38:55.225561
ESP32_B25FE3,InferenceLayer.SENSOR,4142,2024-08-26 23:38:56.282390
ESP32_1F4D55,InferenceLayer.SENSOR,2109,2024-08-26 23:38:57.277547
ESP32_ADD36D,InferenceLayer.SENSOR,4236,2024-08-26 23:38:58.263574
ESP32_F0ACBF,InferenceLayer.SENSOR,3910,2024-08-26 23:38:59.260095
ESP32_AB192B,InferenceLayer.SENSOR,4167,2024-08-26 23:39:00.323574
ESP32_A1BC36,InferenceLayer.SENSOR,3961,2024-08-26 23:39:01.346036
ESP32_C31F5E,InferenceLayer.SENSOR,3978,2024-08-26 23:39:02.302597
ESP32_E2F3EA,InferenceLayer.SENSOR,3702,2024-08-26 23:39:03.326801
ESP32_2E88CE,InferenceLayer.SENSOR,3893,2024-08-26 23:39:04.324652
ESP32_615B9D,InferenceLayer.SENSOR,4019,2024-08-26 23:39:05.328694
ESP32_AABBCC,InferenceLayer.SENSOR,1799,2024-08-26 23:39:07.732022
ESP32_09B38F,InferenceLayer.SENSOR,6887,2024-08-26 23:39:08.683363
ESP32_232714,InferenceLayer.SENSOR,2962,2024-08-26 23:39:09.765890
ESP32_B57936,InferenceLayer.SENSOR,849,2024-08-26 23:39:10.721725
ESP32_8F7400,InferenceLayer.SENSOR,3329,2024-08-26 23:39:11.733026
ESP32_3330A5,InferenceLayer.SENSOR,2772,2024-08-26 23:39:12.768370
ESP32_ED5A4D,InferenceLayer.SENSOR,3755,2024-08-26 23:39:13.755674
ESP32_46B1A6,InferenceLayer.SENSOR,3532,2024-08-26 23:39:14.740037
ESP32_46978A,InferenceLayer.SENSOR,1048,2024-08-26 23:39:15.768403
ESP32_97C286,InferenceLayer.SENSOR,3382,2024-08-26 23:39:16.754272
ESP32_B25FE3,InferenceLayer.SENSOR,3336,2024-08-26 23:39:17.814911
ESP32_1F4D55,InferenceLayer.SENSOR,4335,2024-08-26 23:39:18.759736
ESP32_ADD36D,InferenceLayer.SENSOR,4000,2024-08-26 23:39:19.795285
ESP32_F0ACBF,InferenceLayer.SENSOR,1338,2024-08-26 23:39:20.791079
ESP32_AB192B,InferenceLayer.SENSOR,3759,2024-08-26 23:39:21.833469
ESP32_A1BC36,InferenceLayer.SENSOR,4535,2024-08-26 23:39:22.876642
ESP32_C31F5E,InferenceLayer.SENSOR,3909,2024-08-26 23:39:23.820796
ESP32_E2F3EA,InferenceLayer.SENSOR,4022,2024-08-26 23:39:24.861748
ESP32_2E88CE,InferenceLayer.SENSOR,1776,2024-08-26 23:39:25.841322
ESP32_615B9D,InferenceLayer.SENSOR,4074,2024-08-26 23:39:26.888281
ESP32_AABBCC,InferenceLayer.SENSOR,3840,2024-08-26 23:39:29.287598
ESP32_09B38F,InferenceLayer.SENSOR,4027,2024-08-26 23:39:30.218733
ESP32_232714,InferenceLayer.SENSOR,4168,2024-08-26 23:39:31.235250
ESP32_B57936,InferenceLayer.SENSOR,1897,2024-08-26 23:39:32.257035
ESP32_8F7400,InferenceLayer.SENSOR,4019,2024-08-26 23:39:33.236095
ESP32_3330A5,InferenceLayer.SENSOR,3884,2024-08-26 23:39:34.324295
ESP32_ED5A4D,InferenceLayer.SENSOR,3411,2024-08-26 23:39:35.259618
ESP32_46B1A6,InferenceLayer.SENSOR,4019,2024-08-26 23:39:36.333148
ESP32_46978A,InferenceLayer.SENSOR,3051,2024-08-26 23:39:37.279348
ESP32_97C286,InferenceLayer.SENSOR,3966,2024-08-26 23:39:38.316921
ESP32_B25FE3,InferenceLayer.SENSOR,3942,2024-08-26 23:39:39.359742
ESP32_1F4D55,InferenceLayer.SENSOR,4051,2024-08-26 23:39:40.310072
ESP32_ADD36D,InferenceLayer.SENSOR,4031,2024-08-26 23:39:41.333358
ESP32_F0ACBF,InferenceLayer.SENSOR,4395,2024-08-26 23:39:42.339334
ESP32_AB192B,InferenceLayer.SENSOR,4151,2024-08-26 23:39:43.359645
ESP32_A1BC36,InferenceLayer.SENSOR,3052,2024-08-26 23:39:44.475731
ESP32_C31F5E,InferenceLayer.SENSOR,3319,2024-08-26 23:39:45.385044
ESP32_E2F3EA,InferenceLayer.SENSOR,3702,2024-08-26 23:39:46.394266
ESP32_2E88CE,InferenceLayer.SENSOR,2279,2024-08-26 23:39:47.398932
ESP32_615B9D,InferenceLayer.SENSOR,3577,2024-08-26 23:39:48.409524
ESP32_AABBCC,InferenceLayer.SENSOR,864,2024-08-26 23:39:50.817000
ESP32_09B38F,InferenceLayer.SENSOR,2883,2024-08-26 23:39:51.844303
ESP32_232714,InferenceLayer.SENSOR,4174,2024-08-26 23:39:52.797444
ESP32_B57936,InferenceLayer.SENSOR,3982,2024-08-26 23:39:53.831191
ESP32_8F7400,InferenceLayer.SENSOR,3983,2024-08-26 23:39:54.780570
ESP32_3330A5,InferenceLayer.SENSOR,1064,2024-08-26 23:39:55.834327
ESP32_ED5A4D,InferenceLayer.SENSOR,3956,2024-08-26 23:39:56.802738
ESP32_46B1A6,InferenceLayer.SENSOR,3909,2024-08-26 23:39:57.802864
ESP32_46978A,InferenceLayer.SENSOR,4083,2024-08-26 23:39:58.854394
ESP32_97C286,InferenceLayer.SENSOR,4051,2024-08-26 23:39:59.838582
ESP32_B25FE3,InferenceLayer.SENSOR,1205,2024-08-26 23:40:00.891195
ESP32_1F4D55,InferenceLayer.SENSOR,3996,2024-08-26 23:40:01.880631
ESP32_ADD36D,InferenceLayer.SENSOR,3960,2024-08-26 23:40:02.887213
ESP32_F0ACBF,InferenceLayer.SENSOR,1764,2024-08-26 23:40:03.896422
ESP32_AB192B,InferenceLayer.SENSOR,3918,2024-08-26 23:40:04.888388
ESP32_A1BC36,InferenceLayer.SENSOR,1090,2024-08-26 23:40:06.197059
ESP32_C31F5E,InferenceLayer.SENSOR,2410,2024-08-26 23:40:06.920500
ESP32_E2F3EA,InferenceLayer.SENSOR,1150,2024-08-26 23:40:07.899654
ESP32_2E88CE,InferenceLayer.SENSOR,3487,2024-08-26 23:40:08.911242
ESP32_615B9D,InferenceLayer.SENSOR,925,2024-08-26 23:40:09.958442
ESP32_AABBCC,InferenceLayer.SENSOR,1790,2024-08-26 23:40:12.314199
ESP32_09B38F,InferenceLayer.SENSOR,3701,2024-08-26 23:40:13.268244
ESP32_232714,InferenceLayer.SENSOR,3370,2024-08-26 23:40:14.301064
ESP32_B57936,InferenceLayer.SENSOR,3489,2024-08-26 23:40:15.288314
ESP32_8F7400,InferenceLayer.SENSOR,2556,2024-08-26 23:40:16.295666
ESP32_3330A5,InferenceLayer.SENSOR,2179,2024-08-26 23:40:17.347528
ESP32_ED5A4D,InferenceLayer.SENSOR,1492,2024-08-26 23:40:18.307415
ESP32_46B1A6,InferenceLayer.SENSOR,4009,2024-08-26 23:40:19.353518
ESP32_46978A,InferenceLayer.SENSOR,1093,2024-08-26 23:40:20.345536
ESP32_97C286,InferenceLayer.SENSOR,3007,2024-08-26 23:40:21.329697
ESP32_B25FE3,InferenceLayer.SENSOR,999,2024-08-26 23:40:22.406985
ESP32_1F4D55,InferenceLayer.SENSOR,742,2024-08-26 23:40:23.365046
ESP32_ADD36D,InferenceLayer.SENSOR,1485,2024-08-26 23:40:24.347662
ESP32_F0ACBF,InferenceLayer.SENSOR,4145,2024-08-26 23:40:25.377600
ESP32_AB192B,InferenceLayer.SENSOR,3988,2024-08-26 23:40:26.358393
ESP32_A1BC36,InferenceLayer.SENSOR,4137,2024-08-26 23:40:27.452230
ESP32_C31F5E,InferenceLayer.SENSOR,3981,2024-08-26 23:40:28.441669
ESP32_E2F3EA,InferenceLayer.SENSOR,4094,2024-08-26 23:40:29.406122
ESP32_2E88CE,InferenceLayer.SENSOR,4021,2024-08-26 23:40:30.410562
ESP32_615B9D,InferenceLayer.SENSOR,4464,2024-08-26 23:40:31.419806
ESP32_AABBCC,InferenceLayer.SENSOR,3968,2024-08-26 23:40:33.834195
ESP32_09B38F,InferenceLayer.SENSOR,1073,2024-08-26 23:40:34.798883
ESP32_232714,InferenceLayer.SENSOR,876,2024-08-26 23:40:35.771341
ESP32_B57936,InferenceLayer.SENSOR,819,2024-08-26 23:40:36.766062
ESP32_8F7400,InferenceLayer.SENSOR,3510,2024-08-26 23:40:37.819502
ESP32_3330A5,InferenceLayer.SENSOR,2150,2024-08-26 23:40:38.868661
ESP32_ED5A4D,InferenceLayer.SENSOR,4066,2024-08-26 23:40:39.809025
ESP32_46B1A6,InferenceLayer.SENSOR,1022,2024-08-26 23:40:40.828032
ESP32_46978A,InferenceLayer.SENSOR,3954,2024-08-26 23:40:41.827614
ESP32_97C286,InferenceLayer.SENSOR,2145,2024-08-26 23:40:42.832972
ESP32_B25FE3,InferenceLayer.SENSOR,4057,2024-08-26 23:40:43.923602
ESP32_1F4D55,InferenceLayer.SENSOR,3948,2024-08-26 23:40:44.858392
ESP32_ADD36D,InferenceLayer.SENSOR,1192,2024-08-26 23:40:45.900485
ESP32_F0ACBF,InferenceLayer.SENSOR,1712,2024-08-26 23:40:46.870909
ESP32_AB192B,InferenceLayer.SENSOR,4014,2024-08-26 23:40:47.881281
ESP32_A1BC36,InferenceLayer.SENSOR,4005,2024-08-26 23:40:48.953995
ESP32_C31F5E,InferenceLayer.SENSOR,4359,2024-08-26 23:40:49.901246
ESP32_E2F3EA,InferenceLayer.SENSOR,1668,2024-08-26 23:40:50.930333
ESP32_2E88CE,InferenceLayer.SENSOR,4154,2024-08-26 23:40:51.993467
ESP32_615B9D,InferenceLayer.SENSOR,3926,2024-08-26 23:40:52.957374
ESP32_AABBCC,InferenceLayer.SENSOR,3536,2024-08-26 23:40:55.374318
ESP32_09B38F,InferenceLayer.SENSOR,2971,2024-08-26 23:40:56.309265
ESP32_232714,InferenceLayer.SENSOR,1818,2024-08-26 23:40:57.329478
ESP32_B57936,InferenceLayer.SENSOR,4006,2024-08-26 23:40:58.308433
ESP32_8F7400,InferenceLayer.SENSOR,3942,2024-08-26 23:40:59.304194
ESP32_3330A5,InferenceLayer.SENSOR,3954,2024-08-26 23:41:00.375973
ESP32_ED5A4D,InferenceLayer.SENSOR,1627,2024-08-26 23:41:01.327728
ESP32_46B1A6,InferenceLayer.SENSOR,2193,2024-08-26 23:41:02.371785
ESP32_46978A,InferenceLayer.SENSOR,3997,2024-08-26 23:41:03.430267
ESP32_97C286,InferenceLayer.SENSOR,4001,2024-08-26 23:41:04.377756
ESP32_B25FE3,InferenceLayer.SENSOR,4118,2024-08-26 23:41:05.419718
ESP32_1F4D55,InferenceLayer.SENSOR,4353,2024-08-26 23:41:06.394318
ESP32_ADD36D,InferenceLayer.SENSOR,4195,2024-08-26 23:41:07.386303
ESP32_F0ACBF,InferenceLayer.SENSOR,4161,2024-08-26 23:41:08.431020
ESP32_AB192B,InferenceLayer.SENSOR,4134,2024-08-26 23:41:09.430304
ESP32_A1BC36,InferenceLayer.SENSOR,3127,2024-08-26 23:41:10.476343
ESP32_C31F5E,InferenceLayer.SENSOR,3637,2024-08-26 23:41:11.464171
ESP32_E2F3EA,InferenceLayer.SENSOR,3573,2024-08-26 23:41:12.476556
ESP32_2E88CE,InferenceLayer.SENSOR,4175,2024-08-26 23:41:13.484943
ESP32_615B9D,InferenceLayer.SENSOR,3923,2024-08-26 23:41:14.470426
ESP32_AABBCC,InferenceLayer.SENSOR,4015,2024-08-26 23:41:16.861425
ESP32_09B38F,InferenceLayer.SENSOR,4054,2024-08-26 23:41:17.845239
ESP32_232714,InferenceLayer.SENSOR,4162,2024-08-26 23:41:18.832235
ESP32_B57936,InferenceLayer.SENSOR,4207,2024-08-26 23:41:19.872851
ESP32_8F7400,InferenceLayer.SENSOR,1065,2024-08-26 23:41:20.868122
ESP32_3330A5,InferenceLayer.SENSOR,3138,2024-08-26 23:41:21.931580
ESP32_ED5A4D,InferenceLayer.SENSOR,3951,2024-08-26 23:41:22.874452
ESP32_46B1A6,InferenceLayer.SENSOR,3952,2024-08-26 23:41:23.885168
ESP32_46978A,InferenceLayer.SENSOR,4019,2024-08-26 23:41:24.886380
ESP32_97C286,InferenceLayer.SENSOR,1249,2024-08-26 23:41:25.895280
ESP32_B25FE3,InferenceLayer.SENSOR,3758,2024-08-26 23:41:26.980225
ESP32_1F4D55,InferenceLayer.SENSOR,4020,2024-08-26 23:41:27.913601
ESP32_ADD36D,InferenceLayer.SENSOR,4368,2024-08-26 23:41:28.954363
ESP32_F0ACBF,InferenceLayer.SENSOR,3281,2024-08-26 23:41:29.940937
ESP32_AB192B,InferenceLayer.SENSOR,2057,2024-08-26 23:41:30.942710
ESP32_A1BC36,InferenceLayer.SENSOR,4091,2024-08-26 23:41:31.992030
ESP32_C31F5E,InferenceLayer.SENSOR,3902,2024-08-26 23:41:32.970766
ESP32_E2F3EA,InferenceLayer.SENSOR,4034,2024-08-26 23:41:33.987715
ESP32_2E88CE,InferenceLayer.SENSOR,4233,2024-08-26 23:41:35.018494
ESP32_615B9D,InferenceLayer.SENSOR,3600,2024-08-26 23:41:36.016865
ESP32_AABBCC,InferenceLayer.SENSOR,3943,2024-08-26 23:41:38.379561
ESP32_09B38F,InferenceLayer.SENSOR,3941,2024-08-26 23:41:39.394998
ESP32_232714,InferenceLayer.SENSOR,4058,2024-08-26 23:41:40.371048
ESP32_B57936,InferenceLayer.SENSOR,4010,2024-08-26 23:41:41.370238
ESP32_8F7400,InferenceLayer.SENSOR,3936,2024-08-26 23:41:42.389533
ESP32_3330A5,InferenceLayer.SENSOR,3969,2024-08-26 23:41:43.455331
ESP32_ED5A4D,InferenceLayer.SENSOR,3932,2024-08-26 23:41:44.434714
ESP32_46B1A6,InferenceLayer.SENSOR,3910,2024-08-26 23:41:45.452720
ESP32_46978A,InferenceLayer.SENSOR,4402,2024-08-26 23:41:46.445784
ESP32_97C286,InferenceLayer.SENSOR,3954,2024-08-26 23:41:47.484955
ESP32_B25FE3,InferenceLayer.SENSOR,3190,2024-08-26 23:41:48.526600
ESP32_1F4D55,InferenceLayer.SENSOR,4040,2024-08-26 23:41:49.480667
ESP32_ADD36D,InferenceLayer.SENSOR,4063,2024-08-26 23:41:50.503526
ESP32_F0ACBF,InferenceLayer.SENSOR,4189,2024-08-26 23:41:51.494642
ESP32_AB192B,InferenceLayer.SENSOR,3927,2024-08-26 23:41:52.507819
ESP32_A1BC36,InferenceLayer.SENSOR,3945,2024-08-26 23:41:53.576915
ESP32_C31F5E,InferenceLayer.SENSOR,4170,2024-08-26 23:41:54.509823
ESP32_E2F3EA,InferenceLayer.SENSOR,4144,2024-08-26 23:41:55.555491
ESP32_2E88CE,InferenceLayer.SENSOR,3993,2024-08-26 23:41:56.549875
ESP32_615B9D,InferenceLayer.SENSOR,4061,2024-08-26 23:41:57.538518
ESP32_AABBCC,InferenceLayer.SENSOR,4029,2024-08-26 23:41:59.960301
ESP32_09B38F,InferenceLayer.SENSOR,1168,2024-08-26 23:42:00.891480
ESP32_232714,InferenceLayer.SENSOR,3981,2024-08-26 23:42:01.924034
ESP32_B57936,InferenceLayer.SENSOR,3945,2024-08-26 23:42:02.947321
ESP32_8F7400,InferenceLayer.SENSOR,3992,2024-08-26 23:42:03.959043
ESP32_3330A5,InferenceLayer.SENSOR,3860,2024-08-26 23:42:05.012042
ESP32_ED5A4D,InferenceLayer.SENSOR,1214,2024-08-26 23:42:05.935275
ESP32_46B1A6,InferenceLayer.SENSOR,4032,2024-08-26 23:42:06.954638
ESP32_46978A,InferenceLayer.SENSOR,3596,2024-08-26 23:42:07.968053
ESP32_97C286,InferenceLayer.SENSOR,4153,2024-08-26 23:42:08.974050
ESP32_B25FE3,InferenceLayer.SENSOR,4062,2024-08-26 23:42:10.031195
ESP32_1F4D55,InferenceLayer.SENSOR,1876,2024-08-26 23:42:11.015590
ESP32_ADD36D,InferenceLayer.SENSOR,3996,2024-08-26 23:42:12.038943
ESP32_F0ACBF,InferenceLayer.SENSOR,3932,2024-08-26 23:42:13.039383
ESP32_AB192B,InferenceLayer.SENSOR,2351,2024-08-26 23:42:14.015662
ESP32_A1BC36,InferenceLayer.SENSOR,2040,2024-08-26 23:42:15.080244
ESP32_C31F5E,InferenceLayer.SENSOR,1434,2024-08-26 23:42:16.027163
ESP32_E2F3EA,InferenceLayer.SENSOR,4146,2024-08-26 23:42:17.043902
ESP32_2E88CE,InferenceLayer.SENSOR,1167,2024-08-26 23:42:18.052601
ESP32_615B9D,InferenceLayer.SENSOR,4210,2024-08-26 23:42:19.072553
ESP32_AABBCC,InferenceLayer.SENSOR,3999,2024-08-26 23:42:21.490338
ESP32_09B38F,InferenceLayer.SENSOR,3444,2024-08-26 23:42:22.448091
ESP32_232714,InferenceLayer.SENSOR,4006,2024-08-26 23:42:23.424768
ESP32_B57936,InferenceLayer.SENSOR,3953,2024-08-26 23:42:24.427051
ESP32_8F7400,InferenceLayer.SENSOR,3933,2024-08-26 23:42:25.448325
ESP32_3330A5,InferenceLayer.SENSOR,4028,2024-08-26 23:42:26.521348
ESP32_ED5A4D,InferenceLayer.SENSOR,3940,2024-08-26 23:42:27.487421
ESP32_46B1A6,InferenceLayer.SENSOR,2906,2024-08-26 23:42:28.495368
ESP32_46978A,InferenceLayer.SENSOR,3806,2024-08-26 23:42:29.468969
ESP32_97C286,InferenceLayer.SENSOR,1517,2024-08-26 23:42:30.510379
ESP32_B25FE3,InferenceLayer.SENSOR,4238,2024-08-26 23:42:31.550889
ESP32_1F4D55,InferenceLayer.SENSOR,1116,2024-08-26 23:42:32.506021
ESP32_ADD36D,InferenceLayer.SENSOR,4020,2024-08-26 23:42:33.548530
ESP32_F0ACBF,InferenceLayer.SENSOR,961,2024-08-26 23:42:34.516018
ESP32_AB192B,InferenceLayer.SENSOR,4042,2024-08-26 23:42:35.528412
ESP32_A1BC36,InferenceLayer.SENSOR,1193,2024-08-26 23:42:36.593901
ESP32_C31F5E,InferenceLayer.SENSOR,3219,2024-08-26 23:42:37.574244
ESP32_E2F3EA,InferenceLayer.SENSOR,3777,2024-08-26 23:42:38.547515
ESP32_2E88CE,InferenceLayer.SENSOR,3642,2024-08-26 23:42:39.550656
ESP32_615B9D,InferenceLayer.SENSOR,3948,2024-08-26 23:42:40.579154
ESP32_AABBCC,InferenceLayer.SENSOR,2364,2024-08-26 23:42:43.017992
ESP32_09B38F,InferenceLayer.SENSOR,3769,2024-08-26 23:42:43.938047
ESP32_232714,InferenceLayer.SENSOR,1417,2024-08-26 23:42:44.945348
ESP32_B57936,InferenceLayer.SENSOR,1287,2024-08-26 23:42:45.964241
ESP32_8F7400,InferenceLayer.SENSOR,1169,2024-08-26 23:42:46.943778
ESP32_3330A5,InferenceLayer.SENSOR,4282,2024-08-26 23:42:48.015305
ESP32_ED5A4D,InferenceLayer.SENSOR,906,2024-08-26 23:42:49.010343
ESP32_46B1A6,InferenceLayer.SENSOR,3913,2024-08-26 23:42:50.008470
ESP32_46978A,InferenceLayer.SENSOR,783,2024-08-26 23:42:50.973366
ESP32_97C286,InferenceLayer.SENSOR,4063,2024-08-26 23:42:52.012646
ESP32_B25FE3,InferenceLayer.SENSOR,3903,2024-08-26 23:42:53.049324
ESP32_1F4D55,InferenceLayer.SENSOR,3953,2024-08-26 23:42:54.044892
ESP32_ADD36D,InferenceLayer.SENSOR,3083,2024-08-26 23:42:55.015106
ESP32_F0ACBF,InferenceLayer.SENSOR,2780,2024-08-26 23:42:56.057195
ESP32_AB192B,InferenceLayer.SENSOR,3330,2024-08-26 23:42:57.084335
ESP32_A1BC36,InferenceLayer.SENSOR,3945,2024-08-26 23:42:58.091737
ESP32_C31F5E,InferenceLayer.SENSOR,3401,2024-08-26 23:42:59.080885
ESP32_E2F3EA,InferenceLayer.SENSOR,4151,2024-08-26 23:43:00.079851
ESP32_2E88CE,InferenceLayer.SENSOR,3565,2024-08-26 23:43:01.081680
ESP32_615B9D,InferenceLayer.SENSOR,4148,2024-08-26 23:43:02.104115
ESP32_AABBCC,InferenceLayer.SENSOR,3922,2024-08-26 23:43:04.505820
ESP32_09B38F,InferenceLayer.SENSOR,915,2024-08-26 23:43:05.470155
ESP32_232714,InferenceLayer.SENSOR,2493,2024-08-26 23:43:06.490459
ESP32_B57936,InferenceLayer.SENSOR,4044,2024-08-26 23:43:07.465723
ESP32_8F7400,InferenceLayer.SENSOR,3902,2024-08-26 23:43:08.470976
ESP32_3330A5,InferenceLayer.SENSOR,3972,2024-08-26 23:43:09.533831
ESP32_ED5A4D,InferenceLayer.SENSOR,4230,2024-08-26 23:43:10.496982
ESP32_46B1A6,InferenceLayer.SENSOR,3955,2024-08-26 23:43:11.505133
ESP32_46978A,InferenceLayer.SENSOR,4040,2024-08-26 23:43:12.531295
ESP32_97C286,InferenceLayer.SENSOR,2123,2024-08-26 23:43:13.544566
ESP32_B25FE3,InferenceLayer.SENSOR,3972,2024-08-26 23:43:14.637120
ESP32_1F4D55,InferenceLayer.SENSOR,3940,2024-08-26 23:43:15.574854
ESP32_ADD36D,InferenceLayer.SENSOR,5271,2024-08-26 23:43:16.562241
ESP32_F0ACBF,InferenceLayer.SENSOR,3489,2024-08-26 23:43:17.564458
ESP32_AB192B,InferenceLayer.SENSOR,3878,2024-08-26 23:43:18.573976
ESP32_A1BC36,InferenceLayer.SENSOR,3947,2024-08-26 23:43:19.634824
ESP32_C31F5E,InferenceLayer.SENSOR,3171,2024-08-26 23:43:20.618170
ESP32_E2F3EA,InferenceLayer.SENSOR,4150,2024-08-26 23:43:21.632358
ESP32_2E88CE,InferenceLayer.SENSOR,4171,2024-08-26 23:43:22.647370
ESP32_615B9D,InferenceLayer.SENSOR,4049,2024-08-26 23:43:23.613901
ESP32_AABBCC,InferenceLayer.SENSOR,1089,2024-08-26 23:43:26.055832
ESP32_09B38F,InferenceLayer.SENSOR,4042,2024-08-26 23:43:26.966487
ESP32_232714,InferenceLayer.SENSOR,2389,2024-08-26 23:43:28.006314
ESP32_B57936,InferenceLayer.SENSOR,3920,2024-08-26 23:43:28.993119
ESP32_8F7400,InferenceLayer.SENSOR,4015,2024-08-26 23:43:30.012038
ESP32_3330A5,InferenceLayer.SENSOR,1653,2024-08-26 23:43:31.080143
ESP32_ED5A4D,InferenceLayer.SENSOR,2965,2024-08-26 23:43:32.051205
ESP32_46B1A6,InferenceLayer.SENSOR,3753,2024-08-26 23:43:33.041609
ESP32_46978A,InferenceLayer.SENSOR,3442,2024-08-26 23:43:34.045600
ESP32_97C286,InferenceLayer.SENSOR,4314,2024-08-26 23:43:35.043919
ESP32_B25FE3,InferenceLayer.SENSOR,2174,2024-08-26 23:43:36.125000
ESP32_1F4D55,InferenceLayer.SENSOR,3968,2024-08-26 23:43:37.091499
ESP32_ADD36D,InferenceLayer.SENSOR,3226,2024-08-26 23:43:38.111275
ESP32_F0ACBF,InferenceLayer.SENSOR,3165,2024-08-26 23:43:39.087969
ESP32_AB192B,InferenceLayer.SENSOR,3288,2024-08-26 23:43:40.113080
ESP32_A1BC36,InferenceLayer.SENSOR,3963,2024-08-26 23:43:41.160506
ESP32_C31F5E,InferenceLayer.SENSOR,3982,2024-08-26 23:43:42.114554
ESP32_E2F3EA,InferenceLayer.SENSOR,2905,2024-08-26 23:43:43.131317
ESP32_2E88CE,InferenceLayer.SENSOR,4005,2024-08-26 23:43:44.140247
ESP32_615B9D,InferenceLayer.SENSOR,3105,2024-08-26 23:43:45.165022
ESP32_AABBCC,InferenceLayer.SENSOR,3966,2024-08-26 23:43:47.562489
ESP32_09B38F,InferenceLayer.SENSOR,4089,2024-08-26 23:43:48.529759
ESP32_232714,InferenceLayer.SENSOR,4148,2024-08-26 23:43:49.510710
ESP32_B57936,InferenceLayer.SENSOR,3052,2024-08-26 23:43:50.546773
ESP32_8F7400,InferenceLayer.SENSOR,3971,2024-08-26 23:43:51.541675
ESP32_3330A5,InferenceLayer.SENSOR,3152,2024-08-26 23:43:52.592754
ESP32_ED5A4D,InferenceLayer.SENSOR,3502,2024-08-26 23:43:53.538851
ESP32_46B1A6,InferenceLayer.SENSOR,3169,2024-08-26 23:43:54.593231
ESP32_46978A,InferenceLayer.SENSOR,3759,2024-08-26 23:43:55.594455
ESP32_97C286,InferenceLayer.SENSOR,3050,2024-08-26 23:43:56.574104
ESP32_B25FE3,InferenceLayer.SENSOR,3854,2024-08-26 23:43:57.644895
ESP32_1F4D55,InferenceLayer.SENSOR,4039,2024-08-26 23:43:58.632658
ESP32_ADD36D,InferenceLayer.SENSOR,3112,2024-08-26 23:43:59.609680
ESP32_F0ACBF,InferenceLayer.SENSOR,3094,2024-08-26 23:44:00.626726
ESP32_AB192B,InferenceLayer.SENSOR,3213,2024-08-26 23:44:01.628404
ESP32_A1BC36,InferenceLayer.SENSOR,4209,2024-08-26 23:44:02.711412
ESP32_C31F5E,InferenceLayer.SENSOR,3914,2024-08-26 23:44:03.674461
ESP32_E2F3EA,InferenceLayer.SENSOR,4062,2024-08-26 23:44:04.681180
ESP32_2E88CE,InferenceLayer.SENSOR,4540,2024-08-26 23:44:05.689594
ESP32_615B9D,InferenceLayer.SENSOR,4273,2024-08-26 23:44:06.722763
ESP32_AABBCC,InferenceLayer.SENSOR,3889,2024-08-26 23:44:09.106851
ESP32_09B38F,InferenceLayer.SENSOR,4025,2024-08-26 23:44:10.038996
ESP32_232714,InferenceLayer.SENSOR,1435,2024-08-26 23:44:11.046274
ESP32_B57936,InferenceLayer.SENSOR,3198,2024-08-26 23:44:12.066445
ESP32_8F7400,InferenceLayer.SENSOR,3917,2024-08-26 23:44:13.063335
ESP32_3330A5,InferenceLayer.SENSOR,3923,2024-08-26 23:44:14.195316
ESP32_ED5A4D,InferenceLayer.SENSOR,4072,2024-08-26 23:44:15.078697
ESP32_46B1A6,InferenceLayer.SENSOR,2072,2024-08-26 23:44:16.117063
ESP32_46978A,InferenceLayer.SENSOR,4311,2024-08-26 23:44:17.099391
ESP32_97C286,InferenceLayer.SENSOR,3891,2024-08-26 23:44:18.107203
ESP32_B25FE3,InferenceLayer.SENSOR,4071,2024-08-26 23:44:19.192360
ESP32_1F4D55,InferenceLayer.SENSOR,3999,2024-08-26 23:44:20.134908
ESP32_ADD36D,InferenceLayer.SENSOR,3901,2024-08-26 23:44:21.150027
ESP32_F0ACBF,InferenceLayer.SENSOR,3995,2024-08-26 23:44:22.141155
ESP32_AB192B,InferenceLayer.SENSOR,1098,2024-08-26 23:44:23.159143
ESP32_A1BC36,InferenceLayer.SENSOR,1701,2024-08-26 23:44:24.264638
ESP32_C31F5E,InferenceLayer.SENSOR,3887,2024-08-26 23:44:25.177737
ESP32_E2F3EA,InferenceLayer.SENSOR,1843,2024-08-26 23:44:26.193221
ESP32_2E88CE,InferenceLayer.SENSOR,4204,2024-08-26 23:44:27.213407
ESP32_615B9D,InferenceLayer.SENSOR,1558,2024-08-26 23:44:28.222666
ESP32_AABBCC,InferenceLayer.SENSOR,4276,2024-08-26 23:44:30.621773
ESP32_09B38F,InferenceLayer.SENSOR,3018,2024-08-26 23:44:31.575323
ESP32_232714,InferenceLayer.SENSOR,3944,2024-08-26 23:44:32.557195
ESP32_B57936,InferenceLayer.SENSOR,3147,2024-08-26 23:44:33.607719
ESP32_8F7400,InferenceLayer.SENSOR,2416,2024-08-26 23:44:34.600332
ESP32_3330A5,InferenceLayer.SENSOR,2889,2024-08-26 23:44:35.644961
ESP32_ED5A4D,InferenceLayer.SENSOR,3989,2024-08-26 23:44:36.597566
ESP32_46B1A6,InferenceLayer.SENSOR,4121,2024-08-26 23:44:37.615160
ESP32_46978A,InferenceLayer.SENSOR,4080,2024-08-26 23:44:38.613769
ESP32_97C286,InferenceLayer.SENSOR,4099,2024-08-26 23:44:39.636007
ESP32_B25FE3,InferenceLayer.SENSOR,3985,2024-08-26 23:44:40.712906
ESP32_1F4D55,InferenceLayer.SENSOR,4511,2024-08-26 23:44:41.689574
ESP32_ADD36D,InferenceLayer.SENSOR,1542,2024-08-26 23:44:42.664282
ESP32_F0ACBF,InferenceLayer.SENSOR,3534,2024-08-26 23:44:43.677976
ESP32_AB192B,InferenceLayer.SENSOR,1288,2024-08-26 23:44:44.672737
ESP32_A1BC36,InferenceLayer.SENSOR,3128,2024-08-26 23:44:45.735398
ESP32_C31F5E,InferenceLayer.SENSOR,1067,2024-08-26 23:44:46.690045
ESP32_E2F3EA,InferenceLayer.SENSOR,3999,2024-08-26 23:44:47.719927
ESP32_2E88CE,InferenceLayer.SENSOR,1415,2024-08-26 23:44:48.713552
ESP32_615B9D,InferenceLayer.SENSOR,4494,2024-08-26 23:44:49.735874
ESP32_AABBCC,InferenceLayer.SENSOR,3894,2024-08-26 23:44:52.080189
ESP32_09B38F,InferenceLayer.SENSOR,3923,2024-08-26 23:44:53.118404
ESP32_232714,InferenceLayer.SENSOR,3993,2024-08-26 23:44:54.121228
ESP32_B57936,InferenceLayer.SENSOR,2237,2024-08-26 23:44:55.120474
ESP32_8F7400,InferenceLayer.SENSOR,1811,2024-08-26 23:44:56.106689
ESP32_3330A5,InferenceLayer.SENSOR,1423,2024-08-26 23:44:57.178976
ESP32_ED5A4D,InferenceLayer.SENSOR,3943,2024-08-26 23:44:58.146353
ESP32_46B1A6,InferenceLayer.SENSOR,1177,2024-08-26 23:44:59.125200
ESP32_46978A,InferenceLayer.SENSOR,4012,2024-08-26 23:45:00.165718
ESP32_97C286,InferenceLayer.SENSOR,890,2024-08-26 23:45:01.175779
ESP32_B25FE3,InferenceLayer.SENSOR,3303,2024-08-26 23:45:02.203429
ESP32_1F4D55,InferenceLayer.SENSOR,949,2024-08-26 23:45:03.152358
ESP32_ADD36D,InferenceLayer.SENSOR,3978,2024-08-26 23:45:04.158673
ESP32_F0ACBF,InferenceLayer.SENSOR,3979,2024-08-26 23:45:05.180891
ESP32_AB192B,InferenceLayer.SENSOR,3887,2024-08-26 23:45:06.194962
ESP32_A1BC36,InferenceLayer.SENSOR,4009,2024-08-26 23:45:07.251325
ESP32_C31F5E,InferenceLayer.SENSOR,3030,2024-08-26 23:45:08.260212
ESP32_E2F3EA,InferenceLayer.SENSOR,4096,2024-08-26 23:45:09.244917
ESP32_2E88CE,InferenceLayer.SENSOR,4264,2024-08-26 23:45:10.249596
ESP32_615B9D,InferenceLayer.SENSOR,3964,2024-08-26 23:45:11.237961
ESP32_AABBCC,InferenceLayer.SENSOR,1462,2024-08-26 23:45:13.647597
ESP32_09B38F,InferenceLayer.SENSOR,4083,2024-08-26 23:45:14.597286
ESP32_232714,InferenceLayer.SENSOR,1056,2024-08-26 23:45:15.604393
ESP32_B57936,InferenceLayer.SENSOR,3173,2024-08-26 23:45:16.609686
ESP32_8F7400,InferenceLayer.SENSOR,922,2024-08-26 23:45:17.650833
ESP32_3330A5,InferenceLayer.SENSOR,4168,2024-08-26 23:45:18.708505
ESP32_ED5A4D,InferenceLayer.SENSOR,1491,2024-08-26 23:45:19.639877
ESP32_46B1A6,InferenceLayer.SENSOR,4062,2024-08-26 23:45:20.645225
ESP32_46978A,InferenceLayer.SENSOR,4110,2024-08-26 23:45:21.686739
ESP32_97C286,InferenceLayer.SENSOR,4103,2024-08-26 23:45:22.669027
ESP32_B25FE3,InferenceLayer.SENSOR,3451,2024-08-26 23:45:23.755606
ESP32_1F4D55,InferenceLayer.SENSOR,2661,2024-08-26 23:45:24.687127
ESP32_ADD36D,InferenceLayer.SENSOR,1363,2024-08-26 23:45:25.730363
ESP32_F0ACBF,InferenceLayer.SENSOR,4071,2024-08-26 23:45:26.741633
ESP32_AB192B,InferenceLayer.SENSOR,3962,2024-08-26 23:45:27.742460
ESP32_A1BC36,InferenceLayer.SENSOR,2217,2024-08-26 23:45:28.762323
ESP32_C31F5E,InferenceLayer.SENSOR,4412,2024-08-26 23:45:29.797923
ESP32_E2F3EA,InferenceLayer.SENSOR,4110,2024-08-26 23:45:30.784497
ESP32_2E88CE,InferenceLayer.SENSOR,3947,2024-08-26 23:45:31.768500
ESP32_615B9D,InferenceLayer.SENSOR,3964,2024-08-26 23:45:32.790751
ESP32_AABBCC,InferenceLayer.SENSOR,3955,2024-08-26 23:45:35.255774
ESP32_09B38F,InferenceLayer.SENSOR,1224,2024-08-26 23:45:36.160895
ESP32_232714,InferenceLayer.SENSOR,4058,2024-08-26 23:45:37.192685
ESP32_B57936,InferenceLayer.SENSOR,3917,2024-08-26 23:45:38.194976
ESP32_8F7400,InferenceLayer.SENSOR,4002,2024-08-26 23:45:39.230029
ESP32_3330A5,InferenceLayer.SENSOR,3972,2024-08-26 23:45:40.293558
ESP32_ED5A4D,InferenceLayer.SENSOR,3739,2024-08-26 23:45:41.230125
ESP32_46B1A6,InferenceLayer.SENSOR,3473,2024-08-26 23:45:42.252354
ESP32_46978A,InferenceLayer.SENSOR,4116,2024-08-26 23:45:43.332325
ESP32_97C286,InferenceLayer.SENSOR,4117,2024-08-26 23:45:44.378711
