sensor_name,inference_layer,inference_latency,registered_at
ESP32_09B38F,InferenceLayer.SENSOR,1097,2024-08-26 23:50:05.526235
ESP32_232714,InferenceLayer.SENSOR,3957,2024-08-26 23:50:06.542870
ESP32_B57936,InferenceLayer.SENSOR,1001,2024-08-26 23:50:07.554919
ESP32_8F7400,InferenceLayer.SENSOR,3798,2024-08-26 23:50:08.570618
ESP32_3330A5,InferenceLayer.SENSOR,1321,2024-08-26 23:50:09.636546
ESP32_ED5A4D,InferenceLayer.SENSOR,2940,2024-08-26 23:50:10.577271
ESP32_46B1A6,InferenceLayer.SENSOR,3900,2024-08-26 23:50:11.635830
ESP32_46978A,InferenceLayer.SENSOR,1390,2024-08-26 23:50:12.633900
ESP32_97C286,InferenceLayer.SENSOR,3581,2024-08-26 23:50:13.598878
ESP32_B25FE3,InferenceLayer.SENSOR,4009,2024-08-26 23:50:14.672108
ESP32_1F4D55,InferenceLayer.SENSOR,4350,2024-08-26 23:50:15.631293
ESP32_ADD36D,InferenceLayer.SENSOR,3991,2024-08-26 23:50:16.654969
ESP32_F0ACBF,InferenceLayer.SENSOR,912,2024-08-26 23:50:17.640297
ESP32_AB192B,InferenceLayer.SENSOR,3741,2024-08-26 23:50:18.647638
ESP32_A1BC36,InferenceLayer.SENSOR,2471,2024-08-26 23:50:19.734275
ESP32_C31F5E,InferenceLayer.SENSOR,3727,2024-08-26 23:50:20.669493
ESP32_E2F3EA,InferenceLayer.SENSOR,3142,2024-08-26 23:50:21.712870
ESP32_2E88CE,InferenceLayer.SENSOR,1067,2024-08-26 23:50:22.692634
ESP32_615B9D,InferenceLayer.SENSOR,2338,2024-08-26 23:50:23.724136
ESP32_37E138,InferenceLayer.SENSOR,3052,2024-08-26 23:50:24.761652
ESP32_6EF35F,InferenceLayer.SENSOR,3635,2024-08-26 23:50:25.716846
ESP32_E9F15A,InferenceLayer.SENSOR,1715,2024-08-26 23:50:26.724985
ESP32_97CAE1,InferenceLayer.SENSOR,1159,2024-08-26 23:50:27.766148
ESP32_A73166,InferenceLayer.SENSOR,4014,2024-08-26 23:50:28.763649
ESP32_AABBCC,InferenceLayer.SENSOR,3897,2024-08-26 23:50:31.030661
ESP32_09B38F,InferenceLayer.SENSOR,3939,2024-08-26 23:50:32.019838
ESP32_232714,InferenceLayer.SENSOR,3911,2024-08-26 23:50:32.988876
ESP32_B57936,InferenceLayer.SENSOR,3416,2024-08-26 23:50:34.020588
ESP32_8F7400,InferenceLayer.SENSOR,4120,2024-08-26 23:50:35.020113
ESP32_3330A5,InferenceLayer.SENSOR,3980,2024-08-26 23:50:36.091239
ESP32_ED5A4D,InferenceLayer.SENSOR,2051,2024-08-26 23:50:37.025604
ESP32_46B1A6,InferenceLayer.SENSOR,3650,2024-08-26 23:50:38.081109
ESP32_46978A,InferenceLayer.SENSOR,3743,2024-08-26 23:50:39.076147
ESP32_97C286,InferenceLayer.SENSOR,3971,2024-08-26 23:50:40.064415
ESP32_B25FE3,InferenceLayer.SENSOR,4045,2024-08-26 23:50:41.151846
ESP32_1F4D55,InferenceLayer.SENSOR,3017,2024-08-26 23:50:42.087192
ESP32_ADD36D,InferenceLayer.SENSOR,4083,2024-08-26 23:50:43.105996
ESP32_F0ACBF,InferenceLayer.SENSOR,4301,2024-08-26 23:50:44.098055
ESP32_AB192B,InferenceLayer.SENSOR,3915,2024-08-26 23:50:45.148619
ESP32_A1BC36,InferenceLayer.SENSOR,4029,2024-08-26 23:50:46.212735
ESP32_C31F5E,InferenceLayer.SENSOR,2815,2024-08-26 23:50:47.153038
ESP32_E2F3EA,InferenceLayer.SENSOR,1204,2024-08-26 23:50:48.169277
ESP32_2E88CE,InferenceLayer.SENSOR,3783,2024-08-26 23:50:49.149139
ESP32_615B9D,InferenceLayer.SENSOR,4171,2024-08-26 23:50:50.168894
ESP32_37E138,InferenceLayer.SENSOR,2706,2024-08-26 23:50:51.247509
ESP32_6EF35F,InferenceLayer.SENSOR,2873,2024-08-26 23:50:52.202472
ESP32_E9F15A,InferenceLayer.SENSOR,939,2024-08-26 23:50:53.219264
ESP32_97CAE1,InferenceLayer.SENSOR,3928,2024-08-26 23:50:54.222005
ESP32_A73166,InferenceLayer.SENSOR,3150,2024-08-26 23:50:55.198467
ESP32_AABBCC,InferenceLayer.SENSOR,3937,2024-08-26 23:50:57.534721
ESP32_09B38F,InferenceLayer.SENSOR,3915,2024-08-26 23:50:58.455027
ESP32_232714,InferenceLayer.SENSOR,3949,2024-08-26 23:50:59.484974
ESP32_B57936,InferenceLayer.SENSOR,3940,2024-08-26 23:51:00.488475
ESP32_8F7400,InferenceLayer.SENSOR,3965,2024-08-26 23:51:01.500548
ESP32_3330A5,InferenceLayer.SENSOR,3853,2024-08-26 23:51:02.588449
ESP32_ED5A4D,InferenceLayer.SENSOR,3992,2024-08-26 23:51:03.551100
ESP32_46B1A6,InferenceLayer.SENSOR,4476,2024-08-26 23:51:04.518855
ESP32_09B38F,InferenceLayer.SENSOR,3922,2024-08-27 00:20:05.435372
ESP32_232714,InferenceLayer.SENSOR,5363,2024-08-27 00:20:06.434575
ESP32_B57936,InferenceLayer.SENSOR,3576,2024-08-27 00:20:07.432990
ESP32_8F7400,InferenceLayer.SENSOR,3928,2024-08-27 00:20:08.453872
ESP32_3330A5,InferenceLayer.SENSOR,10527,2024-08-27 00:20:09.541592
ESP32_ED5A4D,InferenceLayer.SENSOR,4527,2024-08-27 00:20:10.519349
ESP32_46B1A6,InferenceLayer.SENSOR,3873,2024-08-27 00:20:11.536128
ESP32_46978A,InferenceLayer.SENSOR,3868,2024-08-27 00:20:12.522616
ESP32_97C286,InferenceLayer.SENSOR,3917,2024-08-27 00:20:13.573563
ESP32_B25FE3,InferenceLayer.SENSOR,3935,2024-08-27 00:20:14.599924
ESP32_1F4D55,InferenceLayer.SENSOR,3893,2024-08-27 00:20:15.596067
ESP32_ADD36D,InferenceLayer.SENSOR,3874,2024-08-27 00:20:16.586428
ESP32_F0ACBF,InferenceLayer.SENSOR,3070,2024-08-27 00:20:17.612354
ESP32_AB192B,InferenceLayer.SENSOR,3067,2024-08-27 00:20:18.618181
ESP32_A1BC36,InferenceLayer.SENSOR,3890,2024-08-27 00:20:19.698529
ESP32_C31F5E,InferenceLayer.SENSOR,3909,2024-08-27 00:20:20.633437
ESP32_E2F3EA,InferenceLayer.SENSOR,3878,2024-08-27 00:20:21.641589
ESP32_2E88CE,InferenceLayer.SENSOR,3526,2024-08-27 00:20:22.692657
ESP32_615B9D,InferenceLayer.SENSOR,3820,2024-08-27 00:20:23.699647
ESP32_37E138,InferenceLayer.SENSOR,3981,2024-08-27 00:20:24.726122
ESP32_6EF35F,InferenceLayer.SENSOR,3872,2024-08-27 00:20:25.707103
ESP32_E9F15A,InferenceLayer.SENSOR,3881,2024-08-27 00:20:26.742942
ESP32_97CAE1,InferenceLayer.SENSOR,3429,2024-08-27 00:20:27.735612
ESP32_A73166,InferenceLayer.SENSOR,3938,2024-08-27 00:20:28.750787
ESP32_46978A,InferenceLayer.SENSOR,2870,2024-08-26 23:51:05.536306
ESP32_97C286,InferenceLayer.SENSOR,3464,2024-08-26 23:51:06.580178
ESP32_B25FE3,InferenceLayer.SENSOR,1707,2024-08-26 23:51:07.611657
ESP32_1F4D55,InferenceLayer.SENSOR,4352,2024-08-26 23:51:08.581520
ESP32_ADD36D,InferenceLayer.SENSOR,1207,2024-08-26 23:51:09.585463
ESP32_F0ACBF,InferenceLayer.SENSOR,4151,2024-08-26 23:51:10.585415
ESP32_AB192B,InferenceLayer.SENSOR,1029,2024-08-26 23:51:11.642582
ESP32_A1BC36,InferenceLayer.SENSOR,4804,2024-08-26 23:51:12.658823
ESP32_C31F5E,InferenceLayer.SENSOR,759,2024-08-26 23:51:13.633159
ESP32_E2F3EA,InferenceLayer.SENSOR,4103,2024-08-26 23:51:14.608622
ESP32_2E88CE,InferenceLayer.SENSOR,1797,2024-08-26 23:51:15.633349
ESP32_615B9D,InferenceLayer.SENSOR,3389,2024-08-26 23:51:16.629967
ESP32_37E138,InferenceLayer.SENSOR,1430,2024-08-26 23:51:17.693417
ESP32_6EF35F,InferenceLayer.SENSOR,3160,2024-08-26 23:51:18.674995
ESP32_E9F15A,InferenceLayer.SENSOR,3468,2024-08-26 23:51:19.654108
ESP32_97CAE1,InferenceLayer.SENSOR,2787,2024-08-26 23:51:20.702636
ESP32_A73166,InferenceLayer.SENSOR,3887,2024-08-26 23:51:21.686060
ESP32_AABBCC,InferenceLayer.SENSOR,930,2024-08-26 23:51:23.959738
ESP32_09B38F,InferenceLayer.SENSOR,3782,2024-08-26 23:51:24.919812
ESP32_232714,InferenceLayer.SENSOR,1302,2024-08-26 23:51:25.964412
ESP32_B57936,InferenceLayer.SENSOR,3986,2024-08-26 23:51:26.940962
ESP32_8F7400,InferenceLayer.SENSOR,1561,2024-08-26 23:51:27.969109
ESP32_3330A5,InferenceLayer.SENSOR,3154,2024-08-26 23:51:29.031087
ESP32_ED5A4D,InferenceLayer.SENSOR,3509,2024-08-26 23:51:30.003699
ESP32_46B1A6,InferenceLayer.SENSOR,4686,2024-08-26 23:51:30.979332
ESP32_46978A,InferenceLayer.SENSOR,4090,2024-08-26 23:51:31.993622
ESP32_97C286,InferenceLayer.SENSOR,4407,2024-08-26 23:51:32.994907
ESP32_B25FE3,InferenceLayer.SENSOR,4064,2024-08-26 23:51:34.086843
ESP32_1F4D55,InferenceLayer.SENSOR,3731,2024-08-26 23:51:35.024758
ESP32_ADD36D,InferenceLayer.SENSOR,2250,2024-08-26 23:51:36.036726
ESP32_F0ACBF,InferenceLayer.SENSOR,4192,2024-08-26 23:51:37.058460
ESP32_AB192B,InferenceLayer.SENSOR,3616,2024-08-26 23:51:38.083263
ESP32_A1BC36,InferenceLayer.SENSOR,2623,2024-08-26 23:51:39.106797
ESP32_C31F5E,InferenceLayer.SENSOR,2238,2024-08-26 23:51:40.081071
ESP32_E2F3EA,InferenceLayer.SENSOR,4504,2024-08-26 23:51:41.097304
ESP32_2E88CE,InferenceLayer.SENSOR,3841,2024-08-26 23:51:42.112868
ESP32_615B9D,InferenceLayer.SENSOR,2733,2024-08-26 23:51:43.089896
ESP32_37E138,InferenceLayer.SENSOR,3788,2024-08-26 23:51:44.157637
ESP32_6EF35F,InferenceLayer.SENSOR,3566,2024-08-26 23:51:45.115149
ESP32_E9F15A,InferenceLayer.SENSOR,2897,2024-08-26 23:51:46.155797
ESP32_97CAE1,InferenceLayer.SENSOR,3960,2024-08-26 23:51:47.127392
ESP32_A73166,InferenceLayer.SENSOR,2832,2024-08-26 23:51:48.138800
ESP32_AABBCC,InferenceLayer.SENSOR,3945,2024-08-26 23:51:50.416418
ESP32_09B38F,InferenceLayer.SENSOR,3974,2024-08-26 23:51:51.427721
ESP32_232714,InferenceLayer.SENSOR,4173,2024-08-26 23:51:52.408841
ESP32_B57936,InferenceLayer.SENSOR,4255,2024-08-26 23:51:53.418207
ESP32_8F7400,InferenceLayer.SENSOR,4366,2024-08-26 23:51:54.440082
ESP32_3330A5,InferenceLayer.SENSOR,3981,2024-08-26 23:51:55.524647
ESP32_ED5A4D,InferenceLayer.SENSOR,3974,2024-08-26 23:51:56.443149
ESP32_46B1A6,InferenceLayer.SENSOR,4042,2024-08-26 23:51:57.481631
ESP32_46978A,InferenceLayer.SENSOR,3961,2024-08-26 23:51:58.488475
ESP32_97C286,InferenceLayer.SENSOR,3487,2024-08-26 23:51:59.486082
ESP32_B25FE3,InferenceLayer.SENSOR,3991,2024-08-26 23:52:00.547722
ESP32_1F4D55,InferenceLayer.SENSOR,3854,2024-08-26 23:52:01.506469
ESP32_ADD36D,InferenceLayer.SENSOR,4009,2024-08-26 23:52:02.500718
ESP32_F0ACBF,InferenceLayer.SENSOR,4017,2024-08-26 23:52:03.566111
ESP32_AB192B,InferenceLayer.SENSOR,4942,2024-08-26 23:52:04.521013
ESP32_AABBCC,InferenceLayer.SENSOR,3908,2024-08-27 00:20:31.050068
ESP32_09B38F,InferenceLayer.SENSOR,3922,2024-08-27 00:20:32.059668
ESP32_232714,InferenceLayer.SENSOR,3910,2024-08-27 00:20:33.024750
ESP32_B57936,InferenceLayer.SENSOR,5110,2024-08-27 00:20:34.033903
ESP32_8F7400,InferenceLayer.SENSOR,3817,2024-08-27 00:20:35.068365
ESP32_3330A5,InferenceLayer.SENSOR,4126,2024-08-27 00:20:36.108693
ESP32_ED5A4D,InferenceLayer.SENSOR,3021,2024-08-27 00:20:37.083778
ESP32_46B1A6,InferenceLayer.SENSOR,3849,2024-08-27 00:20:38.116259
ESP32_46978A,InferenceLayer.SENSOR,4600,2024-08-27 00:20:39.100558
ESP32_97C286,InferenceLayer.SENSOR,3864,2024-08-27 00:20:40.162910
ESP32_B25FE3,InferenceLayer.SENSOR,3050,2024-08-27 00:20:41.182699
ESP32_1F4D55,InferenceLayer.SENSOR,2502,2024-08-27 00:20:42.161658
ESP32_ADD36D,InferenceLayer.SENSOR,4866,2024-08-27 00:20:43.162986
ESP32_F0ACBF,InferenceLayer.SENSOR,3070,2024-08-27 00:20:44.172514
ESP32_AB192B,InferenceLayer.SENSOR,1649,2024-08-27 00:20:45.202938
ESP32_A1BC36,InferenceLayer.SENSOR,3781,2024-08-27 00:20:46.239329
ESP32_C31F5E,InferenceLayer.SENSOR,1207,2024-08-27 00:20:47.226343
ESP32_E2F3EA,InferenceLayer.SENSOR,3527,2024-08-27 00:20:48.253261
ESP32_2E88CE,InferenceLayer.SENSOR,1071,2024-08-27 00:20:49.229104
ESP32_615B9D,InferenceLayer.SENSOR,4195,2024-08-27 00:20:50.227886
ESP32_37E138,InferenceLayer.SENSOR,919,2024-08-27 00:20:51.332631
ESP32_6EF35F,InferenceLayer.SENSOR,2578,2024-08-27 00:20:52.300662
ESP32_E9F15A,InferenceLayer.SENSOR,1369,2024-08-27 00:20:53.287376
ESP32_97CAE1,InferenceLayer.SENSOR,3052,2024-08-27 00:20:54.274128
ESP32_A1BC36,InferenceLayer.SENSOR,3918,2024-08-26 23:52:05.602476
ESP32_C31F5E,InferenceLayer.SENSOR,5410,2024-08-26 23:52:06.564699
ESP32_E2F3EA,InferenceLayer.SENSOR,3916,2024-08-26 23:52:07.580413
ESP32_2E88CE,InferenceLayer.SENSOR,3891,2024-08-26 23:52:08.559823
ESP32_615B9D,InferenceLayer.SENSOR,3912,2024-08-26 23:52:09.618878
ESP32_37E138,InferenceLayer.SENSOR,3255,2024-08-26 23:52:10.657027
ESP32_6EF35F,InferenceLayer.SENSOR,3924,2024-08-26 23:52:11.653452
ESP32_E9F15A,InferenceLayer.SENSOR,3824,2024-08-26 23:52:12.641678
ESP32_97CAE1,InferenceLayer.SENSOR,1673,2024-08-26 23:52:13.658223
ESP32_A73166,InferenceLayer.SENSOR,4107,2024-08-26 23:52:14.625808
ESP32_AABBCC,InferenceLayer.SENSOR,3852,2024-08-26 23:52:16.960261
ESP32_09B38F,InferenceLayer.SENSOR,2078,2024-08-26 23:52:17.879832
ESP32_232714,InferenceLayer.SENSOR,2039,2024-08-26 23:52:18.879168
ESP32_B57936,InferenceLayer.SENSOR,2548,2024-08-26 23:52:19.884078
ESP32_8F7400,InferenceLayer.SENSOR,3232,2024-08-26 23:52:20.900012
ESP32_3330A5,InferenceLayer.SENSOR,2078,2024-08-26 23:52:22.000331
ESP32_ED5A4D,InferenceLayer.SENSOR,4104,2024-08-26 23:52:22.932157
ESP32_46B1A6,InferenceLayer.SENSOR,1415,2024-08-26 23:52:23.959748
ESP32_46978A,InferenceLayer.SENSOR,3993,2024-08-26 23:52:24.927256
ESP32_97C286,InferenceLayer.SENSOR,1115,2024-08-26 23:52:25.969185
ESP32_B25FE3,InferenceLayer.SENSOR,3152,2024-08-26 23:52:27.002470
ESP32_1F4D55,InferenceLayer.SENSOR,927,2024-08-26 23:52:27.959732
ESP32_ADD36D,InferenceLayer.SENSOR,3763,2024-08-26 23:52:28.966415
ESP32_F0ACBF,InferenceLayer.SENSOR,1311,2024-08-26 23:52:29.999185
ESP32_AB192B,InferenceLayer.SENSOR,3249,2024-08-26 23:52:31.003839
ESP32_A1BC36,InferenceLayer.SENSOR,3768,2024-08-26 23:52:32.077178
ESP32_C31F5E,InferenceLayer.SENSOR,4189,2024-08-26 23:52:33.020872
ESP32_E2F3EA,InferenceLayer.SENSOR,4103,2024-08-26 23:52:34.015984
ESP32_2E88CE,InferenceLayer.SENSOR,3955,2024-08-26 23:52:35.044012
ESP32_615B9D,InferenceLayer.SENSOR,4016,2024-08-26 23:52:36.054763
ESP32_37E138,InferenceLayer.SENSOR,3901,2024-08-26 23:52:37.091554
ESP32_6EF35F,InferenceLayer.SENSOR,3860,2024-08-26 23:52:38.090209
ESP32_E9F15A,InferenceLayer.SENSOR,3295,2024-08-26 23:52:39.069234
ESP32_97CAE1,InferenceLayer.SENSOR,4410,2024-08-26 23:52:40.059160
ESP32_A73166,InferenceLayer.SENSOR,3082,2024-08-26 23:52:41.107959
ESP32_AABBCC,InferenceLayer.SENSOR,1179,2024-08-26 23:52:43.407969
ESP32_09B38F,InferenceLayer.SENSOR,3662,2024-08-26 23:52:44.356219
ESP32_232714,InferenceLayer.SENSOR,4078,2024-08-26 23:52:45.334717
ESP32_B57936,InferenceLayer.SENSOR,3629,2024-08-26 23:52:46.352876
ESP32_8F7400,InferenceLayer.SENSOR,3925,2024-08-26 23:52:47.422245
ESP32_3330A5,InferenceLayer.SENSOR,1792,2024-08-26 23:52:48.424183
ESP32_ED5A4D,InferenceLayer.SENSOR,3947,2024-08-26 23:52:49.376539
ESP32_46B1A6,InferenceLayer.SENSOR,3938,2024-08-26 23:52:50.384386
ESP32_46978A,InferenceLayer.SENSOR,4029,2024-08-26 23:52:51.427912
ESP32_97C286,InferenceLayer.SENSOR,3903,2024-08-26 23:52:52.409917
ESP32_B25FE3,InferenceLayer.SENSOR,3236,2024-08-26 23:52:53.506998
ESP32_1F4D55,InferenceLayer.SENSOR,3945,2024-08-26 23:52:54.428951
ESP32_ADD36D,InferenceLayer.SENSOR,4154,2024-08-26 23:52:55.487469
ESP32_F0ACBF,InferenceLayer.SENSOR,3873,2024-08-26 23:52:56.444225
ESP32_AB192B,InferenceLayer.SENSOR,4228,2024-08-26 23:52:57.457533
ESP32_A1BC36,InferenceLayer.SENSOR,4101,2024-08-26 23:52:58.540501
ESP32_C31F5E,InferenceLayer.SENSOR,3963,2024-08-26 23:52:59.481443
ESP32_E2F3EA,InferenceLayer.SENSOR,4126,2024-08-26 23:53:00.510629
ESP32_2E88CE,InferenceLayer.SENSOR,3498,2024-08-26 23:53:01.499708
ESP32_615B9D,InferenceLayer.SENSOR,4043,2024-08-26 23:53:02.514754
ESP32_37E138,InferenceLayer.SENSOR,4927,2024-08-26 23:53:03.601082
ESP32_6EF35F,InferenceLayer.SENSOR,4034,2024-08-26 23:53:04.560160
ESP32_E9F15A,InferenceLayer.SENSOR,3890,2024-08-26 23:53:05.533957
ESP32_97CAE1,InferenceLayer.SENSOR,4162,2024-08-26 23:53:06.556213
ESP32_A73166,InferenceLayer.SENSOR,3808,2024-08-26 23:53:07.588617
ESP32_AABBCC,InferenceLayer.SENSOR,2537,2024-08-26 23:53:09.852393
ESP32_09B38F,InferenceLayer.SENSOR,2359,2024-08-26 23:53:10.805507
ESP32_232714,InferenceLayer.SENSOR,3207,2024-08-26 23:53:11.817532
ESP32_B57936,InferenceLayer.SENSOR,1090,2024-08-26 23:53:12.892910
ESP32_8F7400,InferenceLayer.SENSOR,2537,2024-08-26 23:53:13.826891
ESP32_3330A5,InferenceLayer.SENSOR,3076,2024-08-26 23:53:14.912775
ESP32_ED5A4D,InferenceLayer.SENSOR,4091,2024-08-26 23:53:15.849492
ESP32_46B1A6,InferenceLayer.SENSOR,3795,2024-08-26 23:53:16.857031
ESP32_46978A,InferenceLayer.SENSOR,1285,2024-08-26 23:53:17.862206
ESP32_97C286,InferenceLayer.SENSOR,3579,2024-08-26 23:53:18.908148
ESP32_B25FE3,InferenceLayer.SENSOR,3173,2024-08-26 23:53:19.943376
ESP32_1F4D55,InferenceLayer.SENSOR,3345,2024-08-26 23:53:20.913458
ESP32_ADD36D,InferenceLayer.SENSOR,3098,2024-08-26 23:53:21.911885
ESP32_F0ACBF,InferenceLayer.SENSOR,1983,2024-08-26 23:53:22.941839
ESP32_AB192B,InferenceLayer.SENSOR,4078,2024-08-26 23:53:23.927469
ESP32_A1BC36,InferenceLayer.SENSOR,3748,2024-08-26 23:53:25.016561
ESP32_C31F5E,InferenceLayer.SENSOR,4146,2024-08-26 23:53:25.940081
ESP32_E2F3EA,InferenceLayer.SENSOR,4017,2024-08-26 23:53:26.986846
ESP32_2E88CE,InferenceLayer.SENSOR,1766,2024-08-26 23:53:27.971604
ESP32_615B9D,InferenceLayer.SENSOR,3980,2024-08-26 23:53:28.972118
ESP32_37E138,InferenceLayer.SENSOR,1516,2024-08-26 23:53:30.030072
ESP32_6EF35F,InferenceLayer.SENSOR,4016,2024-08-26 23:53:31.013445
ESP32_E9F15A,InferenceLayer.SENSOR,1116,2024-08-26 23:53:32.007468
ESP32_97CAE1,InferenceLayer.SENSOR,3183,2024-08-26 23:53:33.025937
ESP32_A73166,InferenceLayer.SENSOR,922,2024-08-26 23:53:34.010627
ESP32_AABBCC,InferenceLayer.SENSOR,3979,2024-08-26 23:53:36.335920
ESP32_09B38F,InferenceLayer.SENSOR,1562,2024-08-26 23:53:37.255390
ESP32_232714,InferenceLayer.SENSOR,979,2024-08-26 23:53:38.279452
ESP32_B57936,InferenceLayer.SENSOR,4166,2024-08-26 23:53:39.310974
ESP32_8F7400,InferenceLayer.SENSOR,1165,2024-08-26 23:53:40.287597
ESP32_3330A5,InferenceLayer.SENSOR,3952,2024-08-26 23:53:41.385986
ESP32_ED5A4D,InferenceLayer.SENSOR,981,2024-08-26 23:53:42.342054
ESP32_46B1A6,InferenceLayer.SENSOR,907,2024-08-26 23:53:43.339341
ESP32_46978A,InferenceLayer.SENSOR,761,2024-08-26 23:53:44.321157
ESP32_97C286,InferenceLayer.SENSOR,4166,2024-08-26 23:53:45.321106
ESP32_B25FE3,InferenceLayer.SENSOR,3433,2024-08-26 23:53:46.397115
ESP32_1F4D55,InferenceLayer.SENSOR,3960,2024-08-26 23:53:47.414531
ESP32_ADD36D,InferenceLayer.SENSOR,1278,2024-08-26 23:53:48.395166
ESP32_F0ACBF,InferenceLayer.SENSOR,1707,2024-08-26 23:53:49.362127
ESP32_AB192B,InferenceLayer.SENSOR,4013,2024-08-26 23:53:50.383426
ESP32_A1BC36,InferenceLayer.SENSOR,3915,2024-08-26 23:53:51.442171
ESP32_C31F5E,InferenceLayer.SENSOR,3266,2024-08-26 23:53:52.419772
ESP32_E2F3EA,InferenceLayer.SENSOR,1870,2024-08-26 23:53:53.410017
ESP32_2E88CE,InferenceLayer.SENSOR,4039,2024-08-26 23:53:54.408149
ESP32_615B9D,InferenceLayer.SENSOR,3884,2024-08-26 23:53:55.461261
ESP32_37E138,InferenceLayer.SENSOR,4128,2024-08-26 23:53:56.467030
ESP32_6EF35F,InferenceLayer.SENSOR,3494,2024-08-26 23:53:57.446369
ESP32_E9F15A,InferenceLayer.SENSOR,3987,2024-08-26 23:53:58.452756
ESP32_97CAE1,InferenceLayer.SENSOR,3915,2024-08-26 23:53:59.479996
ESP32_A73166,InferenceLayer.SENSOR,3908,2024-08-26 23:54:00.476147
ESP32_AABBCC,InferenceLayer.SENSOR,3190,2024-08-26 23:54:02.789165
ESP32_09B38F,InferenceLayer.SENSOR,3147,2024-08-26 23:54:03.757714
ESP32_232714,InferenceLayer.SENSOR,1980,2024-08-26 23:54:04.794464
ESP32_A73166,InferenceLayer.SENSOR,4363,2024-08-27 00:20:55.304906
ESP32_AABBCC,InferenceLayer.SENSOR,1306,2024-08-27 00:20:57.623118
ESP32_09B38F,InferenceLayer.SENSOR,3905,2024-08-27 00:20:58.543205
ESP32_232714,InferenceLayer.SENSOR,1062,2024-08-27 00:20:59.578531
ESP32_B57936,InferenceLayer.SENSOR,3803,2024-08-27 00:21:00.570508
ESP32_8F7400,InferenceLayer.SENSOR,894,2024-08-27 00:21:01.617612
ESP32_3330A5,InferenceLayer.SENSOR,4223,2024-08-27 00:21:02.652437
ESP32_ED5A4D,InferenceLayer.SENSOR,1256,2024-08-27 00:21:03.629201
ESP32_46B1A6,InferenceLayer.SENSOR,2116,2024-08-27 00:21:04.651040
ESP32_46978A,InferenceLayer.SENSOR,1969,2024-08-27 00:21:05.669283
ESP32_97C286,InferenceLayer.SENSOR,2056,2024-08-27 00:21:06.651283
ESP32_B25FE3,InferenceLayer.SENSOR,6059,2024-08-27 00:21:07.716254
ESP32_1F4D55,InferenceLayer.SENSOR,3227,2024-08-27 00:21:08.683991
ESP32_ADD36D,InferenceLayer.SENSOR,1709,2024-08-27 00:21:09.683283
ESP32_F0ACBF,InferenceLayer.SENSOR,4043,2024-08-27 00:21:10.735669
ESP32_AB192B,InferenceLayer.SENSOR,3921,2024-08-27 00:21:11.731798
ESP32_A1BC36,InferenceLayer.SENSOR,2607,2024-08-27 00:21:12.791858
ESP32_C31F5E,InferenceLayer.SENSOR,5117,2024-08-27 00:21:13.805479
ESP32_E2F3EA,InferenceLayer.SENSOR,3980,2024-08-27 00:21:14.760076
ESP32_2E88CE,InferenceLayer.SENSOR,3890,2024-08-27 00:21:15.804611
ESP32_615B9D,InferenceLayer.SENSOR,1828,2024-08-27 00:21:16.804081
ESP32_37E138,InferenceLayer.SENSOR,3958,2024-08-27 00:21:17.883808
ESP32_6EF35F,InferenceLayer.SENSOR,4016,2024-08-27 00:21:18.811143
ESP32_E9F15A,InferenceLayer.SENSOR,3975,2024-08-27 00:21:19.836461
ESP32_97CAE1,InferenceLayer.SENSOR,4004,2024-08-27 00:21:20.863467
ESP32_A73166,InferenceLayer.SENSOR,988,2024-08-27 00:21:21.893060
ESP32_AABBCC,InferenceLayer.SENSOR,3937,2024-08-27 00:21:24.177222
ESP32_09B38F,InferenceLayer.SENSOR,3863,2024-08-27 00:21:25.150010
ESP32_232714,InferenceLayer.SENSOR,3862,2024-08-27 00:21:26.136371
ESP32_B57936,InferenceLayer.SENSOR,4159,2024-08-27 00:21:27.180515
ESP32_8F7400,InferenceLayer.SENSOR,3931,2024-08-27 00:21:28.162896
ESP32_3330A5,InferenceLayer.SENSOR,3903,2024-08-27 00:21:29.225059
ESP32_ED5A4D,InferenceLayer.SENSOR,3916,2024-08-27 00:21:30.201023
ESP32_46B1A6,InferenceLayer.SENSOR,3947,2024-08-27 00:21:31.238855
ESP32_46978A,InferenceLayer.SENSOR,3880,2024-08-27 00:21:32.247355
ESP32_97C286,InferenceLayer.SENSOR,3887,2024-08-27 00:21:33.269711
ESP32_B25FE3,InferenceLayer.SENSOR,2947,2024-08-27 00:21:34.292767
ESP32_1F4D55,InferenceLayer.SENSOR,3897,2024-08-27 00:21:35.260774
ESP32_ADD36D,InferenceLayer.SENSOR,3258,2024-08-27 00:21:36.269811
ESP32_F0ACBF,InferenceLayer.SENSOR,3879,2024-08-27 00:21:37.316672
ESP32_AB192B,InferenceLayer.SENSOR,3899,2024-08-27 00:21:38.306954
ESP32_A1BC36,InferenceLayer.SENSOR,3970,2024-08-27 00:21:39.425158
ESP32_C31F5E,InferenceLayer.SENSOR,3945,2024-08-27 00:21:40.374000
ESP32_E2F3EA,InferenceLayer.SENSOR,3870,2024-08-27 00:21:41.383994
ESP32_2E88CE,InferenceLayer.SENSOR,3899,2024-08-27 00:21:42.375238
ESP32_615B9D,InferenceLayer.SENSOR,3875,2024-08-27 00:21:43.388243
ESP32_37E138,InferenceLayer.SENSOR,3961,2024-08-27 00:21:44.461013
ESP32_6EF35F,InferenceLayer.SENSOR,3478,2024-08-27 00:21:45.421999
ESP32_E9F15A,InferenceLayer.SENSOR,3992,2024-08-27 00:21:46.435156
ESP32_B57936,InferenceLayer.SENSOR,3925,2024-08-26 23:54:05.762890
ESP32_8F7400,InferenceLayer.SENSOR,3959,2024-08-26 23:54:06.749473
ESP32_3330A5,InferenceLayer.SENSOR,1575,2024-08-26 23:54:07.811024
ESP32_ED5A4D,InferenceLayer.SENSOR,3200,2024-08-26 23:54:08.762136
ESP32_46B1A6,InferenceLayer.SENSOR,4035,2024-08-26 23:54:09.773290
ESP32_46978A,InferenceLayer.SENSOR,3228,2024-08-26 23:54:10.817385
ESP32_97C286,InferenceLayer.SENSOR,2350,2024-08-26 23:54:11.810188
ESP32_B25FE3,InferenceLayer.SENSOR,747,2024-08-26 23:54:12.884102
ESP32_1F4D55,InferenceLayer.SENSOR,4130,2024-08-26 23:54:13.800379
ESP32_ADD36D,InferenceLayer.SENSOR,3730,2024-08-26 23:54:14.804536
ESP32_F0ACBF,InferenceLayer.SENSOR,4016,2024-08-26 23:54:15.823112
ESP32_AB192B,InferenceLayer.SENSOR,3979,2024-08-26 23:54:16.860560
ESP32_A1BC36,InferenceLayer.SENSOR,1001,2024-08-26 23:54:17.903551
ESP32_C31F5E,InferenceLayer.SENSOR,4189,2024-08-26 23:54:18.857607
ESP32_E2F3EA,InferenceLayer.SENSOR,3953,2024-08-26 23:54:19.865050
ESP32_2E88CE,InferenceLayer.SENSOR,4274,2024-08-26 23:54:20.895447
ESP32_615B9D,InferenceLayer.SENSOR,2871,2024-08-26 23:54:21.875689
ESP32_37E138,InferenceLayer.SENSOR,1177,2024-08-26 23:54:22.918055
ESP32_6EF35F,InferenceLayer.SENSOR,3947,2024-08-26 23:54:23.909708
ESP32_E9F15A,InferenceLayer.SENSOR,4298,2024-08-26 23:54:24.892618
ESP32_97CAE1,InferenceLayer.SENSOR,3103,2024-08-26 23:54:25.937684
ESP32_A73166,InferenceLayer.SENSOR,4279,2024-08-26 23:54:26.945042
ESP32_AABBCC,InferenceLayer.SENSOR,4039,2024-08-26 23:54:29.226972
ESP32_09B38F,InferenceLayer.SENSOR,4239,2024-08-26 23:54:30.188124
ESP32_232714,InferenceLayer.SENSOR,3905,2024-08-26 23:54:31.182693
ESP32_B57936,InferenceLayer.SENSOR,4391,2024-08-26 23:54:32.223297
ESP32_8F7400,InferenceLayer.SENSOR,3999,2024-08-26 23:54:33.211276
ESP32_3330A5,InferenceLayer.SENSOR,3936,2024-08-26 23:54:34.260049
ESP32_ED5A4D,InferenceLayer.SENSOR,4059,2024-08-26 23:54:35.251009
ESP32_46B1A6,InferenceLayer.SENSOR,4044,2024-08-26 23:54:36.237705
ESP32_46978A,InferenceLayer.SENSOR,3932,2024-08-26 23:54:37.262418
ESP32_97C286,InferenceLayer.SENSOR,1744,2024-08-26 23:54:38.257303
ESP32_B25FE3,InferenceLayer.SENSOR,3212,2024-08-26 23:54:39.361547
ESP32_1F4D55,InferenceLayer.SENSOR,1972,2024-08-26 23:54:40.268891
ESP32_ADD36D,InferenceLayer.SENSOR,4238,2024-08-26 23:54:41.294763
ESP32_F0ACBF,InferenceLayer.SENSOR,1201,2024-08-26 23:54:42.290918
ESP32_AB192B,InferenceLayer.SENSOR,845,2024-08-26 23:54:43.284222
ESP32_A1BC36,InferenceLayer.SENSOR,1071,2024-08-26 23:54:44.386180
ESP32_C31F5E,InferenceLayer.SENSOR,4018,2024-08-26 23:54:45.323755
ESP32_E2F3EA,InferenceLayer.SENSOR,869,2024-08-26 23:54:46.334849
ESP32_2E88CE,InferenceLayer.SENSOR,3901,2024-08-26 23:54:47.387542
ESP32_615B9D,InferenceLayer.SENSOR,685,2024-08-26 23:54:48.351334
ESP32_37E138,InferenceLayer.SENSOR,3993,2024-08-26 23:54:49.435246
ESP32_6EF35F,InferenceLayer.SENSOR,1686,2024-08-26 23:54:50.414387
ESP32_E9F15A,InferenceLayer.SENSOR,3980,2024-08-26 23:54:51.399216
ESP32_97CAE1,InferenceLayer.SENSOR,1751,2024-08-26 23:54:52.414923
ESP32_A73166,InferenceLayer.SENSOR,1229,2024-08-26 23:54:53.440997
ESP32_AABBCC,InferenceLayer.SENSOR,2739,2024-08-26 23:54:55.727180
ESP32_09B38F,InferenceLayer.SENSOR,1024,2024-08-26 23:54:56.701895
ESP32_232714,InferenceLayer.SENSOR,2747,2024-08-26 23:54:57.681425
ESP32_B57936,InferenceLayer.SENSOR,956,2024-08-26 23:54:58.714165
ESP32_8F7400,InferenceLayer.SENSOR,3786,2024-08-26 23:54:59.705904
ESP32_3330A5,InferenceLayer.SENSOR,826,2024-08-26 23:55:00.759079
ESP32_ED5A4D,InferenceLayer.SENSOR,2471,2024-08-26 23:55:01.733871
ESP32_46B1A6,InferenceLayer.SENSOR,2437,2024-08-26 23:55:02.741591
ESP32_46978A,InferenceLayer.SENSOR,4131,2024-08-26 23:55:03.778011
ESP32_97C286,InferenceLayer.SENSOR,4354,2024-08-26 23:55:04.833464
ESP32_B25FE3,InferenceLayer.SENSOR,3928,2024-08-26 23:55:05.836707
ESP32_1F4D55,InferenceLayer.SENSOR,3997,2024-08-26 23:55:06.801464
ESP32_ADD36D,InferenceLayer.SENSOR,1434,2024-08-26 23:55:07.837114
ESP32_F0ACBF,InferenceLayer.SENSOR,4017,2024-08-26 23:55:08.826432
ESP32_AB192B,InferenceLayer.SENSOR,3999,2024-08-26 23:55:09.861380
ESP32_A1BC36,InferenceLayer.SENSOR,4006,2024-08-26 23:55:10.935010
ESP32_C31F5E,InferenceLayer.SENSOR,3955,2024-08-26 23:55:11.866595
ESP32_E2F3EA,InferenceLayer.SENSOR,946,2024-08-26 23:55:12.921968
ESP32_2E88CE,InferenceLayer.SENSOR,3053,2024-08-26 23:55:13.901862
ESP32_615B9D,InferenceLayer.SENSOR,3870,2024-08-26 23:55:14.899304
ESP32_37E138,InferenceLayer.SENSOR,4099,2024-08-26 23:55:15.969845
ESP32_6EF35F,InferenceLayer.SENSOR,2554,2024-08-26 23:55:16.952279
ESP32_E9F15A,InferenceLayer.SENSOR,1210,2024-08-26 23:55:17.933857
ESP32_97CAE1,InferenceLayer.SENSOR,2520,2024-08-26 23:55:18.960363
ESP32_A73166,InferenceLayer.SENSOR,2734,2024-08-26 23:55:19.986696
ESP32_AABBCC,InferenceLayer.SENSOR,3895,2024-08-26 23:55:22.304674
ESP32_09B38F,InferenceLayer.SENSOR,4078,2024-08-26 23:55:23.227529
ESP32_232714,InferenceLayer.SENSOR,1690,2024-08-26 23:55:24.257858
ESP32_B57936,InferenceLayer.SENSOR,3916,2024-08-26 23:55:25.238714
ESP32_8F7400,InferenceLayer.SENSOR,4241,2024-08-26 23:55:26.269199
ESP32_3330A5,InferenceLayer.SENSOR,4253,2024-08-26 23:55:27.334007
ESP32_ED5A4D,InferenceLayer.SENSOR,1505,2024-08-26 23:55:28.294874
ESP32_46B1A6,InferenceLayer.SENSOR,3914,2024-08-26 23:55:29.322648
ESP32_46978A,InferenceLayer.SENSOR,3848,2024-08-26 23:55:30.374526
ESP32_97C286,InferenceLayer.SENSOR,4136,2024-08-26 23:55:31.334969
ESP32_B25FE3,InferenceLayer.SENSOR,2578,2024-08-26 23:55:32.388982
ESP32_1F4D55,InferenceLayer.SENSOR,1174,2024-08-26 23:55:33.372587
ESP32_ADD36D,InferenceLayer.SENSOR,3977,2024-08-26 23:55:34.373596
ESP32_F0ACBF,InferenceLayer.SENSOR,1395,2024-08-26 23:55:35.366644
ESP32_AB192B,InferenceLayer.SENSOR,4004,2024-08-26 23:55:36.387134
ESP32_A1BC36,InferenceLayer.SENSOR,3949,2024-08-26 23:55:37.450808
ESP32_C31F5E,InferenceLayer.SENSOR,1043,2024-08-26 23:55:38.427897
ESP32_E2F3EA,InferenceLayer.SENSOR,4338,2024-08-26 23:55:39.436365
ESP32_2E88CE,InferenceLayer.SENSOR,3867,2024-08-26 23:55:40.444741
ESP32_615B9D,InferenceLayer.SENSOR,3923,2024-08-26 23:55:41.492962
ESP32_37E138,InferenceLayer.SENSOR,4162,2024-08-26 23:55:42.518836
ESP32_6EF35F,InferenceLayer.SENSOR,1485,2024-08-26 23:55:43.481984
ESP32_E9F15A,InferenceLayer.SENSOR,1978,2024-08-26 23:55:44.508760
ESP32_97CAE1,InferenceLayer.SENSOR,3346,2024-08-26 23:55:45.510544
ESP32_A73166,InferenceLayer.SENSOR,2081,2024-08-26 23:55:46.533889
ESP32_AABBCC,InferenceLayer.SENSOR,2413,2024-08-26 23:55:48.840619
ESP32_09B38F,InferenceLayer.SENSOR,4584,2024-08-26 23:55:49.788193
ESP32_232714,InferenceLayer.SENSOR,4109,2024-08-26 23:55:50.813163
ESP32_B57936,InferenceLayer.SENSOR,3901,2024-08-26 23:55:51.931862
ESP32_8F7400,InferenceLayer.SENSOR,3954,2024-08-26 23:55:52.840508
ESP32_3330A5,InferenceLayer.SENSOR,3741,2024-08-26 23:55:53.916541
ESP32_ED5A4D,InferenceLayer.SENSOR,3970,2024-08-26 23:55:54.869242
ESP32_46B1A6,InferenceLayer.SENSOR,3933,2024-08-26 23:55:55.940294
ESP32_46978A,InferenceLayer.SENSOR,3849,2024-08-26 23:55:56.893622
ESP32_97C286,InferenceLayer.SENSOR,769,2024-08-26 23:55:57.932784
ESP32_B25FE3,InferenceLayer.SENSOR,4039,2024-08-26 23:55:58.969185
ESP32_1F4D55,InferenceLayer.SENSOR,3417,2024-08-26 23:55:59.926208
ESP32_ADD36D,InferenceLayer.SENSOR,3915,2024-08-26 23:56:00.972480
ESP32_F0ACBF,InferenceLayer.SENSOR,3921,2024-08-26 23:56:01.974736
ESP32_AB192B,InferenceLayer.SENSOR,1012,2024-08-26 23:56:02.961843
ESP32_A1BC36,InferenceLayer.SENSOR,3891,2024-08-26 23:56:04.035071
ESP32_97CAE1,InferenceLayer.SENSOR,4184,2024-08-27 00:21:47.463760
ESP32_A73166,InferenceLayer.SENSOR,3884,2024-08-27 00:21:48.519480
ESP32_AABBCC,InferenceLayer.SENSOR,4141,2024-08-27 00:21:50.757502
ESP32_09B38F,InferenceLayer.SENSOR,4106,2024-08-27 00:21:51.805883
ESP32_232714,InferenceLayer.SENSOR,3915,2024-08-27 00:21:52.720469
ESP32_B57936,InferenceLayer.SENSOR,3890,2024-08-27 00:21:53.781272
ESP32_8F7400,InferenceLayer.SENSOR,4005,2024-08-27 00:21:54.749551
ESP32_3330A5,InferenceLayer.SENSOR,4010,2024-08-27 00:21:55.854754
ESP32_ED5A4D,InferenceLayer.SENSOR,3676,2024-08-27 00:21:56.794664
ESP32_46B1A6,InferenceLayer.SENSOR,3845,2024-08-27 00:21:57.829684
ESP32_46978A,InferenceLayer.SENSOR,3937,2024-08-27 00:21:58.807891
ESP32_97C286,InferenceLayer.SENSOR,4339,2024-08-27 00:21:59.915220
ESP32_B25FE3,InferenceLayer.SENSOR,4483,2024-08-27 00:22:00.983232
ESP32_1F4D55,InferenceLayer.SENSOR,1641,2024-08-27 00:22:01.971497
ESP32_ADD36D,InferenceLayer.SENSOR,3600,2024-08-27 00:22:02.930785
ESP32_F0ACBF,InferenceLayer.SENSOR,4821,2024-08-27 00:22:03.918536
ESP32_AB192B,InferenceLayer.SENSOR,4599,2024-08-27 00:22:05.003211
ESP32_A1BC36,InferenceLayer.SENSOR,4379,2024-08-27 00:22:06.043511
ESP32_C31F5E,InferenceLayer.SENSOR,801,2024-08-27 00:22:06.991275
ESP32_E2F3EA,InferenceLayer.SENSOR,3117,2024-08-27 00:22:08.015301
ESP32_2E88CE,InferenceLayer.SENSOR,4733,2024-08-27 00:22:09.013060
ESP32_615B9D,InferenceLayer.SENSOR,1734,2024-08-27 00:22:10.009585
ESP32_37E138,InferenceLayer.SENSOR,4139,2024-08-27 00:22:11.134650
ESP32_6EF35F,InferenceLayer.SENSOR,1223,2024-08-27 00:22:12.048408
ESP32_E9F15A,InferenceLayer.SENSOR,4327,2024-08-27 00:22:13.073002
ESP32_97CAE1,InferenceLayer.SENSOR,999,2024-08-27 00:22:14.159251
ESP32_A73166,InferenceLayer.SENSOR,4596,2024-08-27 00:22:15.098543
ESP32_AABBCC,InferenceLayer.SENSOR,1816,2024-08-27 00:22:17.324073
ESP32_09B38F,InferenceLayer.SENSOR,2891,2024-08-27 00:22:18.301016
ESP32_232714,InferenceLayer.SENSOR,3210,2024-08-27 00:22:19.286006
ESP32_B57936,InferenceLayer.SENSOR,981,2024-08-27 00:22:20.324395
ESP32_8F7400,InferenceLayer.SENSOR,3073,2024-08-27 00:22:21.314179
ESP32_3330A5,InferenceLayer.SENSOR,708,2024-08-27 00:22:22.380700
ESP32_ED5A4D,InferenceLayer.SENSOR,3058,2024-08-27 00:22:23.352625
ESP32_46B1A6,InferenceLayer.SENSOR,673,2024-08-27 00:22:24.342137
ESP32_46978A,InferenceLayer.SENSOR,1653,2024-08-27 00:22:25.352313
ESP32_97C286,InferenceLayer.SENSOR,664,2024-08-27 00:22:26.362595
ESP32_B25FE3,InferenceLayer.SENSOR,1613,2024-08-27 00:22:27.412200
ESP32_1F4D55,InferenceLayer.SENSOR,664,2024-08-27 00:22:28.350708
ESP32_ADD36D,InferenceLayer.SENSOR,4205,2024-08-27 00:22:29.379086
ESP32_F0ACBF,InferenceLayer.SENSOR,1358,2024-08-27 00:22:30.372121
ESP32_AB192B,InferenceLayer.SENSOR,3198,2024-08-27 00:22:31.393618
ESP32_A1BC36,InferenceLayer.SENSOR,2601,2024-08-27 00:22:32.507133
ESP32_C31F5E,InferenceLayer.SENSOR,2362,2024-08-27 00:22:33.430591
ESP32_E2F3EA,InferenceLayer.SENSOR,2524,2024-08-27 00:22:34.413026
ESP32_2E88CE,InferenceLayer.SENSOR,3170,2024-08-27 00:22:35.459693
ESP32_615B9D,InferenceLayer.SENSOR,2914,2024-08-27 00:22:36.444595
ESP32_37E138,InferenceLayer.SENSOR,3877,2024-08-27 00:22:37.518743
ESP32_6EF35F,InferenceLayer.SENSOR,3902,2024-08-27 00:22:38.469904
ESP32_C31F5E,InferenceLayer.SENSOR,1673,2024-08-26 23:56:05.051012
ESP32_E2F3EA,InferenceLayer.SENSOR,3947,2024-08-26 23:56:06.007818
ESP32_2E88CE,InferenceLayer.SENSOR,1184,2024-08-26 23:56:07.020821
ESP32_615B9D,InferenceLayer.SENSOR,1415,2024-08-26 23:56:08.062525
ESP32_37E138,InferenceLayer.SENSOR,854,2024-08-26 23:56:09.083455
ESP32_6EF35F,InferenceLayer.SENSOR,3992,2024-08-26 23:56:10.076967
ESP32_E9F15A,InferenceLayer.SENSOR,890,2024-08-26 23:56:11.068677
ESP32_97CAE1,InferenceLayer.SENSOR,3428,2024-08-26 23:56:12.079631
ESP32_A73166,InferenceLayer.SENSOR,1294,2024-08-26 23:56:13.132129
ESP32_AABBCC,InferenceLayer.SENSOR,1636,2024-08-26 23:56:15.386250
ESP32_09B38F,InferenceLayer.SENSOR,4238,2024-08-26 23:56:16.372236
ESP32_232714,InferenceLayer.SENSOR,1278,2024-08-26 23:56:17.357558
ESP32_B57936,InferenceLayer.SENSOR,1476,2024-08-26 23:56:18.387826
ESP32_8F7400,InferenceLayer.SENSOR,969,2024-08-26 23:56:19.371694
ESP32_3330A5,InferenceLayer.SENSOR,4220,2024-08-26 23:56:20.448644
ESP32_ED5A4D,InferenceLayer.SENSOR,848,2024-08-26 23:56:21.434861
ESP32_46B1A6,InferenceLayer.SENSOR,4199,2024-08-26 23:56:22.446129
ESP32_46978A,InferenceLayer.SENSOR,794,2024-08-26 23:56:23.449622
ESP32_97C286,InferenceLayer.SENSOR,4125,2024-08-26 23:56:24.450459
ESP32_B25FE3,InferenceLayer.SENSOR,1418,2024-08-26 23:56:25.502320
ESP32_1F4D55,InferenceLayer.SENSOR,3985,2024-08-26 23:56:26.477400
ESP32_ADD36D,InferenceLayer.SENSOR,3871,2024-08-26 23:56:27.515053
ESP32_F0ACBF,InferenceLayer.SENSOR,1263,2024-08-26 23:56:28.523658
ESP32_AB192B,InferenceLayer.SENSOR,3966,2024-08-26 23:56:29.523571
ESP32_A1BC36,InferenceLayer.SENSOR,3679,2024-08-26 23:56:30.613020
ESP32_C31F5E,InferenceLayer.SENSOR,4869,2024-08-26 23:56:31.533975
ESP32_E2F3EA,InferenceLayer.SENSOR,3858,2024-08-26 23:56:32.568066
ESP32_2E88CE,InferenceLayer.SENSOR,2022,2024-08-26 23:56:33.578476
ESP32_615B9D,InferenceLayer.SENSOR,4010,2024-08-26 23:56:34.618695
ESP32_37E138,InferenceLayer.SENSOR,3847,2024-08-26 23:56:35.655050
ESP32_6EF35F,InferenceLayer.SENSOR,1645,2024-08-26 23:56:36.610316
ESP32_E9F15A,InferenceLayer.SENSOR,4122,2024-08-26 23:56:37.645088
ESP32_97CAE1,InferenceLayer.SENSOR,3256,2024-08-26 23:56:38.692846
ESP32_A73166,InferenceLayer.SENSOR,4067,2024-08-26 23:56:39.682871
ESP32_AABBCC,InferenceLayer.SENSOR,4130,2024-08-26 23:56:41.997465
ESP32_09B38F,InferenceLayer.SENSOR,3644,2024-08-26 23:56:42.919295
ESP32_232714,InferenceLayer.SENSOR,4148,2024-08-26 23:56:43.939834
ESP32_B57936,InferenceLayer.SENSOR,3932,2024-08-26 23:56:44.929726
ESP32_8F7400,InferenceLayer.SENSOR,4071,2024-08-26 23:56:46.092282
ESP32_3330A5,InferenceLayer.SENSOR,3552,2024-08-26 23:56:47.048256
ESP32_ED5A4D,InferenceLayer.SENSOR,834,2024-08-26 23:56:47.997735
ESP32_46B1A6,InferenceLayer.SENSOR,3940,2024-08-26 23:56:48.998618
ESP32_46978A,InferenceLayer.SENSOR,1174,2024-08-26 23:56:50.001333
ESP32_97C286,InferenceLayer.SENSOR,4119,2024-08-26 23:56:51.016118
ESP32_B25FE3,InferenceLayer.SENSOR,12577,2024-08-26 23:56:52.114711
ESP32_1F4D55,InferenceLayer.SENSOR,1086,2024-08-26 23:56:53.057085
ESP32_ADD36D,InferenceLayer.SENSOR,3380,2024-08-26 23:56:54.062620
ESP32_F0ACBF,InferenceLayer.SENSOR,1760,2024-08-26 23:56:55.095433
ESP32_AB192B,InferenceLayer.SENSOR,3134,2024-08-26 23:56:56.086631
ESP32_A1BC36,InferenceLayer.SENSOR,3639,2024-08-26 23:56:57.157413
ESP32_C31F5E,InferenceLayer.SENSOR,1641,2024-08-26 23:56:58.151661
ESP32_E2F3EA,InferenceLayer.SENSOR,3135,2024-08-26 23:56:59.139834
ESP32_2E88CE,InferenceLayer.SENSOR,3943,2024-08-26 23:57:00.140816
ESP32_615B9D,InferenceLayer.SENSOR,3914,2024-08-26 23:57:01.173386
ESP32_37E138,InferenceLayer.SENSOR,3862,2024-08-26 23:57:02.246280
ESP32_6EF35F,InferenceLayer.SENSOR,3932,2024-08-26 23:57:03.190431
ESP32_E9F15A,InferenceLayer.SENSOR,3993,2024-08-26 23:57:04.228277
ESP32_97CAE1,InferenceLayer.SENSOR,3031,2024-08-26 23:57:05.241482
ESP32_A73166,InferenceLayer.SENSOR,3888,2024-08-26 23:57:06.262244
ESP32_AABBCC,InferenceLayer.SENSOR,835,2024-08-26 23:57:08.528990
ESP32_09B38F,InferenceLayer.SENSOR,3907,2024-08-26 23:57:09.526185
ESP32_232714,InferenceLayer.SENSOR,3754,2024-08-26 23:57:10.507303
ESP32_B57936,InferenceLayer.SENSOR,2684,2024-08-26 23:57:11.520414
ESP32_8F7400,InferenceLayer.SENSOR,3822,2024-08-26 23:57:12.535795
ESP32_3330A5,InferenceLayer.SENSOR,1217,2024-08-26 23:57:13.596788
ESP32_ED5A4D,InferenceLayer.SENSOR,3975,2024-08-26 23:57:14.607480
ESP32_46B1A6,InferenceLayer.SENSOR,3497,2024-08-26 23:57:15.581957
ESP32_46978A,InferenceLayer.SENSOR,4125,2024-08-26 23:57:16.610846
ESP32_97C286,InferenceLayer.SENSOR,3950,2024-08-26 23:57:17.612126
ESP32_B25FE3,InferenceLayer.SENSOR,2090,2024-08-26 23:57:18.674623
ESP32_1F4D55,InferenceLayer.SENSOR,3408,2024-08-26 23:57:19.659422
ESP32_ADD36D,InferenceLayer.SENSOR,4089,2024-08-26 23:57:20.668371
ESP32_F0ACBF,InferenceLayer.SENSOR,3852,2024-08-26 23:57:21.668780
ESP32_AB192B,InferenceLayer.SENSOR,2918,2024-08-26 23:57:22.735333
ESP32_A1BC36,InferenceLayer.SENSOR,3426,2024-08-26 23:57:23.751652
ESP32_C31F5E,InferenceLayer.SENSOR,3277,2024-08-26 23:57:24.727852
ESP32_E2F3EA,InferenceLayer.SENSOR,4083,2024-08-26 23:57:25.719749
ESP32_2E88CE,InferenceLayer.SENSOR,4096,2024-08-26 23:57:26.736150
ESP32_615B9D,InferenceLayer.SENSOR,3992,2024-08-26 23:57:27.770509
ESP32_37E138,InferenceLayer.SENSOR,4277,2024-08-26 23:57:28.798821
ESP32_6EF35F,InferenceLayer.SENSOR,3917,2024-08-26 23:57:29.809073
ESP32_E9F15A,InferenceLayer.SENSOR,3886,2024-08-26 23:57:30.829247
ESP32_97CAE1,InferenceLayer.SENSOR,1686,2024-08-26 23:57:31.794384
ESP32_A73166,InferenceLayer.SENSOR,3921,2024-08-26 23:57:32.810574
ESP32_AABBCC,InferenceLayer.SENSOR,3870,2024-08-26 23:57:35.162581
ESP32_09B38F,InferenceLayer.SENSOR,3861,2024-08-26 23:57:36.102200
ESP32_232714,InferenceLayer.SENSOR,3954,2024-08-26 23:57:37.092828
ESP32_B57936,InferenceLayer.SENSOR,1135,2024-08-26 23:57:38.127022
ESP32_8F7400,InferenceLayer.SENSOR,3480,2024-08-26 23:57:39.128318
ESP32_3330A5,InferenceLayer.SENSOR,4097,2024-08-26 23:57:40.223310
ESP32_ED5A4D,InferenceLayer.SENSOR,4149,2024-08-26 23:57:41.169776
ESP32_46B1A6,InferenceLayer.SENSOR,2332,2024-08-26 23:57:42.147495
ESP32_46978A,InferenceLayer.SENSOR,1751,2024-08-26 23:57:43.174747
ESP32_97C286,InferenceLayer.SENSOR,1718,2024-08-26 23:57:44.182744
ESP32_B25FE3,InferenceLayer.SENSOR,4027,2024-08-26 23:57:45.243995
ESP32_1F4D55,InferenceLayer.SENSOR,1137,2024-08-26 23:57:46.213039
ESP32_ADD36D,InferenceLayer.SENSOR,3950,2024-08-26 23:57:47.237042
ESP32_F0ACBF,InferenceLayer.SENSOR,1008,2024-08-26 23:57:48.291971
ESP32_AB192B,InferenceLayer.SENSOR,3815,2024-08-26 23:57:49.268746
ESP32_A1BC36,InferenceLayer.SENSOR,1033,2024-08-26 23:57:50.326896
ESP32_C31F5E,InferenceLayer.SENSOR,3965,2024-08-26 23:57:51.304449
ESP32_E2F3EA,InferenceLayer.SENSOR,807,2024-08-26 23:57:52.299409
ESP32_2E88CE,InferenceLayer.SENSOR,3981,2024-08-26 23:57:53.313371
ESP32_615B9D,InferenceLayer.SENSOR,1585,2024-08-26 23:57:54.304405
ESP32_37E138,InferenceLayer.SENSOR,4169,2024-08-26 23:57:55.363400
ESP32_6EF35F,InferenceLayer.SENSOR,3856,2024-08-26 23:57:56.338436
ESP32_E9F15A,InferenceLayer.SENSOR,3896,2024-08-26 23:57:57.338371
ESP32_97CAE1,InferenceLayer.SENSOR,3793,2024-08-26 23:57:58.369458
ESP32_A73166,InferenceLayer.SENSOR,4199,2024-08-26 23:57:59.408346
ESP32_AABBCC,InferenceLayer.SENSOR,5890,2024-08-26 23:58:01.712720
ESP32_09B38F,InferenceLayer.SENSOR,917,2024-08-26 23:58:02.676498
ESP32_232714,InferenceLayer.SENSOR,1479,2024-08-26 23:58:03.659097
ESP32_B57936,InferenceLayer.SENSOR,1297,2024-08-26 23:58:04.659098
ESP32_E9F15A,InferenceLayer.SENSOR,3982,2024-08-27 00:22:39.481387
ESP32_97CAE1,InferenceLayer.SENSOR,4368,2024-08-27 00:22:40.518090
ESP32_A73166,InferenceLayer.SENSOR,3897,2024-08-27 00:22:41.529352
ESP32_AABBCC,InferenceLayer.SENSOR,4983,2024-08-27 00:22:43.824884
ESP32_09B38F,InferenceLayer.SENSOR,5673,2024-08-27 00:22:44.765746
ESP32_232714,InferenceLayer.SENSOR,2862,2024-08-27 00:22:45.806941
ESP32_B57936,InferenceLayer.SENSOR,3860,2024-08-27 00:22:46.818240
ESP32_8F7400,InferenceLayer.SENSOR,3954,2024-08-27 00:22:47.810814
ESP32_3330A5,InferenceLayer.SENSOR,3953,2024-08-27 00:22:48.897321
ESP32_ED5A4D,InferenceLayer.SENSOR,4111,2024-08-27 00:22:49.853318
ESP32_46B1A6,InferenceLayer.SENSOR,3669,2024-08-27 00:22:50.845968
ESP32_46978A,InferenceLayer.SENSOR,3900,2024-08-27 00:22:51.948571
ESP32_97C286,InferenceLayer.SENSOR,4412,2024-08-27 00:22:52.858759
ESP32_B25FE3,InferenceLayer.SENSOR,1737,2024-08-27 00:22:53.938571
ESP32_1F4D55,InferenceLayer.SENSOR,4120,2024-08-27 00:22:54.882862
ESP32_ADD36D,InferenceLayer.SENSOR,3569,2024-08-27 00:22:55.912219
ESP32_F0ACBF,InferenceLayer.SENSOR,4219,2024-08-27 00:22:56.914102
ESP32_AB192B,InferenceLayer.SENSOR,2321,2024-08-27 00:22:57.955447
ESP32_A1BC36,InferenceLayer.SENSOR,3896,2024-08-27 00:22:59.003859
ESP32_C31F5E,InferenceLayer.SENSOR,3365,2024-08-27 00:22:59.976405
ESP32_E2F3EA,InferenceLayer.SENSOR,3920,2024-08-27 00:23:00.977817
ESP32_2E88CE,InferenceLayer.SENSOR,884,2024-08-27 00:23:01.975579
ESP32_615B9D,InferenceLayer.SENSOR,3732,2024-08-27 00:23:02.987499
ESP32_37E138,InferenceLayer.SENSOR,3872,2024-08-27 00:23:04.051572
ESP32_6EF35F,InferenceLayer.SENSOR,3830,2024-08-27 00:23:05.005930
ESP32_E9F15A,InferenceLayer.SENSOR,2929,2024-08-27 00:56:06.868100
ESP32_97CAE1,InferenceLayer.SENSOR,3017,2024-08-27 00:56:07.871168
ESP32_A73166,InferenceLayer.SENSOR,1282,2024-08-27 00:56:08.877619
ESP32_AABBCC,InferenceLayer.SENSOR,3982,2024-08-27 00:56:11.185023
ESP32_09B38F,InferenceLayer.SENSOR,3357,2024-08-27 00:56:12.118075
ESP32_232714,InferenceLayer.SENSOR,4199,2024-08-27 00:56:13.129045
ESP32_B57936,InferenceLayer.SENSOR,1559,2024-08-27 00:56:14.168344
ESP32_8F7400,InferenceLayer.SENSOR,4179,2024-08-27 00:56:15.178735
ESP32_3330A5,InferenceLayer.SENSOR,3679,2024-08-27 00:56:16.240034
ESP32_ED5A4D,InferenceLayer.SENSOR,4023,2024-08-27 00:56:17.196530
ESP32_46B1A6,InferenceLayer.SENSOR,3935,2024-08-27 00:56:18.190936
ESP32_46978A,InferenceLayer.SENSOR,2568,2024-08-27 00:56:19.238935
ESP32_97C286,InferenceLayer.SENSOR,3859,2024-08-27 00:56:20.233894
ESP32_B25FE3,InferenceLayer.SENSOR,3916,2024-08-27 00:56:21.291195
ESP32_1F4D55,InferenceLayer.SENSOR,3564,2024-08-27 00:56:22.264948
ESP32_ADD36D,InferenceLayer.SENSOR,3975,2024-08-27 00:56:23.286170
ESP32_F0ACBF,InferenceLayer.SENSOR,1769,2024-08-27 00:56:24.283825
ESP32_AB192B,InferenceLayer.SENSOR,4364,2024-08-27 00:56:25.298397
ESP32_A1BC36,InferenceLayer.SENSOR,3960,2024-08-27 00:56:26.381414
ESP32_C31F5E,InferenceLayer.SENSOR,3895,2024-08-27 00:56:27.350352
ESP32_E2F3EA,InferenceLayer.SENSOR,3987,2024-08-27 00:56:28.371134
ESP32_2E88CE,InferenceLayer.SENSOR,3947,2024-08-27 00:56:29.345556
ESP32_615B9D,InferenceLayer.SENSOR,4189,2024-08-27 00:56:30.366364
ESP32_37E138,InferenceLayer.SENSOR,3944,2024-08-27 00:56:31.448277
ESP32_8F7400,InferenceLayer.SENSOR,4272,2024-08-26 23:58:05.662982
ESP32_3330A5,InferenceLayer.SENSOR,3764,2024-08-26 23:58:06.794608
ESP32_ED5A4D,InferenceLayer.SENSOR,3324,2024-08-26 23:58:07.695003
ESP32_46B1A6,InferenceLayer.SENSOR,2823,2024-08-26 23:58:08.740023
ESP32_46978A,InferenceLayer.SENSOR,3897,2024-08-26 23:58:09.730286
ESP32_97C286,InferenceLayer.SENSOR,3429,2024-08-26 23:58:10.745552
ESP32_B25FE3,InferenceLayer.SENSOR,3919,2024-08-26 23:58:11.825548
ESP32_1F4D55,InferenceLayer.SENSOR,2152,2024-08-26 23:58:12.780219
ESP32_ADD36D,InferenceLayer.SENSOR,4155,2024-08-26 23:58:13.808020
ESP32_F0ACBF,InferenceLayer.SENSOR,4103,2024-08-26 23:58:14.849879
ESP32_AB192B,InferenceLayer.SENSOR,7666,2024-08-26 23:58:15.825519
ESP32_A1BC36,InferenceLayer.SENSOR,5092,2024-08-26 23:58:16.885676
ESP32_C31F5E,InferenceLayer.SENSOR,4104,2024-08-26 23:58:17.850153
ESP32_E2F3EA,InferenceLayer.SENSOR,3950,2024-08-26 23:58:18.897454
ESP32_2E88CE,InferenceLayer.SENSOR,4361,2024-08-26 23:58:19.880095
ESP32_615B9D,InferenceLayer.SENSOR,3877,2024-08-26 23:58:20.929375
ESP32_37E138,InferenceLayer.SENSOR,3883,2024-08-26 23:58:21.963284
ESP32_6EF35F,InferenceLayer.SENSOR,3910,2024-08-26 23:58:22.994770
ESP32_E9F15A,InferenceLayer.SENSOR,3876,2024-08-26 23:58:23.952795
ESP32_97CAE1,InferenceLayer.SENSOR,3144,2024-08-26 23:58:24.971038
ESP32_A73166,InferenceLayer.SENSOR,2183,2024-08-26 23:58:25.960022
ESP32_AABBCC,InferenceLayer.SENSOR,1300,2024-08-26 23:58:28.280398
ESP32_09B38F,InferenceLayer.SENSOR,4266,2024-08-26 23:58:29.242739
ESP32_232714,InferenceLayer.SENSOR,3885,2024-08-26 23:58:30.269934
ESP32_B57936,InferenceLayer.SENSOR,3137,2024-08-26 23:58:31.293472
ESP32_8F7400,InferenceLayer.SENSOR,3909,2024-08-26 23:58:32.331098
ESP32_3330A5,InferenceLayer.SENSOR,4060,2024-08-26 23:58:33.339639
ESP32_ED5A4D,InferenceLayer.SENSOR,3732,2024-08-26 23:58:34.304900
ESP32_46B1A6,InferenceLayer.SENSOR,4186,2024-08-26 23:58:35.323071
ESP32_46978A,InferenceLayer.SENSOR,3923,2024-08-26 23:58:36.332781
ESP32_97C286,InferenceLayer.SENSOR,3962,2024-08-26 23:58:37.366265
ESP32_B25FE3,InferenceLayer.SENSOR,4196,2024-08-26 23:58:38.417931
ESP32_1F4D55,InferenceLayer.SENSOR,3967,2024-08-26 23:58:39.372312
ESP32_ADD36D,InferenceLayer.SENSOR,3918,2024-08-26 23:58:40.406730
ESP32_F0ACBF,InferenceLayer.SENSOR,4167,2024-08-26 23:58:41.413564
ESP32_AB192B,InferenceLayer.SENSOR,4194,2024-08-26 23:58:42.437455
ESP32_A1BC36,InferenceLayer.SENSOR,4028,2024-08-26 23:58:43.511520
ESP32_C31F5E,InferenceLayer.SENSOR,3936,2024-08-26 23:58:44.488702
ESP32_E2F3EA,InferenceLayer.SENSOR,3934,2024-08-26 23:58:45.476889
ESP32_2E88CE,InferenceLayer.SENSOR,4821,2024-08-26 23:58:46.506238
ESP32_615B9D,InferenceLayer.SENSOR,3848,2024-08-26 23:58:47.499961
ESP32_37E138,InferenceLayer.SENSOR,4602,2024-08-26 23:58:48.588725
ESP32_6EF35F,InferenceLayer.SENSOR,4327,2024-08-26 23:58:49.558602
ESP32_E9F15A,InferenceLayer.SENSOR,3142,2024-08-26 23:58:50.537517
ESP32_97CAE1,InferenceLayer.SENSOR,3616,2024-08-26 23:58:51.554125
ESP32_A73166,InferenceLayer.SENSOR,3975,2024-08-26 23:58:52.574027
ESP32_AABBCC,InferenceLayer.SENSOR,3514,2024-08-26 23:58:54.888248
ESP32_09B38F,InferenceLayer.SENSOR,3889,2024-08-26 23:58:55.854838
ESP32_232714,InferenceLayer.SENSOR,3891,2024-08-26 23:58:56.851873
ESP32_B57936,InferenceLayer.SENSOR,3642,2024-08-26 23:58:57.907859
ESP32_8F7400,InferenceLayer.SENSOR,4083,2024-08-26 23:58:58.873469
ESP32_3330A5,InferenceLayer.SENSOR,4087,2024-08-26 23:58:59.968570
ESP32_ED5A4D,InferenceLayer.SENSOR,3927,2024-08-26 23:59:00.905535
ESP32_46B1A6,InferenceLayer.SENSOR,3987,2024-08-26 23:59:01.916236
ESP32_46978A,InferenceLayer.SENSOR,3896,2024-08-26 23:59:02.924030
ESP32_97C286,InferenceLayer.SENSOR,3907,2024-08-26 23:59:03.952841
ESP32_B25FE3,InferenceLayer.SENSOR,2090,2024-08-26 23:59:05.036937
ESP32_1F4D55,InferenceLayer.SENSOR,4150,2024-08-26 23:59:05.981135
ESP32_ADD36D,InferenceLayer.SENSOR,2690,2024-08-26 23:59:07.005895
ESP32_F0ACBF,InferenceLayer.SENSOR,3949,2024-08-26 23:59:08.003531
ESP32_AB192B,InferenceLayer.SENSOR,2683,2024-08-26 23:59:09.016151
ESP32_A1BC36,InferenceLayer.SENSOR,4054,2024-08-26 23:59:10.087739
ESP32_C31F5E,InferenceLayer.SENSOR,2916,2024-08-26 23:59:11.031201
ESP32_E2F3EA,InferenceLayer.SENSOR,3837,2024-08-26 23:59:12.069933
ESP32_2E88CE,InferenceLayer.SENSOR,1541,2024-08-26 23:59:13.083676
ESP32_615B9D,InferenceLayer.SENSOR,1333,2024-08-26 23:59:14.076796
ESP32_37E138,InferenceLayer.SENSOR,1149,2024-08-26 23:59:15.143566
ESP32_6EF35F,InferenceLayer.SENSOR,3931,2024-08-26 23:59:16.085563
ESP32_E9F15A,InferenceLayer.SENSOR,1081,2024-08-26 23:59:17.092063
ESP32_97CAE1,InferenceLayer.SENSOR,3455,2024-08-26 23:59:18.114363
ESP32_A73166,InferenceLayer.SENSOR,1029,2024-08-26 23:59:19.137935
ESP32_AABBCC,InferenceLayer.SENSOR,2357,2024-08-26 23:59:21.430590
ESP32_09B38F,InferenceLayer.SENSOR,3607,2024-08-26 23:59:22.417711
ESP32_232714,InferenceLayer.SENSOR,1582,2024-08-26 23:59:23.397159
ESP32_B57936,InferenceLayer.SENSOR,4089,2024-08-26 23:59:24.441751
ESP32_8F7400,InferenceLayer.SENSOR,1357,2024-08-26 23:59:25.453727
ESP32_3330A5,InferenceLayer.SENSOR,3906,2024-08-26 23:59:26.483057
ESP32_ED5A4D,InferenceLayer.SENSOR,1086,2024-08-26 23:59:27.436084
ESP32_46B1A6,InferenceLayer.SENSOR,4033,2024-08-26 23:59:28.487730
ESP32_46978A,InferenceLayer.SENSOR,770,2024-08-26 23:59:29.457778
ESP32_97C286,InferenceLayer.SENSOR,3967,2024-08-26 23:59:30.479327
ESP32_B25FE3,InferenceLayer.SENSOR,1551,2024-08-26 23:59:31.536982
ESP32_1F4D55,InferenceLayer.SENSOR,3388,2024-08-26 23:59:32.539853
ESP32_ADD36D,InferenceLayer.SENSOR,4401,2024-08-26 23:59:33.533677
ESP32_F0ACBF,InferenceLayer.SENSOR,3910,2024-08-26 23:59:34.536703
ESP32_AB192B,InferenceLayer.SENSOR,3828,2024-08-26 23:59:35.541410
ESP32_A1BC36,InferenceLayer.SENSOR,3944,2024-08-26 23:59:36.640051
ESP32_C31F5E,InferenceLayer.SENSOR,3925,2024-08-26 23:59:37.613642
ESP32_E2F3EA,InferenceLayer.SENSOR,3971,2024-08-26 23:59:38.627890
ESP32_2E88CE,InferenceLayer.SENSOR,3912,2024-08-26 23:59:39.602527
ESP32_615B9D,InferenceLayer.SENSOR,3336,2024-08-26 23:59:40.664063
ESP32_37E138,InferenceLayer.SENSOR,3957,2024-08-26 23:59:41.720006
ESP32_6EF35F,InferenceLayer.SENSOR,3885,2024-08-26 23:59:42.667157
ESP32_E9F15A,InferenceLayer.SENSOR,848,2024-08-26 23:59:43.662541
ESP32_97CAE1,InferenceLayer.SENSOR,3937,2024-08-26 23:59:44.676434
ESP32_A73166,InferenceLayer.SENSOR,3924,2024-08-26 23:59:45.690372
ESP32_AABBCC,InferenceLayer.SENSOR,3587,2024-08-26 23:59:48.001379
ESP32_09B38F,InferenceLayer.SENSOR,4175,2024-08-26 23:59:48.958898
ESP32_232714,InferenceLayer.SENSOR,4210,2024-08-26 23:59:49.984385
ESP32_B57936,InferenceLayer.SENSOR,2249,2024-08-26 23:59:50.999209
ESP32_8F7400,InferenceLayer.SENSOR,4180,2024-08-26 23:59:52.035730
ESP32_3330A5,InferenceLayer.SENSOR,2095,2024-08-26 23:59:53.037705
ESP32_ED5A4D,InferenceLayer.SENSOR,4089,2024-08-26 23:59:54.021361
ESP32_46B1A6,InferenceLayer.SENSOR,3911,2024-08-26 23:59:55.027969
ESP32_E9F15A,InferenceLayer.SENSOR,3065,2024-08-27 00:23:06.053666
ESP32_97CAE1,InferenceLayer.SENSOR,926,2024-08-27 00:23:07.049422
ESP32_A73166,InferenceLayer.SENSOR,3919,2024-08-27 00:23:08.046325
ESP32_AABBCC,InferenceLayer.SENSOR,3195,2024-08-27 00:23:10.350857
ESP32_09B38F,InferenceLayer.SENSOR,3917,2024-08-27 00:23:11.336874
ESP32_232714,InferenceLayer.SENSOR,2885,2024-08-27 00:23:12.350340
ESP32_B57936,InferenceLayer.SENSOR,3886,2024-08-27 00:23:13.325978
ESP32_8F7400,InferenceLayer.SENSOR,4006,2024-08-27 00:23:14.370506
ESP32_3330A5,InferenceLayer.SENSOR,3897,2024-08-27 00:23:15.454684
ESP32_ED5A4D,InferenceLayer.SENSOR,3792,2024-08-27 00:23:16.407743
ESP32_46B1A6,InferenceLayer.SENSOR,3866,2024-08-27 00:23:17.407659
ESP32_46978A,InferenceLayer.SENSOR,4180,2024-08-27 00:23:18.403083
ESP32_97C286,InferenceLayer.SENSOR,4076,2024-08-27 00:23:19.419583
ESP32_B25FE3,InferenceLayer.SENSOR,2648,2024-08-27 00:23:20.482444
ESP32_1F4D55,InferenceLayer.SENSOR,1863,2024-08-27 00:23:21.433709
ESP32_ADD36D,InferenceLayer.SENSOR,2390,2024-08-27 00:23:22.455089
ESP32_F0ACBF,InferenceLayer.SENSOR,3821,2024-08-27 00:23:23.506671
ESP32_AB192B,InferenceLayer.SENSOR,3955,2024-08-27 00:23:24.470350
ESP32_A1BC36,InferenceLayer.SENSOR,7351,2024-08-27 00:23:25.530726
ESP32_C31F5E,InferenceLayer.SENSOR,4085,2024-08-27 00:23:26.496667
ESP32_E2F3EA,InferenceLayer.SENSOR,3930,2024-08-27 00:23:27.542877
ESP32_2E88CE,InferenceLayer.SENSOR,4198,2024-08-27 00:23:28.546934
ESP32_615B9D,InferenceLayer.SENSOR,3838,2024-08-27 00:23:29.532345
ESP32_37E138,InferenceLayer.SENSOR,3881,2024-08-27 00:23:30.624186
ESP32_6EF35F,InferenceLayer.SENSOR,4180,2024-08-27 00:23:31.567726
ESP32_E9F15A,InferenceLayer.SENSOR,3937,2024-08-27 00:23:32.617139
ESP32_97CAE1,InferenceLayer.SENSOR,3876,2024-08-27 00:23:33.588855
ESP32_A73166,InferenceLayer.SENSOR,1686,2024-08-27 00:23:34.604612
ESP32_AABBCC,InferenceLayer.SENSOR,4041,2024-08-27 00:23:36.872111
ESP32_09B38F,InferenceLayer.SENSOR,3908,2024-08-27 00:23:37.887396
ESP32_232714,InferenceLayer.SENSOR,3935,2024-08-27 00:23:38.877483
ESP32_B57936,InferenceLayer.SENSOR,1056,2024-08-27 00:23:39.909919
ESP32_8F7400,InferenceLayer.SENSOR,3945,2024-08-27 00:23:40.900225
ESP32_3330A5,InferenceLayer.SENSOR,3908,2024-08-27 00:23:42.011770
ESP32_ED5A4D,InferenceLayer.SENSOR,3893,2024-08-27 00:23:42.929558
ESP32_46B1A6,InferenceLayer.SENSOR,3884,2024-08-27 00:23:43.951616
ESP32_46978A,InferenceLayer.SENSOR,2048,2024-08-27 00:23:44.953383
ESP32_97C286,InferenceLayer.SENSOR,3483,2024-08-27 00:23:45.963997
ESP32_B25FE3,InferenceLayer.SENSOR,1492,2024-08-27 00:23:47.058628
ESP32_1F4D55,InferenceLayer.SENSOR,4458,2024-08-27 00:23:48.002152
ESP32_ADD36D,InferenceLayer.SENSOR,1065,2024-08-27 00:23:49.004371
ESP32_F0ACBF,InferenceLayer.SENSOR,3665,2024-08-27 00:23:50.048112
ESP32_AB192B,InferenceLayer.SENSOR,961,2024-08-27 00:23:51.046930
ESP32_A1BC36,InferenceLayer.SENSOR,772,2024-08-27 00:23:52.075741
ESP32_C31F5E,InferenceLayer.SENSOR,1170,2024-08-27 00:23:53.041067
ESP32_E2F3EA,InferenceLayer.SENSOR,3970,2024-08-27 00:23:54.065051
ESP32_2E88CE,InferenceLayer.SENSOR,3554,2024-08-27 00:23:55.063833
ESP32_615B9D,InferenceLayer.SENSOR,4151,2024-08-27 00:23:56.095890
ESP32_37E138,InferenceLayer.SENSOR,1042,2024-08-27 00:23:57.138830
ESP32_6EF35F,InferenceLayer.SENSOR,4022,2024-08-27 00:23:58.130035
ESP32_E9F15A,InferenceLayer.SENSOR,3972,2024-08-27 00:23:59.137027
ESP32_97CAE1,InferenceLayer.SENSOR,3911,2024-08-27 00:24:00.140282
ESP32_A73166,InferenceLayer.SENSOR,3830,2024-08-27 00:24:01.172771
ESP32_AABBCC,InferenceLayer.SENSOR,1059,2024-08-27 00:24:03.444183
ESP32_09B38F,InferenceLayer.SENSOR,2305,2024-08-27 00:24:04.406192
ESP32_232714,InferenceLayer.SENSOR,1405,2024-08-27 00:24:05.430730
ESP32_B57936,InferenceLayer.SENSOR,2873,2024-08-27 00:24:06.410070
ESP32_8F7400,InferenceLayer.SENSOR,3963,2024-08-27 00:24:07.468838
ESP32_B25FE3,InferenceLayer.SENSOR,3545,2024-08-27 00:07:52.036300
ESP32_1F4D55,InferenceLayer.SENSOR,3811,2024-08-27 00:07:53.031676
ESP32_ADD36D,InferenceLayer.SENSOR,6944,2024-08-27 00:07:54.092460
ESP32_F0ACBF,InferenceLayer.SENSOR,4440,2024-08-27 00:07:55.072774
ESP32_AB192B,InferenceLayer.SENSOR,863,2024-08-27 00:07:56.081845
ESP32_A1BC36,InferenceLayer.SENSOR,3749,2024-08-27 00:07:57.186190
ESP32_C31F5E,InferenceLayer.SENSOR,3741,2024-08-27 00:07:58.124223
ESP32_E2F3EA,InferenceLayer.SENSOR,3825,2024-08-27 00:07:59.134043
ESP32_2E88CE,InferenceLayer.SENSOR,2141,2024-08-27 00:08:00.117343
ESP32_615B9D,InferenceLayer.SENSOR,1245,2024-08-27 00:08:01.114750
ESP32_37E138,InferenceLayer.SENSOR,4662,2024-08-27 00:08:02.196300
ESP32_6EF35F,InferenceLayer.SENSOR,4052,2024-08-27 00:08:03.144056
ESP32_E9F15A,InferenceLayer.SENSOR,2364,2024-08-27 00:08:04.167825
ESP32_97CAE1,InferenceLayer.SENSOR,3043,2024-08-27 00:08:05.168651
ESP32_A73166,InferenceLayer.SENSOR,1148,2024-08-27 00:08:06.166995
ESP32_AABBCC,InferenceLayer.SENSOR,3873,2024-08-27 00:08:08.480625
ESP32_09B38F,InferenceLayer.SENSOR,3910,2024-08-27 00:08:09.441055
ESP32_232714,InferenceLayer.SENSOR,4084,2024-08-27 00:08:10.463120
ESP32_B57936,InferenceLayer.SENSOR,2811,2024-08-27 00:08:11.448021
ESP32_8F7400,InferenceLayer.SENSOR,3919,2024-08-27 00:08:12.481034
ESP32_3330A5,InferenceLayer.SENSOR,3446,2024-08-27 00:08:13.512086
ESP32_ED5A4D,InferenceLayer.SENSOR,3179,2024-08-27 00:08:14.515321
ESP32_46B1A6,InferenceLayer.SENSOR,667,2024-08-27 00:08:15.479923
ESP32_46978A,InferenceLayer.SENSOR,1112,2024-08-27 00:08:16.508902
ESP32_97C286,InferenceLayer.SENSOR,3911,2024-08-27 00:08:17.486126
ESP32_B25FE3,InferenceLayer.SENSOR,820,2024-08-27 00:08:18.533711
ESP32_1F4D55,InferenceLayer.SENSOR,2713,2024-08-27 00:08:19.505334
ESP32_ADD36D,InferenceLayer.SENSOR,2805,2024-08-27 00:08:20.563165
ESP32_F0ACBF,InferenceLayer.SENSOR,3796,2024-08-27 00:08:21.522431
ESP32_AB192B,InferenceLayer.SENSOR,4871,2024-08-27 00:08:22.543724
ESP32_A1BC36,InferenceLayer.SENSOR,706,2024-08-27 00:08:23.601554
ESP32_C31F5E,InferenceLayer.SENSOR,1031,2024-08-27 00:08:24.530613
ESP32_E2F3EA,InferenceLayer.SENSOR,1486,2024-08-27 00:08:25.550645
ESP32_2E88CE,InferenceLayer.SENSOR,1103,2024-08-27 00:08:26.550551
ESP32_615B9D,InferenceLayer.SENSOR,3819,2024-08-27 00:08:27.607375
ESP32_37E138,InferenceLayer.SENSOR,4399,2024-08-27 00:08:28.669025
ESP32_6EF35F,InferenceLayer.SENSOR,1447,2024-08-27 00:08:29.603246
ESP32_E9F15A,InferenceLayer.SENSOR,4072,2024-08-27 00:08:30.612197
ESP32_97CAE1,InferenceLayer.SENSOR,1021,2024-08-27 00:08:31.621158
ESP32_A73166,InferenceLayer.SENSOR,2448,2024-08-27 00:08:32.643106
ESP32_AABBCC,InferenceLayer.SENSOR,2827,2024-08-27 00:08:34.919241
ESP32_09B38F,InferenceLayer.SENSOR,3039,2024-08-27 00:08:35.915781
ESP32_232714,InferenceLayer.SENSOR,3897,2024-08-27 00:08:36.876067
ESP32_B57936,InferenceLayer.SENSOR,2604,2024-08-27 00:08:37.936022
ESP32_8F7400,InferenceLayer.SENSOR,3495,2024-08-27 00:08:38.930792
ESP32_3330A5,InferenceLayer.SENSOR,653,2024-08-27 00:08:39.967055
ESP32_ED5A4D,InferenceLayer.SENSOR,4188,2024-08-27 00:08:40.925360
ESP32_46B1A6,InferenceLayer.SENSOR,989,2024-08-27 00:08:41.960896
ESP32_46978A,InferenceLayer.SENSOR,4051,2024-08-27 00:08:42.940475
ESP32_97C286,InferenceLayer.SENSOR,1110,2024-08-27 00:08:43.981216
ESP32_B25FE3,InferenceLayer.SENSOR,2232,2024-08-27 00:08:45.015093
ESP32_1F4D55,InferenceLayer.SENSOR,1324,2024-08-27 00:08:45.990900
ESP32_ADD36D,InferenceLayer.SENSOR,3975,2024-08-27 00:08:46.979892
ESP32_F0ACBF,InferenceLayer.SENSOR,3862,2024-08-27 00:08:47.979517
ESP32_AB192B,InferenceLayer.SENSOR,3882,2024-08-27 00:08:48.984705
ESP32_A1BC36,InferenceLayer.SENSOR,3340,2024-08-27 00:08:50.050697
ESP32_C31F5E,InferenceLayer.SENSOR,1723,2024-08-27 00:08:51.034772
ESP32_E2F3EA,InferenceLayer.SENSOR,4268,2024-08-27 00:08:52.024931
ESP32_2E88CE,InferenceLayer.SENSOR,7805,2024-08-27 00:08:53.026173
ESP32_615B9D,InferenceLayer.SENSOR,4113,2024-08-27 00:08:54.112662
ESP32_37E138,InferenceLayer.SENSOR,1740,2024-08-27 00:08:55.121557
ESP32_6EF35F,InferenceLayer.SENSOR,1726,2024-08-27 00:08:56.061444
ESP32_E9F15A,InferenceLayer.SENSOR,2730,2024-08-27 00:08:57.083233
ESP32_97CAE1,InferenceLayer.SENSOR,7140,2024-08-27 00:08:58.075092
ESP32_A73166,InferenceLayer.SENSOR,4127,2024-08-27 00:08:59.085184
ESP32_AABBCC,InferenceLayer.SENSOR,3896,2024-08-27 00:09:01.420832
ESP32_09B38F,InferenceLayer.SENSOR,3928,2024-08-27 00:09:02.365378
ESP32_232714,InferenceLayer.SENSOR,5641,2024-08-27 00:09:03.410670
ESP32_B57936,InferenceLayer.SENSOR,3777,2024-08-27 00:09:04.357844
ESP32_8F7400,InferenceLayer.SENSOR,4730,2024-08-27 00:09:05.362531
ESP32_3330A5,InferenceLayer.SENSOR,4024,2024-08-27 00:09:06.444769
ESP32_ED5A4D,InferenceLayer.SENSOR,4113,2024-08-27 00:09:07.396950
ESP32_46B1A6,InferenceLayer.SENSOR,3902,2024-08-27 00:09:08.404706
ESP32_46978A,InferenceLayer.SENSOR,3857,2024-08-27 00:09:09.410851
ESP32_97C286,InferenceLayer.SENSOR,3875,2024-08-27 00:09:10.429955
ESP32_B25FE3,InferenceLayer.SENSOR,2837,2024-08-27 00:09:11.511866
ESP32_1F4D55,InferenceLayer.SENSOR,3319,2024-08-27 00:09:12.478182
ESP32_ADD36D,InferenceLayer.SENSOR,3427,2024-08-27 00:09:13.482956
ESP32_F0ACBF,InferenceLayer.SENSOR,4196,2024-08-27 00:09:14.455566
ESP32_AB192B,InferenceLayer.SENSOR,3942,2024-08-27 00:09:15.499417
ESP32_A1BC36,InferenceLayer.SENSOR,3936,2024-08-27 00:09:16.536319
ESP32_C31F5E,InferenceLayer.SENSOR,3896,2024-08-27 00:09:17.502520
ESP32_E2F3EA,InferenceLayer.SENSOR,3976,2024-08-27 00:09:18.512137
ESP32_2E88CE,InferenceLayer.SENSOR,3722,2024-08-27 00:09:19.539939
ESP32_615B9D,InferenceLayer.SENSOR,4163,2024-08-27 00:09:20.566544
ESP32_37E138,InferenceLayer.SENSOR,4096,2024-08-27 00:09:21.590531
ESP32_6EF35F,InferenceLayer.SENSOR,2615,2024-08-27 00:09:22.550803
ESP32_E9F15A,InferenceLayer.SENSOR,1756,2024-08-27 00:09:23.566500
ESP32_97CAE1,InferenceLayer.SENSOR,1685,2024-08-27 00:09:24.604176
ESP32_A73166,InferenceLayer.SENSOR,3948,2024-08-27 00:09:25.617117
ESP32_AABBCC,InferenceLayer.SENSOR,3929,2024-08-27 00:09:27.854269
ESP32_09B38F,InferenceLayer.SENSOR,3905,2024-08-27 00:09:28.843237
ESP32_232714,InferenceLayer.SENSOR,3949,2024-08-27 00:09:29.872279
ESP32_B57936,InferenceLayer.SENSOR,4009,2024-08-27 00:09:30.854730
ESP32_8F7400,InferenceLayer.SENSOR,3996,2024-08-27 00:09:31.869728
ESP32_3330A5,InferenceLayer.SENSOR,3297,2024-08-27 00:09:32.947332
ESP32_ED5A4D,InferenceLayer.SENSOR,2922,2024-08-27 00:09:33.886523
ESP32_46B1A6,InferenceLayer.SENSOR,3864,2024-08-27 00:09:34.895043
ESP32_46978A,InferenceLayer.SENSOR,3926,2024-08-27 00:09:35.929731
ESP32_97C286,InferenceLayer.SENSOR,4025,2024-08-27 00:09:36.915906
ESP32_B25FE3,InferenceLayer.SENSOR,4014,2024-08-27 00:09:38.017556
ESP32_1F4D55,InferenceLayer.SENSOR,3993,2024-08-27 00:09:38.944964
ESP32_ADD36D,InferenceLayer.SENSOR,3941,2024-08-27 00:09:39.952358
ESP32_F0ACBF,InferenceLayer.SENSOR,3965,2024-08-27 00:09:40.970715
ESP32_AB192B,InferenceLayer.SENSOR,4098,2024-08-27 00:09:41.993618
ESP32_A1BC36,InferenceLayer.SENSOR,4007,2024-08-27 00:09:43.043877
ESP32_C31F5E,InferenceLayer.SENSOR,3390,2024-08-27 00:09:44.002833
ESP32_E2F3EA,InferenceLayer.SENSOR,3873,2024-08-27 00:09:45.000437
ESP32_2E88CE,InferenceLayer.SENSOR,1672,2024-08-27 00:09:46.131978
ESP32_615B9D,InferenceLayer.SENSOR,3171,2024-08-27 00:09:47.018818
ESP32_37E138,InferenceLayer.SENSOR,1229,2024-08-27 00:09:48.064354
ESP32_6EF35F,InferenceLayer.SENSOR,4018,2024-08-27 00:09:49.021786
ESP32_E9F15A,InferenceLayer.SENSOR,963,2024-08-27 00:09:50.033248
ESP32_97CAE1,InferenceLayer.SENSOR,3000,2024-08-27 00:09:51.077481
ESP32_A73166,InferenceLayer.SENSOR,750,2024-08-27 00:09:52.069255
ESP32_AABBCC,InferenceLayer.SENSOR,3273,2024-08-27 00:09:54.291898
ESP32_09B38F,InferenceLayer.SENSOR,4047,2024-08-27 00:09:55.313512
ESP32_232714,InferenceLayer.SENSOR,1685,2024-08-27 00:09:56.302991
ESP32_B57936,InferenceLayer.SENSOR,3778,2024-08-27 00:09:57.319882
ESP32_8F7400,InferenceLayer.SENSOR,1149,2024-08-27 00:09:58.377708
ESP32_3330A5,InferenceLayer.SENSOR,3920,2024-08-27 00:09:59.323796
ESP32_ED5A4D,InferenceLayer.SENSOR,911,2024-08-27 00:10:00.365143
ESP32_46B1A6,InferenceLayer.SENSOR,4103,2024-08-27 00:10:01.415374
ESP32_46978A,InferenceLayer.SENSOR,764,2024-08-27 00:10:02.347588
ESP32_97C286,InferenceLayer.SENSOR,3867,2024-08-27 00:10:03.453148
ESP32_B25FE3,InferenceLayer.SENSOR,1899,2024-08-27 00:10:04.368067
ESP32_3330A5,InferenceLayer.SENSOR,3865,2024-08-27 00:24:08.498008
ESP32_ED5A4D,InferenceLayer.SENSOR,3867,2024-08-27 00:24:09.465730
ESP32_46B1A6,InferenceLayer.SENSOR,3911,2024-08-27 00:24:10.498736
ESP32_46978A,InferenceLayer.SENSOR,3808,2024-08-27 00:24:11.486576
ESP32_97C286,InferenceLayer.SENSOR,4056,2024-08-27 00:24:12.534692
ESP32_B25FE3,InferenceLayer.SENSOR,4258,2024-08-27 00:24:13.577628
ESP32_1F4D55,InferenceLayer.SENSOR,4118,2024-08-27 00:24:14.526069
ESP32_ADD36D,InferenceLayer.SENSOR,3866,2024-08-27 00:24:15.603788
ESP32_F0ACBF,InferenceLayer.SENSOR,3842,2024-08-27 00:24:16.560355
ESP32_AB192B,InferenceLayer.SENSOR,3828,2024-08-27 00:24:17.569507
ESP32_A1BC36,InferenceLayer.SENSOR,3972,2024-08-27 00:24:18.639083
ESP32_C31F5E,InferenceLayer.SENSOR,3884,2024-08-27 00:24:19.610912
ESP32_E2F3EA,InferenceLayer.SENSOR,3864,2024-08-27 00:24:20.639959
ESP32_2E88CE,InferenceLayer.SENSOR,4131,2024-08-27 00:24:21.670181
ESP32_615B9D,InferenceLayer.SENSOR,3933,2024-08-27 00:24:22.658445
ESP32_37E138,InferenceLayer.SENSOR,4382,2024-08-27 00:24:23.735974
ESP32_6EF35F,InferenceLayer.SENSOR,4369,2024-08-27 00:24:24.702436
ESP32_E9F15A,InferenceLayer.SENSOR,3772,2024-08-27 00:24:25.694635
ESP32_97CAE1,InferenceLayer.SENSOR,4395,2024-08-27 00:24:26.719563
ESP32_A73166,InferenceLayer.SENSOR,2876,2024-08-27 00:24:27.708683
ESP32_AABBCC,InferenceLayer.SENSOR,3865,2024-08-27 00:24:29.997542
ESP32_09B38F,InferenceLayer.SENSOR,3975,2024-08-27 00:24:30.973293
ESP32_232714,InferenceLayer.SENSOR,3950,2024-08-27 00:24:31.977697
ESP32_B57936,InferenceLayer.SENSOR,3897,2024-08-27 00:24:33.018218
ESP32_8F7400,InferenceLayer.SENSOR,3798,2024-08-27 00:24:34.003806
ESP32_3330A5,InferenceLayer.SENSOR,3896,2024-08-27 00:24:35.057426
ESP32_ED5A4D,InferenceLayer.SENSOR,3715,2024-08-27 00:24:36.015922
ESP32_46B1A6,InferenceLayer.SENSOR,1401,2024-08-27 00:24:37.037855
ESP32_46978A,InferenceLayer.SENSOR,1699,2024-08-27 00:24:38.072152
ESP32_97C286,InferenceLayer.SENSOR,3877,2024-08-27 00:24:39.060377
ESP32_B25FE3,InferenceLayer.SENSOR,3777,2024-08-27 00:24:40.152115
ESP32_1F4D55,InferenceLayer.SENSOR,3180,2024-08-27 00:24:41.108976
ESP32_ADD36D,InferenceLayer.SENSOR,1028,2024-08-27 00:24:42.100904
ESP32_F0ACBF,InferenceLayer.SENSOR,3970,2024-08-27 00:24:43.099749
ESP32_AB192B,InferenceLayer.SENSOR,3861,2024-08-27 00:24:44.140713
ESP32_A1BC36,InferenceLayer.SENSOR,3921,2024-08-27 00:24:45.189484
ESP32_1F4D55,InferenceLayer.SENSOR,3949,2024-08-27 00:10:05.373972
ESP32_ADD36D,InferenceLayer.SENSOR,3937,2024-08-27 00:10:06.391426
ESP32_F0ACBF,InferenceLayer.SENSOR,3865,2024-08-27 00:10:07.410847
ESP32_AB192B,InferenceLayer.SENSOR,3996,2024-08-27 00:10:08.488864
ESP32_A1BC36,InferenceLayer.SENSOR,3909,2024-08-27 00:10:09.443675
ESP32_C31F5E,InferenceLayer.SENSOR,3903,2024-08-27 00:10:10.436116
ESP32_E2F3EA,InferenceLayer.SENSOR,2710,2024-08-27 00:10:11.433185
ESP32_2E88CE,InferenceLayer.SENSOR,3930,2024-08-27 00:10:12.457386
ESP32_615B9D,InferenceLayer.SENSOR,3975,2024-08-27 00:10:13.455326
ESP32_37E138,InferenceLayer.SENSOR,3855,2024-08-27 00:10:14.554790
ESP32_6EF35F,InferenceLayer.SENSOR,3911,2024-08-27 00:10:15.509471
ESP32_E9F15A,InferenceLayer.SENSOR,3935,2024-08-27 00:10:16.490544
ESP32_97CAE1,InferenceLayer.SENSOR,4019,2024-08-27 00:10:17.515357
ESP32_A73166,InferenceLayer.SENSOR,2394,2024-08-27 00:10:18.549443
ESP32_AABBCC,InferenceLayer.SENSOR,4174,2024-08-27 00:10:20.844551
ESP32_09B38F,InferenceLayer.SENSOR,3934,2024-08-27 00:10:21.752974
ESP32_232714,InferenceLayer.SENSOR,3886,2024-08-27 00:10:22.807391
ESP32_B57936,InferenceLayer.SENSOR,3909,2024-08-27 00:10:23.846561
ESP32_8F7400,InferenceLayer.SENSOR,3855,2024-08-27 00:10:24.811383
ESP32_3330A5,InferenceLayer.SENSOR,3880,2024-08-27 00:10:25.884680
ESP32_ED5A4D,InferenceLayer.SENSOR,4071,2024-08-27 00:10:26.816446
ESP32_46B1A6,InferenceLayer.SENSOR,3925,2024-08-27 00:10:27.856128
ESP32_46978A,InferenceLayer.SENSOR,2686,2024-08-27 00:10:28.835231
ESP32_97C286,InferenceLayer.SENSOR,3045,2024-08-27 00:10:29.843942
ESP32_B25FE3,InferenceLayer.SENSOR,3956,2024-08-27 00:10:30.900292
ESP32_1F4D55,InferenceLayer.SENSOR,4083,2024-08-27 00:10:31.884193
ESP32_ADD36D,InferenceLayer.SENSOR,3884,2024-08-27 00:10:32.874121
ESP32_F0ACBF,InferenceLayer.SENSOR,2845,2024-08-27 00:10:33.869580
ESP32_AB192B,InferenceLayer.SENSOR,3906,2024-08-27 00:10:34.899433
ESP32_A1BC36,InferenceLayer.SENSOR,3884,2024-08-27 00:10:36.004365
ESP32_C31F5E,InferenceLayer.SENSOR,3919,2024-08-27 00:10:36.926532
ESP32_E2F3EA,InferenceLayer.SENSOR,3924,2024-08-27 00:10:37.939765
ESP32_2E88CE,InferenceLayer.SENSOR,3863,2024-08-27 00:10:38.933246
ESP32_615B9D,InferenceLayer.SENSOR,3928,2024-08-27 00:10:39.921478
ESP32_37E138,InferenceLayer.SENSOR,3566,2024-08-27 00:10:40.983325
ESP32_6EF35F,InferenceLayer.SENSOR,3909,2024-08-27 00:10:41.991863
ESP32_E9F15A,InferenceLayer.SENSOR,3937,2024-08-27 00:10:42.985142
ESP32_97CAE1,InferenceLayer.SENSOR,3876,2024-08-27 00:10:44.014958
ESP32_A73166,InferenceLayer.SENSOR,3903,2024-08-27 00:10:44.995189
ESP32_AABBCC,InferenceLayer.SENSOR,1316,2024-08-27 00:10:47.219680
ESP32_09B38F,InferenceLayer.SENSOR,3996,2024-08-27 00:10:48.255722
ESP32_232714,InferenceLayer.SENSOR,3871,2024-08-27 00:10:49.252745
ESP32_B57936,InferenceLayer.SENSOR,4062,2024-08-27 00:10:50.265058
ESP32_8F7400,InferenceLayer.SENSOR,1022,2024-08-27 00:10:51.319773
ESP32_3330A5,InferenceLayer.SENSOR,3970,2024-08-27 00:10:52.263375
ESP32_ED5A4D,InferenceLayer.SENSOR,3924,2024-08-27 00:10:53.328573
ESP32_46B1A6,InferenceLayer.SENSOR,4201,2024-08-27 00:10:54.297690
ESP32_46978A,InferenceLayer.SENSOR,3928,2024-08-27 00:10:55.337059
ESP32_97C286,InferenceLayer.SENSOR,1690,2024-08-27 00:10:56.364851
ESP32_B25FE3,InferenceLayer.SENSOR,2797,2024-08-27 00:10:57.318913
ESP32_1F4D55,InferenceLayer.SENSOR,1235,2024-08-27 00:10:58.352249
ESP32_ADD36D,InferenceLayer.SENSOR,3442,2024-08-27 00:10:59.362229
ESP32_F0ACBF,InferenceLayer.SENSOR,1815,2024-08-27 00:11:00.332784
ESP32_AB192B,InferenceLayer.SENSOR,2393,2024-08-27 00:11:01.439340
ESP32_A1BC36,InferenceLayer.SENSOR,1176,2024-08-27 00:11:02.371496
ESP32_C31F5E,InferenceLayer.SENSOR,3854,2024-08-27 00:11:03.374860
ESP32_E2F3EA,InferenceLayer.SENSOR,926,2024-08-27 00:11:04.401239
ESP32_2E88CE,InferenceLayer.SENSOR,3973,2024-08-27 00:11:05.372050
ESP32_615B9D,InferenceLayer.SENSOR,744,2024-08-27 00:11:06.390526
ESP32_37E138,InferenceLayer.SENSOR,3984,2024-08-27 00:11:07.471563
ESP32_6EF35F,InferenceLayer.SENSOR,2588,2024-08-27 00:11:08.398749
ESP32_E9F15A,InferenceLayer.SENSOR,3894,2024-08-27 00:11:09.464258
ESP32_97CAE1,InferenceLayer.SENSOR,3923,2024-08-27 00:11:10.428663
ESP32_A73166,InferenceLayer.SENSOR,5038,2024-08-27 00:11:11.431807
ESP32_AABBCC,InferenceLayer.SENSOR,2608,2024-08-27 00:11:13.722564
ESP32_09B38F,InferenceLayer.SENSOR,908,2024-08-27 00:11:14.684795
ESP32_232714,InferenceLayer.SENSOR,3308,2024-08-27 00:11:15.712981
ESP32_B57936,InferenceLayer.SENSOR,1251,2024-08-27 00:11:16.724995
ESP32_8F7400,InferenceLayer.SENSOR,3091,2024-08-27 00:11:17.703404
ESP32_3330A5,InferenceLayer.SENSOR,4017,2024-08-27 00:11:18.767798
ESP32_ED5A4D,InferenceLayer.SENSOR,3956,2024-08-27 00:11:19.793536
ESP32_46B1A6,InferenceLayer.SENSOR,4110,2024-08-27 00:11:20.741474
ESP32_46978A,InferenceLayer.SENSOR,3907,2024-08-27 00:11:21.732587
ESP32_97C286,InferenceLayer.SENSOR,3863,2024-08-27 00:11:22.779406
ESP32_B25FE3,InferenceLayer.SENSOR,3897,2024-08-27 00:11:23.817074
ESP32_1F4D55,InferenceLayer.SENSOR,4066,2024-08-27 00:11:24.778893
ESP32_ADD36D,InferenceLayer.SENSOR,4116,2024-08-27 00:11:25.785342
ESP32_F0ACBF,InferenceLayer.SENSOR,4233,2024-08-27 00:11:26.810112
ESP32_AB192B,InferenceLayer.SENSOR,4009,2024-08-27 00:11:27.839365
ESP32_A1BC36,InferenceLayer.SENSOR,3954,2024-08-27 00:11:28.890937
ESP32_C31F5E,InferenceLayer.SENSOR,4075,2024-08-27 00:11:29.819866
ESP32_E2F3EA,InferenceLayer.SENSOR,3317,2024-08-27 00:11:30.833316
ESP32_2E88CE,InferenceLayer.SENSOR,3278,2024-08-27 00:11:31.876566
ESP32_615B9D,InferenceLayer.SENSOR,4054,2024-08-27 00:11:32.883444
ESP32_37E138,InferenceLayer.SENSOR,3932,2024-08-27 00:11:33.903505
ESP32_6EF35F,InferenceLayer.SENSOR,3863,2024-08-27 00:11:34.875305
ESP32_E9F15A,InferenceLayer.SENSOR,3914,2024-08-27 00:11:35.907209
ESP32_97CAE1,InferenceLayer.SENSOR,4086,2024-08-27 00:11:36.923271
ESP32_A73166,InferenceLayer.SENSOR,3908,2024-08-27 00:11:37.922827
ESP32_AABBCC,InferenceLayer.SENSOR,3901,2024-08-27 00:11:40.239632
ESP32_09B38F,InferenceLayer.SENSOR,2909,2024-08-27 00:11:41.155479
ESP32_232714,InferenceLayer.SENSOR,4307,2024-08-27 00:11:42.162851
ESP32_B57936,InferenceLayer.SENSOR,3997,2024-08-27 00:11:43.175854
ESP32_8F7400,InferenceLayer.SENSOR,3912,2024-08-27 00:11:44.207464
ESP32_3330A5,InferenceLayer.SENSOR,2782,2024-08-27 00:11:45.289457
ESP32_ED5A4D,InferenceLayer.SENSOR,990,2024-08-27 00:11:46.234839
ESP32_46B1A6,InferenceLayer.SENSOR,3952,2024-08-27 00:11:47.214567
ESP32_46978A,InferenceLayer.SENSOR,3895,2024-08-27 00:11:48.223807
ESP32_97C286,InferenceLayer.SENSOR,3889,2024-08-27 00:11:49.256357
ESP32_B25FE3,InferenceLayer.SENSOR,3966,2024-08-27 00:11:50.295875
ESP32_1F4D55,InferenceLayer.SENSOR,982,2024-08-27 00:11:51.283409
ESP32_ADD36D,InferenceLayer.SENSOR,3890,2024-08-27 00:11:52.265519
ESP32_F0ACBF,InferenceLayer.SENSOR,3884,2024-08-27 00:11:53.323562
ESP32_AB192B,InferenceLayer.SENSOR,4194,2024-08-27 00:11:54.281803
ESP32_A1BC36,InferenceLayer.SENSOR,3943,2024-08-27 00:11:55.336924
ESP32_C31F5E,InferenceLayer.SENSOR,1173,2024-08-27 00:11:56.320473
ESP32_E2F3EA,InferenceLayer.SENSOR,2589,2024-08-27 00:11:57.316234
ESP32_2E88CE,InferenceLayer.SENSOR,3914,2024-08-27 00:11:58.319876
ESP32_615B9D,InferenceLayer.SENSOR,2808,2024-08-27 00:11:59.317888
ESP32_37E138,InferenceLayer.SENSOR,3973,2024-08-27 00:12:00.405444
ESP32_6EF35F,InferenceLayer.SENSOR,1414,2024-08-27 00:12:01.382505
ESP32_E9F15A,InferenceLayer.SENSOR,3897,2024-08-27 00:12:02.367763
ESP32_97CAE1,InferenceLayer.SENSOR,3793,2024-08-27 00:12:03.368874
ESP32_A73166,InferenceLayer.SENSOR,2055,2024-08-27 00:12:04.374550
ESP32_AABBCC,InferenceLayer.SENSOR,4045,2024-08-27 00:12:06.673112
ESP32_09B38F,InferenceLayer.SENSOR,3954,2024-08-27 00:12:07.658838
ESP32_232714,InferenceLayer.SENSOR,3932,2024-08-27 00:12:08.660730
ESP32_B57936,InferenceLayer.SENSOR,4037,2024-08-27 00:12:09.640605
ESP32_8F7400,InferenceLayer.SENSOR,3082,2024-08-27 00:12:10.682329
ESP32_3330A5,InferenceLayer.SENSOR,2663,2024-08-27 00:12:11.725186
ESP32_ED5A4D,InferenceLayer.SENSOR,3563,2024-08-27 00:12:12.682871
ESP32_46B1A6,InferenceLayer.SENSOR,2732,2024-08-27 00:12:13.690432
ESP32_46978A,InferenceLayer.SENSOR,3902,2024-08-27 00:12:14.712830
ESP32_97C286,InferenceLayer.SENSOR,3237,2024-08-27 00:12:15.701858
ESP32_B25FE3,InferenceLayer.SENSOR,1685,2024-08-27 00:12:16.798027
ESP32_1F4D55,InferenceLayer.SENSOR,3678,2024-08-27 00:12:17.747371
ESP32_ADD36D,InferenceLayer.SENSOR,1017,2024-08-27 00:12:18.751442
ESP32_F0ACBF,InferenceLayer.SENSOR,2967,2024-08-27 00:12:19.730704
ESP32_AB192B,InferenceLayer.SENSOR,853,2024-08-27 00:12:20.745227
ESP32_A1BC36,InferenceLayer.SENSOR,4268,2024-08-27 00:12:21.802512
ESP32_C31F5E,InferenceLayer.SENSOR,1285,2024-08-27 00:12:22.761862
ESP32_E2F3EA,InferenceLayer.SENSOR,3998,2024-08-27 00:12:23.792954
ESP32_2E88CE,InferenceLayer.SENSOR,3923,2024-08-27 00:12:24.759562
ESP32_615B9D,InferenceLayer.SENSOR,3880,2024-08-27 00:12:25.813693
ESP32_37E138,InferenceLayer.SENSOR,4194,2024-08-27 00:12:26.856137
ESP32_6EF35F,InferenceLayer.SENSOR,4112,2024-08-27 00:12:27.834233
ESP32_E9F15A,InferenceLayer.SENSOR,3864,2024-08-27 00:12:28.802231
ESP32_97CAE1,InferenceLayer.SENSOR,3907,2024-08-27 00:12:29.825361
ESP32_A73166,InferenceLayer.SENSOR,3876,2024-08-27 00:12:30.822455
ESP32_AABBCC,InferenceLayer.SENSOR,1655,2024-08-27 00:12:33.121838
ESP32_09B38F,InferenceLayer.SENSOR,4108,2024-08-27 00:12:34.068809
ESP32_232714,InferenceLayer.SENSOR,3971,2024-08-27 00:12:35.091320
ESP32_B57936,InferenceLayer.SENSOR,4200,2024-08-27 00:12:36.082903
ESP32_8F7400,InferenceLayer.SENSOR,3907,2024-08-27 00:12:37.143167
ESP32_3330A5,InferenceLayer.SENSOR,3672,2024-08-27 00:12:38.169135
ESP32_ED5A4D,InferenceLayer.SENSOR,3997,2024-08-27 00:12:39.145751
ESP32_46B1A6,InferenceLayer.SENSOR,3924,2024-08-27 00:12:40.122062
ESP32_46978A,InferenceLayer.SENSOR,3974,2024-08-27 00:12:41.163165
ESP32_97C286,InferenceLayer.SENSOR,3896,2024-08-27 00:12:42.138434
ESP32_B25FE3,InferenceLayer.SENSOR,4074,2024-08-27 00:12:43.250924
ESP32_1F4D55,InferenceLayer.SENSOR,3128,2024-08-27 00:12:44.179727
ESP32_ADD36D,InferenceLayer.SENSOR,3996,2024-08-27 00:12:45.202075
ESP32_F0ACBF,InferenceLayer.SENSOR,3513,2024-08-27 00:12:46.170294
ESP32_AB192B,InferenceLayer.SENSOR,3964,2024-08-27 00:12:47.219649
ESP32_A1BC36,InferenceLayer.SENSOR,3934,2024-08-27 00:12:48.261689
ESP32_C31F5E,InferenceLayer.SENSOR,3901,2024-08-27 00:12:49.201434
ESP32_E2F3EA,InferenceLayer.SENSOR,4016,2024-08-27 00:12:50.213572
ESP32_2E88CE,InferenceLayer.SENSOR,1396,2024-08-27 00:12:51.275184
ESP32_615B9D,InferenceLayer.SENSOR,4022,2024-08-27 00:12:52.239756
ESP32_37E138,InferenceLayer.SENSOR,4116,2024-08-27 00:12:53.355462
ESP32_6EF35F,InferenceLayer.SENSOR,4175,2024-08-27 00:12:54.278827
ESP32_E9F15A,InferenceLayer.SENSOR,3945,2024-08-27 00:12:55.263957
ESP32_97CAE1,InferenceLayer.SENSOR,793,2024-08-27 00:12:56.299293
ESP32_A73166,InferenceLayer.SENSOR,3850,2024-08-27 00:12:57.283673
ESP32_AABBCC,InferenceLayer.SENSOR,3943,2024-08-27 00:12:59.585673
ESP32_09B38F,InferenceLayer.SENSOR,3434,2024-08-27 00:13:00.530590
ESP32_232714,InferenceLayer.SENSOR,3955,2024-08-27 00:13:01.546095
ESP32_B57936,InferenceLayer.SENSOR,4076,2024-08-27 00:13:02.582989
ESP32_8F7400,InferenceLayer.SENSOR,3996,2024-08-27 00:13:03.597055
ESP32_3330A5,InferenceLayer.SENSOR,3855,2024-08-27 00:13:04.635172
ESP32_C31F5E,InferenceLayer.SENSOR,3954,2024-08-27 00:24:46.150844
ESP32_E2F3EA,InferenceLayer.SENSOR,1085,2024-08-27 00:24:47.181745
ESP32_2E88CE,InferenceLayer.SENSOR,3968,2024-08-27 00:24:48.200846
ESP32_615B9D,InferenceLayer.SENSOR,4018,2024-08-27 00:24:49.192813
ESP32_37E138,InferenceLayer.SENSOR,1594,2024-08-27 00:24:50.288959
ESP32_6EF35F,InferenceLayer.SENSOR,3899,2024-08-27 00:24:51.237186
ESP32_E9F15A,InferenceLayer.SENSOR,2078,2024-08-27 00:24:52.264648
ESP32_97CAE1,InferenceLayer.SENSOR,4062,2024-08-27 00:24:53.307096
ESP32_A73166,InferenceLayer.SENSOR,3848,2024-08-27 00:24:54.272738
ESP32_AABBCC,InferenceLayer.SENSOR,2776,2024-08-27 00:24:56.557050
ESP32_09B38F,InferenceLayer.SENSOR,2382,2024-08-27 00:24:57.542567
ESP32_232714,InferenceLayer.SENSOR,4163,2024-08-27 00:24:58.554620
ESP32_B57936,InferenceLayer.SENSOR,9862,2024-08-27 00:24:59.568378
ESP32_8F7400,InferenceLayer.SENSOR,4544,2024-08-27 00:25:00.561837
ESP32_3330A5,InferenceLayer.SENSOR,3930,2024-08-27 00:25:01.618800
ESP32_ED5A4D,InferenceLayer.SENSOR,3831,2024-08-27 00:25:02.579982
ESP32_46B1A6,InferenceLayer.SENSOR,4115,2024-08-27 00:25:03.588641
ESP32_46978A,InferenceLayer.SENSOR,3948,2024-08-27 00:25:04.639098
ESP32_97C286,InferenceLayer.SENSOR,3965,2024-08-27 00:25:05.657607
ESP32_B25FE3,InferenceLayer.SENSOR,4061,2024-08-27 00:25:06.718269
ESP32_1F4D55,InferenceLayer.SENSOR,2608,2024-08-27 00:25:07.679407
ESP32_ADD36D,InferenceLayer.SENSOR,3060,2024-08-27 00:25:08.682224
ESP32_F0ACBF,InferenceLayer.SENSOR,2052,2024-08-27 00:25:09.681120
ESP32_AB192B,InferenceLayer.SENSOR,3644,2024-08-27 00:25:10.679953
ESP32_A1BC36,InferenceLayer.SENSOR,1480,2024-08-27 00:25:11.765060
ESP32_C31F5E,InferenceLayer.SENSOR,3973,2024-08-27 00:25:12.720772
ESP32_E2F3EA,InferenceLayer.SENSOR,1014,2024-08-27 00:25:13.728332
ESP32_2E88CE,InferenceLayer.SENSOR,4122,2024-08-27 00:25:14.739981
ESP32_615B9D,InferenceLayer.SENSOR,955,2024-08-27 00:25:15.784837
ESP32_AABBCC,InferenceLayer.SENSOR,5762,2024-08-27 00:45:35.442782
ESP32_09B38F,InferenceLayer.SENSOR,2066,2024-08-27 00:45:36.357864
ESP32_232714,InferenceLayer.SENSOR,3574,2024-08-27 00:45:37.415865
ESP32_B57936,InferenceLayer.SENSOR,1708,2024-08-27 00:45:38.399284
ESP32_8F7400,InferenceLayer.SENSOR,1022,2024-08-27 00:45:39.393836
ESP32_3330A5,InferenceLayer.SENSOR,3337,2024-08-27 00:45:40.455904
ESP32_ED5A4D,InferenceLayer.SENSOR,1038,2024-08-27 00:45:41.428655
ESP32_46B1A6,InferenceLayer.SENSOR,4096,2024-08-27 00:45:42.454341
ESP32_46978A,InferenceLayer.SENSOR,922,2024-08-27 00:45:43.451005
ESP32_97C286,InferenceLayer.SENSOR,4085,2024-08-27 00:45:44.441066
ESP32_B25FE3,InferenceLayer.SENSOR,1495,2024-08-27 00:45:45.517833
ESP32_1F4D55,InferenceLayer.SENSOR,3241,2024-08-27 00:45:46.453780
ESP32_ADD36D,InferenceLayer.SENSOR,3926,2024-08-27 00:45:47.460662
ESP32_F0ACBF,InferenceLayer.SENSOR,950,2024-08-27 00:45:48.491430
ESP32_AB192B,InferenceLayer.SENSOR,4078,2024-08-27 00:45:49.472463
ESP32_A1BC36,InferenceLayer.SENSOR,3935,2024-08-27 00:45:50.572336
ESP32_C31F5E,InferenceLayer.SENSOR,3881,2024-08-27 00:45:51.505946
ESP32_E2F3EA,InferenceLayer.SENSOR,5032,2024-08-27 00:45:52.508462
ESP32_2E88CE,InferenceLayer.SENSOR,1150,2024-08-27 00:45:53.554425
ESP32_615B9D,InferenceLayer.SENSOR,3939,2024-08-27 00:45:54.522100
ESP32_37E138,InferenceLayer.SENSOR,4341,2024-08-27 00:45:55.540782
ESP32_6EF35F,InferenceLayer.SENSOR,4090,2024-08-27 00:45:56.642037
ESP32_E9F15A,InferenceLayer.SENSOR,4058,2024-08-27 00:45:57.552012
ESP32_97CAE1,InferenceLayer.SENSOR,1538,2024-08-27 00:45:58.591044
ESP32_A73166,InferenceLayer.SENSOR,3187,2024-08-27 00:45:59.592221
ESP32_AABBCC,InferenceLayer.SENSOR,2959,2024-08-27 00:46:01.878798
ESP32_09B38F,InferenceLayer.SENSOR,3940,2024-08-27 00:46:02.802170
ESP32_232714,InferenceLayer.SENSOR,4058,2024-08-27 00:46:03.832989
ESP32_B57936,InferenceLayer.SENSOR,3953,2024-08-27 00:46:04.817205
ESP32_8F7400,InferenceLayer.SENSOR,4127,2024-08-27 00:46:05.816747
ESP32_3330A5,InferenceLayer.SENSOR,3957,2024-08-27 00:46:06.886767
ESP32_ED5A4D,InferenceLayer.SENSOR,4156,2024-08-27 00:46:07.846319
ESP32_46B1A6,InferenceLayer.SENSOR,4255,2024-08-27 00:46:08.918497
ESP32_46978A,InferenceLayer.SENSOR,4000,2024-08-27 00:46:09.874308
ESP32_97C286,InferenceLayer.SENSOR,3207,2024-08-27 00:46:10.872125
ESP32_B25FE3,InferenceLayer.SENSOR,3162,2024-08-27 00:46:11.930558
ESP32_1F4D55,InferenceLayer.SENSOR,4113,2024-08-27 00:46:12.915892
ESP32_ADD36D,InferenceLayer.SENSOR,3992,2024-08-27 00:46:13.926704
ESP32_F0ACBF,InferenceLayer.SENSOR,4258,2024-08-27 00:46:14.917161
ESP32_AB192B,InferenceLayer.SENSOR,3933,2024-08-27 00:46:15.937455
ESP32_A1BC36,InferenceLayer.SENSOR,3899,2024-08-27 00:46:17.007067
ESP32_C31F5E,InferenceLayer.SENSOR,3671,2024-08-27 00:46:17.973488
ESP32_E2F3EA,InferenceLayer.SENSOR,3346,2024-08-27 00:46:18.983107
ESP32_2E88CE,InferenceLayer.SENSOR,3143,2024-08-27 00:46:19.981162
ESP32_ED5A4D,InferenceLayer.SENSOR,4084,2024-08-27 00:13:05.578390
ESP32_46B1A6,InferenceLayer.SENSOR,3881,2024-08-27 00:13:06.591362
ESP32_46978A,InferenceLayer.SENSOR,3906,2024-08-27 00:13:07.645451
ESP32_97C286,InferenceLayer.SENSOR,2817,2024-08-27 00:13:08.642196
ESP32_B25FE3,InferenceLayer.SENSOR,3814,2024-08-27 00:13:09.704204
ESP32_1F4D55,InferenceLayer.SENSOR,4105,2024-08-27 00:13:10.671767
ESP32_ADD36D,InferenceLayer.SENSOR,4607,2024-08-27 00:13:11.686065
ESP32_F0ACBF,InferenceLayer.SENSOR,1750,2024-08-27 00:13:12.690278
ESP32_AB192B,InferenceLayer.SENSOR,2739,2024-08-27 00:13:13.717657
ESP32_A1BC36,InferenceLayer.SENSOR,4209,2024-08-27 00:13:14.742626
ESP32_C31F5E,InferenceLayer.SENSOR,3353,2024-08-27 00:13:15.734403
ESP32_E2F3EA,InferenceLayer.SENSOR,3986,2024-08-27 00:13:16.724975
ESP32_2E88CE,InferenceLayer.SENSOR,3923,2024-08-27 00:13:17.726333
ESP32_615B9D,InferenceLayer.SENSOR,3893,2024-08-27 00:13:18.779594
ESP32_37E138,InferenceLayer.SENSOR,2956,2024-08-27 00:13:19.799984
ESP32_6EF35F,InferenceLayer.SENSOR,2319,2024-08-27 00:13:20.757393
ESP32_E9F15A,InferenceLayer.SENSOR,3911,2024-08-27 00:13:21.783474
ESP32_97CAE1,InferenceLayer.SENSOR,1379,2024-08-27 00:13:22.760243
ESP32_A73166,InferenceLayer.SENSOR,4022,2024-08-27 00:13:23.770544
ESP32_AABBCC,InferenceLayer.SENSOR,3893,2024-08-27 00:13:26.075664
ESP32_09B38F,InferenceLayer.SENSOR,3898,2024-08-27 00:13:27.013110
ESP32_232714,InferenceLayer.SENSOR,4049,2024-08-27 00:13:28.056418
ESP32_B57936,InferenceLayer.SENSOR,4041,2024-08-27 00:13:29.043305
ESP32_8F7400,InferenceLayer.SENSOR,3925,2024-08-27 00:13:30.071696
ESP32_3330A5,InferenceLayer.SENSOR,1683,2024-08-27 00:13:31.126483
ESP32_ED5A4D,InferenceLayer.SENSOR,3913,2024-08-27 00:13:32.066968
ESP32_46B1A6,InferenceLayer.SENSOR,1271,2024-08-27 00:13:33.072316
ESP32_46978A,InferenceLayer.SENSOR,3529,2024-08-27 00:13:34.108777
ESP32_97C286,InferenceLayer.SENSOR,1005,2024-08-27 00:13:35.112508
ESP32_B25FE3,InferenceLayer.SENSOR,3754,2024-08-27 00:13:36.152089
ESP32_1F4D55,InferenceLayer.SENSOR,898,2024-08-27 00:13:37.126815
ESP32_ADD36D,InferenceLayer.SENSOR,3971,2024-08-27 00:13:38.113957
ESP32_F0ACBF,InferenceLayer.SENSOR,4212,2024-08-27 00:13:39.149478
ESP32_AB192B,InferenceLayer.SENSOR,3923,2024-08-27 00:13:40.136302
ESP32_A1BC36,InferenceLayer.SENSOR,2993,2024-08-27 00:13:41.187616
ESP32_C31F5E,InferenceLayer.SENSOR,3973,2024-08-27 00:13:42.176605
ESP32_E2F3EA,InferenceLayer.SENSOR,3941,2024-08-27 00:13:43.159027
ESP32_2E88CE,InferenceLayer.SENSOR,4130,2024-08-27 00:13:44.182394
ESP32_615B9D,InferenceLayer.SENSOR,3867,2024-08-27 00:13:45.212465
ESP32_37E138,InferenceLayer.SENSOR,3933,2024-08-27 00:13:46.244238
ESP32_6EF35F,InferenceLayer.SENSOR,3964,2024-08-27 00:13:47.226462
ESP32_E9F15A,InferenceLayer.SENSOR,3947,2024-08-27 00:13:48.235819
ESP32_97CAE1,InferenceLayer.SENSOR,3998,2024-08-27 00:13:49.219470
ESP32_A73166,InferenceLayer.SENSOR,4046,2024-08-27 00:13:50.221531
ESP32_AABBCC,InferenceLayer.SENSOR,3885,2024-08-27 00:13:52.487907
ESP32_09B38F,InferenceLayer.SENSOR,3915,2024-08-27 00:13:53.506944
ESP32_232714,InferenceLayer.SENSOR,3908,2024-08-27 00:13:54.520104
ESP32_B57936,InferenceLayer.SENSOR,3871,2024-08-27 00:13:55.505232
ESP32_8F7400,InferenceLayer.SENSOR,3891,2024-08-27 00:13:56.510554
ESP32_3330A5,InferenceLayer.SENSOR,3891,2024-08-27 00:13:57.609958
ESP32_ED5A4D,InferenceLayer.SENSOR,3837,2024-08-27 00:13:58.527143
ESP32_46B1A6,InferenceLayer.SENSOR,4034,2024-08-27 00:13:59.538551
ESP32_46978A,InferenceLayer.SENSOR,3981,2024-08-27 00:14:00.556409
ESP32_97C286,InferenceLayer.SENSOR,4016,2024-08-27 00:14:01.590376
ESP32_B25FE3,InferenceLayer.SENSOR,3691,2024-08-27 00:14:02.644858
ESP32_1F4D55,InferenceLayer.SENSOR,3685,2024-08-27 00:14:03.581453
ESP32_ADD36D,InferenceLayer.SENSOR,4185,2024-08-27 00:14:04.585423
ESP32_F0ACBF,InferenceLayer.SENSOR,3905,2024-08-27 00:14:05.596931
ESP32_AB192B,InferenceLayer.SENSOR,3881,2024-08-27 00:14:06.605516
ESP32_A1BC36,InferenceLayer.SENSOR,4206,2024-08-27 00:14:07.679781
ESP32_C31F5E,InferenceLayer.SENSOR,3971,2024-08-27 00:14:08.664028
ESP32_E2F3EA,InferenceLayer.SENSOR,3802,2024-08-27 00:14:09.677692
ESP32_2E88CE,InferenceLayer.SENSOR,3873,2024-08-27 00:14:10.720722
ESP32_615B9D,InferenceLayer.SENSOR,3398,2024-08-27 00:14:11.696307
ESP32_37E138,InferenceLayer.SENSOR,3899,2024-08-27 00:14:12.742486
ESP32_6EF35F,InferenceLayer.SENSOR,4090,2024-08-27 00:14:13.706844
ESP32_E9F15A,InferenceLayer.SENSOR,4019,2024-08-27 00:14:14.733622
ESP32_97CAE1,InferenceLayer.SENSOR,4046,2024-08-27 00:14:15.745448
ESP32_A73166,InferenceLayer.SENSOR,2045,2024-08-27 00:14:16.740835
ESP32_AABBCC,InferenceLayer.SENSOR,2786,2024-08-27 00:14:19.042214
ESP32_09B38F,InferenceLayer.SENSOR,3951,2024-08-27 00:14:20.043096
ESP32_232714,InferenceLayer.SENSOR,3351,2024-08-27 00:14:21.025143
ESP32_B57936,InferenceLayer.SENSOR,4086,2024-08-27 00:14:22.060388
ESP32_8F7400,InferenceLayer.SENSOR,4229,2024-08-27 00:14:23.044298
ESP32_3330A5,InferenceLayer.SENSOR,3935,2024-08-27 00:14:24.142319
ESP32_ED5A4D,InferenceLayer.SENSOR,5042,2024-08-27 00:14:25.111086
ESP32_46B1A6,InferenceLayer.SENSOR,3940,2024-08-27 00:14:26.101017
ESP32_46978A,InferenceLayer.SENSOR,2634,2024-08-27 00:14:27.101445
ESP32_97C286,InferenceLayer.SENSOR,3741,2024-08-27 00:14:28.181326
ESP32_B25FE3,InferenceLayer.SENSOR,5501,2024-08-27 00:14:29.194236
ESP32_1F4D55,InferenceLayer.SENSOR,4077,2024-08-27 00:14:30.155140
ESP32_ADD36D,InferenceLayer.SENSOR,4239,2024-08-27 00:14:31.160736
ESP32_F0ACBF,InferenceLayer.SENSOR,4261,2024-08-27 00:14:32.217064
ESP32_AB192B,InferenceLayer.SENSOR,4003,2024-08-27 00:14:33.191586
ESP32_A1BC36,InferenceLayer.SENSOR,2986,2024-08-27 00:14:34.245485
ESP32_C31F5E,InferenceLayer.SENSOR,4406,2024-08-27 00:14:35.213806
ESP32_E2F3EA,InferenceLayer.SENSOR,2351,2024-08-27 00:14:36.268992
ESP32_2E88CE,InferenceLayer.SENSOR,4309,2024-08-27 00:14:37.290344
ESP32_615B9D,InferenceLayer.SENSOR,3482,2024-08-27 00:14:38.300888
ESP32_37E138,InferenceLayer.SENSOR,1764,2024-08-27 00:14:39.331863
ESP32_6EF35F,InferenceLayer.SENSOR,3996,2024-08-27 00:14:40.288465
ESP32_E9F15A,InferenceLayer.SENSOR,1266,2024-08-27 00:14:41.308169
ESP32_97CAE1,InferenceLayer.SENSOR,3996,2024-08-27 00:14:42.316842
ESP32_A73166,InferenceLayer.SENSOR,1041,2024-08-27 00:14:43.320185
ESP32_AABBCC,InferenceLayer.SENSOR,4136,2024-08-27 00:14:45.645719
ESP32_09B38F,InferenceLayer.SENSOR,3921,2024-08-27 00:14:46.621948
ESP32_232714,InferenceLayer.SENSOR,3859,2024-08-27 00:14:47.635114
ESP32_B57936,InferenceLayer.SENSOR,2640,2024-08-27 00:14:48.615220
ESP32_8F7400,InferenceLayer.SENSOR,1850,2024-08-27 00:14:49.610304
ESP32_3330A5,InferenceLayer.SENSOR,3716,2024-08-27 00:14:50.701733
ESP32_ED5A4D,InferenceLayer.SENSOR,1308,2024-08-27 00:14:51.765505
ESP32_46B1A6,InferenceLayer.SENSOR,3817,2024-08-27 00:14:52.650842
ESP32_46978A,InferenceLayer.SENSOR,917,2024-08-27 00:14:53.674859
ESP32_97C286,InferenceLayer.SENSOR,3719,2024-08-27 00:14:54.752355
ESP32_B25FE3,InferenceLayer.SENSOR,940,2024-08-27 00:14:55.770713
ESP32_1F4D55,InferenceLayer.SENSOR,3906,2024-08-27 00:14:56.709397
ESP32_ADD36D,InferenceLayer.SENSOR,1012,2024-08-27 00:14:57.730947
ESP32_F0ACBF,InferenceLayer.SENSOR,4136,2024-08-27 00:14:58.737302
ESP32_AB192B,InferenceLayer.SENSOR,3012,2024-08-27 00:14:59.730068
ESP32_A1BC36,InferenceLayer.SENSOR,3966,2024-08-27 00:15:00.803493
ESP32_C31F5E,InferenceLayer.SENSOR,4107,2024-08-27 00:15:01.801561
ESP32_E2F3EA,InferenceLayer.SENSOR,3937,2024-08-27 00:15:02.821368
ESP32_2E88CE,InferenceLayer.SENSOR,3796,2024-08-27 00:15:03.815270
ESP32_615B9D,InferenceLayer.SENSOR,3897,2024-08-27 00:15:04.823933
ESP32_37E138,InferenceLayer.SENSOR,3924,2024-08-27 00:15:05.865924
ESP32_6EF35F,InferenceLayer.SENSOR,4000,2024-08-27 00:15:06.870255
ESP32_E9F15A,InferenceLayer.SENSOR,4106,2024-08-27 00:15:07.848018
ESP32_97CAE1,InferenceLayer.SENSOR,1749,2024-08-27 00:15:08.860768
ESP32_A73166,InferenceLayer.SENSOR,3669,2024-08-27 00:15:09.882018
ESP32_AABBCC,InferenceLayer.SENSOR,3864,2024-08-27 00:15:12.201115
ESP32_09B38F,InferenceLayer.SENSOR,2887,2024-08-27 00:15:13.162652
ESP32_232714,InferenceLayer.SENSOR,3568,2024-08-27 00:15:14.163646
ESP32_B57936,InferenceLayer.SENSOR,3928,2024-08-27 00:15:15.170243
ESP32_8F7400,InferenceLayer.SENSOR,4161,2024-08-27 00:15:16.175273
ESP32_3330A5,InferenceLayer.SENSOR,3930,2024-08-27 00:15:17.267595
ESP32_ED5A4D,InferenceLayer.SENSOR,3667,2024-08-27 00:15:18.212597
ESP32_46B1A6,InferenceLayer.SENSOR,3932,2024-08-27 00:15:19.245296
ESP32_46978A,InferenceLayer.SENSOR,3922,2024-08-27 00:15:20.281426
ESP32_97C286,InferenceLayer.SENSOR,3756,2024-08-27 00:15:21.276850
ESP32_B25FE3,InferenceLayer.SENSOR,3935,2024-08-27 00:15:22.313199
ESP32_1F4D55,InferenceLayer.SENSOR,3891,2024-08-27 00:15:23.289708
ESP32_ADD36D,InferenceLayer.SENSOR,3908,2024-08-27 00:15:24.290959
ESP32_F0ACBF,InferenceLayer.SENSOR,3877,2024-08-27 00:15:25.306975
ESP32_AB192B,InferenceLayer.SENSOR,4098,2024-08-27 00:15:26.324054
ESP32_A1BC36,InferenceLayer.SENSOR,3927,2024-08-27 00:15:27.379466
ESP32_C31F5E,InferenceLayer.SENSOR,3870,2024-08-27 00:15:28.375082
ESP32_E2F3EA,InferenceLayer.SENSOR,4006,2024-08-27 00:15:29.366999
ESP32_2E88CE,InferenceLayer.SENSOR,3962,2024-08-27 00:15:30.373930
ESP32_615B9D,InferenceLayer.SENSOR,20192,2024-08-27 00:15:31.428063
ESP32_37E138,InferenceLayer.SENSOR,4160,2024-08-27 00:15:32.497312
ESP32_6EF35F,InferenceLayer.SENSOR,3327,2024-08-27 00:15:33.434639
ESP32_E9F15A,InferenceLayer.SENSOR,3906,2024-08-27 00:15:34.475559
ESP32_97CAE1,InferenceLayer.SENSOR,3974,2024-08-27 00:15:35.486687
ESP32_A73166,InferenceLayer.SENSOR,946,2024-08-27 00:15:36.523247
ESP32_AABBCC,InferenceLayer.SENSOR,3881,2024-08-27 00:15:38.792942
ESP32_09B38F,InferenceLayer.SENSOR,1748,2024-08-27 00:15:39.764482
ESP32_232714,InferenceLayer.SENSOR,3590,2024-08-27 00:15:40.750237
ESP32_B57936,InferenceLayer.SENSOR,3792,2024-08-27 00:15:41.768542
ESP32_8F7400,InferenceLayer.SENSOR,3135,2024-08-27 00:15:42.818066
ESP32_3330A5,InferenceLayer.SENSOR,1664,2024-08-27 00:15:43.845046
ESP32_ED5A4D,InferenceLayer.SENSOR,3972,2024-08-27 00:15:44.813001
ESP32_46B1A6,InferenceLayer.SENSOR,2687,2024-08-27 00:15:45.855828
ESP32_46978A,InferenceLayer.SENSOR,3923,2024-08-27 00:15:46.880967
ESP32_97C286,InferenceLayer.SENSOR,3948,2024-08-27 00:15:47.856518
ESP32_B25FE3,InferenceLayer.SENSOR,3975,2024-08-27 00:15:48.914329
ESP32_1F4D55,InferenceLayer.SENSOR,3899,2024-08-27 00:15:49.878493
ESP32_ADD36D,InferenceLayer.SENSOR,3938,2024-08-27 00:15:50.914802
ESP32_F0ACBF,InferenceLayer.SENSOR,3945,2024-08-27 00:15:51.979423
ESP32_AB192B,InferenceLayer.SENSOR,3611,2024-08-27 00:15:52.915414
ESP32_A1BC36,InferenceLayer.SENSOR,4041,2024-08-27 00:15:53.985647
ESP32_C31F5E,InferenceLayer.SENSOR,3877,2024-08-27 00:15:55.012669
ESP32_E2F3EA,InferenceLayer.SENSOR,3083,2024-08-27 00:15:55.968986
ESP32_2E88CE,InferenceLayer.SENSOR,1852,2024-08-27 00:15:56.993473
ESP32_615B9D,InferenceLayer.SENSOR,3552,2024-08-27 00:15:57.991611
ESP32_37E138,InferenceLayer.SENSOR,3796,2024-08-27 00:15:59.062374
ESP32_6EF35F,InferenceLayer.SENSOR,3125,2024-08-27 00:16:00.028256
ESP32_E9F15A,InferenceLayer.SENSOR,4222,2024-08-27 00:16:01.047743
ESP32_97CAE1,InferenceLayer.SENSOR,3888,2024-08-27 00:16:02.070546
ESP32_A73166,InferenceLayer.SENSOR,3889,2024-08-27 00:16:03.099309
ESP32_615B9D,InferenceLayer.SENSOR,2955,2024-08-27 00:46:20.966832
ESP32_37E138,InferenceLayer.SENSOR,3261,2024-08-27 00:46:22.030883
ESP32_6EF35F,InferenceLayer.SENSOR,4050,2024-08-27 00:46:22.989046
ESP32_E9F15A,InferenceLayer.SENSOR,3529,2024-08-27 00:46:24.008161
ESP32_97CAE1,InferenceLayer.SENSOR,4771,2024-08-27 00:46:25.045950
ESP32_A73166,InferenceLayer.SENSOR,3196,2024-08-27 00:46:26.028163
ESP32_AABBCC,InferenceLayer.SENSOR,889,2024-08-27 00:46:28.275377
ESP32_09B38F,InferenceLayer.SENSOR,4214,2024-08-27 00:46:29.248874
ESP32_232714,InferenceLayer.SENSOR,4134,2024-08-27 00:46:30.275707
ESP32_B57936,InferenceLayer.SENSOR,2804,2024-08-27 00:46:31.285303
ESP32_8F7400,InferenceLayer.SENSOR,4072,2024-08-27 00:46:32.275821
ESP32_3330A5,InferenceLayer.SENSOR,1140,2024-08-27 00:46:33.319911
ESP32_ED5A4D,InferenceLayer.SENSOR,3032,2024-08-27 00:46:34.318224
ESP32_46B1A6,InferenceLayer.SENSOR,3909,2024-08-27 00:46:35.323846
ESP32_46978A,InferenceLayer.SENSOR,3968,2024-08-27 00:46:36.294220
ESP32_97C286,InferenceLayer.SENSOR,3943,2024-08-27 00:46:37.339557
ESP32_B25FE3,InferenceLayer.SENSOR,1476,2024-08-27 00:46:38.380473
ESP32_1F4D55,InferenceLayer.SENSOR,3967,2024-08-27 00:46:39.367358
ESP32_ADD36D,InferenceLayer.SENSOR,3919,2024-08-27 00:46:40.373079
ESP32_F0ACBF,InferenceLayer.SENSOR,1961,2024-08-27 00:46:41.344193
ESP32_AB192B,InferenceLayer.SENSOR,3958,2024-08-27 00:46:42.394783
ESP32_A1BC36,InferenceLayer.SENSOR,1377,2024-08-27 00:46:43.437696
ESP32_C31F5E,InferenceLayer.SENSOR,4034,2024-08-27 00:46:44.379008
ESP32_E2F3EA,InferenceLayer.SENSOR,1256,2024-08-27 00:46:45.374799
ESP32_2E88CE,InferenceLayer.SENSOR,4103,2024-08-27 00:46:46.418864
ESP32_615B9D,InferenceLayer.SENSOR,1065,2024-08-27 00:46:47.398495
ESP32_37E138,InferenceLayer.SENSOR,4045,2024-08-27 00:46:48.464729
ESP32_6EF35F,InferenceLayer.SENSOR,1047,2024-08-27 00:46:49.440323
ESP32_E9F15A,InferenceLayer.SENSOR,3061,2024-08-27 00:46:50.479324
ESP32_97CAE1,InferenceLayer.SENSOR,4039,2024-08-27 00:46:51.433132
ESP32_A73166,InferenceLayer.SENSOR,3944,2024-08-27 00:46:52.447689
ESP32_AABBCC,InferenceLayer.SENSOR,1200,2024-08-27 00:46:54.747754
ESP32_09B38F,InferenceLayer.SENSOR,1072,2024-08-27 00:46:55.657253
ESP32_232714,InferenceLayer.SENSOR,2910,2024-08-27 00:46:56.684027
ESP32_B57936,InferenceLayer.SENSOR,930,2024-08-27 00:46:57.696332
ESP32_8F7400,InferenceLayer.SENSOR,2498,2024-08-27 00:46:58.699085
ESP32_3330A5,InferenceLayer.SENSOR,1406,2024-08-27 00:46:59.779491
ESP32_ED5A4D,InferenceLayer.SENSOR,2843,2024-08-27 00:47:00.722736
ESP32_46B1A6,InferenceLayer.SENSOR,2748,2024-08-27 00:47:01.704712
ESP32_46978A,InferenceLayer.SENSOR,4958,2024-08-27 00:47:02.763753
ESP32_97C286,InferenceLayer.SENSOR,4864,2024-08-27 00:47:03.752356
ESP32_B25FE3,InferenceLayer.SENSOR,2877,2024-08-27 00:47:04.794528
ESP32_6EF35F,InferenceLayer.SENSOR,3620,2024-08-27 00:56:32.406341
ESP32_E9F15A,InferenceLayer.SENSOR,4161,2024-08-27 00:56:33.410813
ESP32_97CAE1,InferenceLayer.SENSOR,4025,2024-08-27 00:56:34.418265
ESP32_A73166,InferenceLayer.SENSOR,4180,2024-08-27 00:56:35.493526
ESP32_AABBCC,InferenceLayer.SENSOR,4060,2024-08-27 00:56:37.756086
ESP32_09B38F,InferenceLayer.SENSOR,3197,2024-08-27 00:56:38.675327
ESP32_232714,InferenceLayer.SENSOR,3764,2024-08-27 00:56:39.777812
ESP32_B57936,InferenceLayer.SENSOR,2505,2024-08-27 00:56:40.710323
ESP32_8F7400,InferenceLayer.SENSOR,2755,2024-08-27 00:56:41.716743
ESP32_3330A5,InferenceLayer.SENSOR,3150,2024-08-27 00:56:42.822986
ESP32_ED5A4D,InferenceLayer.SENSOR,4761,2024-08-27 00:56:43.744717
ESP32_46B1A6,InferenceLayer.SENSOR,4123,2024-08-27 00:56:44.807381
ESP32_46978A,InferenceLayer.SENSOR,3777,2024-08-27 00:56:45.792963
ESP32_97C286,InferenceLayer.SENSOR,4038,2024-08-27 00:56:46.798697
ESP32_B25FE3,InferenceLayer.SENSOR,3994,2024-08-27 00:56:47.867086
ESP32_1F4D55,InferenceLayer.SENSOR,947,2024-08-27 00:56:48.812504
ESP32_ADD36D,InferenceLayer.SENSOR,4078,2024-08-27 00:56:49.828549
ESP32_F0ACBF,InferenceLayer.SENSOR,3965,2024-08-27 00:56:50.858738
ESP32_AB192B,InferenceLayer.SENSOR,4254,2024-08-27 00:56:51.928792
ESP32_A1BC36,InferenceLayer.SENSOR,3950,2024-08-27 00:56:52.960090
ESP32_C31F5E,InferenceLayer.SENSOR,934,2024-08-27 00:56:53.896840
ESP32_E2F3EA,InferenceLayer.SENSOR,3978,2024-08-27 00:56:54.900275
ESP32_2E88CE,InferenceLayer.SENSOR,3898,2024-08-27 00:56:55.924441
ESP32_615B9D,InferenceLayer.SENSOR,2114,2024-08-27 00:56:56.919262
ESP32_37E138,InferenceLayer.SENSOR,4106,2024-08-27 00:56:58.013574
ESP32_6EF35F,InferenceLayer.SENSOR,1493,2024-08-27 00:56:58.933573
ESP32_E9F15A,InferenceLayer.SENSOR,4162,2024-08-27 00:56:59.955913
ESP32_97CAE1,InferenceLayer.SENSOR,1026,2024-08-27 00:57:00.968628
ESP32_A73166,InferenceLayer.SENSOR,3963,2024-08-27 00:57:02.042795
ESP32_AABBCC,InferenceLayer.SENSOR,1313,2024-08-27 00:57:04.236877
ESP32_09B38F,InferenceLayer.SENSOR,3976,2024-08-27 00:57:05.223889
ESP32_232714,InferenceLayer.SENSOR,4143,2024-08-27 00:57:06.242548
ESP32_AABBCC,InferenceLayer.SENSOR,3903,2024-08-27 00:16:05.391438
ESP32_09B38F,InferenceLayer.SENSOR,3904,2024-08-27 00:16:06.324440
ESP32_232714,InferenceLayer.SENSOR,3888,2024-08-27 00:16:07.331264
ESP32_B57936,InferenceLayer.SENSOR,3918,2024-08-27 00:16:08.347680
ESP32_8F7400,InferenceLayer.SENSOR,3842,2024-08-27 00:16:09.355288
ESP32_3330A5,InferenceLayer.SENSOR,3876,2024-08-27 00:16:10.441366
ESP32_ED5A4D,InferenceLayer.SENSOR,3953,2024-08-27 00:16:11.390515
ESP32_46B1A6,InferenceLayer.SENSOR,3916,2024-08-27 00:16:12.436190
ESP32_46978A,InferenceLayer.SENSOR,3829,2024-08-27 00:16:13.407694
ESP32_97C286,InferenceLayer.SENSOR,2619,2024-08-27 00:16:14.459867
ESP32_B25FE3,InferenceLayer.SENSOR,3908,2024-08-27 00:16:15.492503
ESP32_1F4D55,InferenceLayer.SENSOR,928,2024-08-27 00:16:16.452336
ESP32_ADD36D,InferenceLayer.SENSOR,4156,2024-08-27 00:16:17.466376
ESP32_F0ACBF,InferenceLayer.SENSOR,886,2024-08-27 00:16:18.498850
ESP32_AB192B,InferenceLayer.SENSOR,2774,2024-08-27 00:16:19.516137
ESP32_A1BC36,InferenceLayer.SENSOR,1120,2024-08-27 00:16:20.595422
ESP32_C31F5E,InferenceLayer.SENSOR,950,2024-08-27 00:16:21.504057
ESP32_E2F3EA,InferenceLayer.SENSOR,849,2024-08-27 00:16:22.528269
ESP32_2E88CE,InferenceLayer.SENSOR,3789,2024-08-27 00:16:23.559996
ESP32_615B9D,InferenceLayer.SENSOR,1293,2024-08-27 00:16:24.553214
ESP32_37E138,InferenceLayer.SENSOR,3988,2024-08-27 00:16:25.606791
ESP32_6EF35F,InferenceLayer.SENSOR,1062,2024-08-27 00:16:26.575768
ESP32_E9F15A,InferenceLayer.SENSOR,3009,2024-08-27 00:16:27.617458
ESP32_97CAE1,InferenceLayer.SENSOR,3864,2024-08-27 00:16:28.640786
ESP32_A73166,InferenceLayer.SENSOR,3889,2024-08-27 00:16:29.611443
ESP32_AABBCC,InferenceLayer.SENSOR,1755,2024-08-27 00:16:31.921349
ESP32_09B38F,InferenceLayer.SENSOR,897,2024-08-27 00:16:32.882897
ESP32_232714,InferenceLayer.SENSOR,3944,2024-08-27 00:16:33.862903
ESP32_B57936,InferenceLayer.SENSOR,1290,2024-08-27 00:16:34.880198
ESP32_8F7400,InferenceLayer.SENSOR,1416,2024-08-27 00:16:35.916463
ESP32_3330A5,InferenceLayer.SENSOR,3327,2024-08-27 00:16:36.970260
ESP32_ED5A4D,InferenceLayer.SENSOR,2857,2024-08-27 00:16:37.975102
ESP32_46B1A6,InferenceLayer.SENSOR,3960,2024-08-27 00:16:38.948608
ESP32_46978A,InferenceLayer.SENSOR,3968,2024-08-27 00:16:39.953760
ESP32_97C286,InferenceLayer.SENSOR,3153,2024-08-27 00:16:40.970650
ESP32_B25FE3,InferenceLayer.SENSOR,3968,2024-08-27 00:16:42.027186
ESP32_1F4D55,InferenceLayer.SENSOR,4003,2024-08-27 00:16:43.024992
ESP32_ADD36D,InferenceLayer.SENSOR,3893,2024-08-27 00:16:44.024244
ESP32_F0ACBF,InferenceLayer.SENSOR,4040,2024-08-27 00:16:45.045233
ESP32_AB192B,InferenceLayer.SENSOR,3108,2024-08-27 00:16:46.057560
ESP32_A1BC36,InferenceLayer.SENSOR,3897,2024-08-27 00:16:47.093442
ESP32_C31F5E,InferenceLayer.SENSOR,3921,2024-08-27 00:16:48.061305
ESP32_E2F3EA,InferenceLayer.SENSOR,3667,2024-08-27 00:16:49.071174
ESP32_2E88CE,InferenceLayer.SENSOR,3910,2024-08-27 00:16:50.087406
ESP32_615B9D,InferenceLayer.SENSOR,3889,2024-08-27 00:16:51.112094
ESP32_37E138,InferenceLayer.SENSOR,3965,2024-08-27 00:16:52.213909
ESP32_6EF35F,InferenceLayer.SENSOR,3943,2024-08-27 00:16:53.160069
ESP32_E9F15A,InferenceLayer.SENSOR,4317,2024-08-27 00:16:54.158717
ESP32_97CAE1,InferenceLayer.SENSOR,3905,2024-08-27 00:16:55.185736
ESP32_A73166,InferenceLayer.SENSOR,3867,2024-08-27 00:16:56.210983
ESP32_AABBCC,InferenceLayer.SENSOR,3879,2024-08-27 00:16:58.519552
ESP32_09B38F,InferenceLayer.SENSOR,3933,2024-08-27 00:16:59.439511
ESP32_232714,InferenceLayer.SENSOR,3953,2024-08-27 00:17:00.461966
ESP32_B57936,InferenceLayer.SENSOR,3819,2024-08-27 00:17:01.478441
ESP32_8F7400,InferenceLayer.SENSOR,3895,2024-08-27 00:17:02.491277
ESP32_3330A5,InferenceLayer.SENSOR,3827,2024-08-27 00:17:03.569573
ESP32_ED5A4D,InferenceLayer.SENSOR,3929,2024-08-27 00:17:04.569669
ESP32_46B1A6,InferenceLayer.SENSOR,3895,2024-08-27 00:17:05.542186
ESP32_46978A,InferenceLayer.SENSOR,750,2024-08-27 00:17:06.528381
ESP32_97C286,InferenceLayer.SENSOR,3479,2024-08-27 00:17:07.549402
ESP32_B25FE3,InferenceLayer.SENSOR,3905,2024-08-27 00:17:08.634310
ESP32_1F4D55,InferenceLayer.SENSOR,3833,2024-08-27 00:17:09.595371
ESP32_ADD36D,InferenceLayer.SENSOR,3892,2024-08-27 00:17:10.620739
ESP32_F0ACBF,InferenceLayer.SENSOR,1036,2024-08-27 00:17:11.604617
ESP32_AB192B,InferenceLayer.SENSOR,3938,2024-08-27 00:17:12.693065
ESP32_A1BC36,InferenceLayer.SENSOR,3727,2024-08-27 00:17:13.694910
ESP32_C31F5E,InferenceLayer.SENSOR,4015,2024-08-27 00:17:14.676856
ESP32_E2F3EA,InferenceLayer.SENSOR,3255,2024-08-27 00:17:15.671480
ESP32_2E88CE,InferenceLayer.SENSOR,1419,2024-08-27 00:17:16.678117
ESP32_615B9D,InferenceLayer.SENSOR,3440,2024-08-27 00:17:17.718711
ESP32_37E138,InferenceLayer.SENSOR,3105,2024-08-27 00:17:18.760324
ESP32_6EF35F,InferenceLayer.SENSOR,3283,2024-08-27 00:17:19.709482
ESP32_E9F15A,InferenceLayer.SENSOR,2711,2024-08-27 00:17:20.768596
ESP32_97CAE1,InferenceLayer.SENSOR,2638,2024-08-27 00:17:21.744463
ESP32_A73166,InferenceLayer.SENSOR,3798,2024-08-27 00:17:22.746386
ESP32_AABBCC,InferenceLayer.SENSOR,3911,2024-08-27 00:17:25.087903
ESP32_09B38F,InferenceLayer.SENSOR,3201,2024-08-27 00:17:26.027773
ESP32_232714,InferenceLayer.SENSOR,3377,2024-08-27 00:17:27.017351
ESP32_B57936,InferenceLayer.SENSOR,3618,2024-08-27 00:17:28.068770
ESP32_8F7400,InferenceLayer.SENSOR,3715,2024-08-27 00:17:29.080919
ESP32_3330A5,InferenceLayer.SENSOR,3858,2024-08-27 00:17:30.175264
ESP32_ED5A4D,InferenceLayer.SENSOR,3952,2024-08-27 00:17:31.087504
ESP32_46B1A6,InferenceLayer.SENSOR,3733,2024-08-27 00:17:32.131558
ESP32_46978A,InferenceLayer.SENSOR,3992,2024-08-27 00:17:33.124049
ESP32_97C286,InferenceLayer.SENSOR,3814,2024-08-27 00:17:34.139688
ESP32_B25FE3,InferenceLayer.SENSOR,3889,2024-08-27 00:17:35.195469
ESP32_1F4D55,InferenceLayer.SENSOR,3877,2024-08-27 00:17:36.147951
ESP32_ADD36D,InferenceLayer.SENSOR,3032,2024-08-27 00:17:37.178121
ESP32_F0ACBF,InferenceLayer.SENSOR,3908,2024-08-27 00:17:38.223330
ESP32_AB192B,InferenceLayer.SENSOR,3867,2024-08-27 00:17:39.195570
ESP32_A1BC36,InferenceLayer.SENSOR,3573,2024-08-27 00:17:40.271731
ESP32_C31F5E,InferenceLayer.SENSOR,1697,2024-08-27 00:17:41.257930
ESP32_E2F3EA,InferenceLayer.SENSOR,3909,2024-08-27 00:17:42.272960
ESP32_2E88CE,InferenceLayer.SENSOR,1279,2024-08-27 00:17:43.254243
ESP32_615B9D,InferenceLayer.SENSOR,4144,2024-08-27 00:17:44.301350
ESP32_37E138,InferenceLayer.SENSOR,1032,2024-08-27 00:17:45.359592
ESP32_6EF35F,InferenceLayer.SENSOR,3569,2024-08-27 00:17:46.326784
ESP32_E9F15A,InferenceLayer.SENSOR,1018,2024-08-27 00:17:47.313185
ESP32_97CAE1,InferenceLayer.SENSOR,3767,2024-08-27 00:17:48.344113
ESP32_A73166,InferenceLayer.SENSOR,1302,2024-08-27 00:17:49.332992
ESP32_AABBCC,InferenceLayer.SENSOR,836,2024-08-27 00:17:51.562044
ESP32_09B38F,InferenceLayer.SENSOR,3966,2024-08-27 00:17:52.581344
ESP32_232714,InferenceLayer.SENSOR,1221,2024-08-27 00:17:53.618609
ESP32_B57936,InferenceLayer.SENSOR,3843,2024-08-27 00:17:54.623883
ESP32_8F7400,InferenceLayer.SENSOR,974,2024-08-27 00:17:55.659259
ESP32_3330A5,InferenceLayer.SENSOR,968,2024-08-27 00:17:56.711949
ESP32_ED5A4D,InferenceLayer.SENSOR,928,2024-08-27 00:17:57.631667
ESP32_46B1A6,InferenceLayer.SENSOR,3920,2024-08-27 00:17:58.650258
ESP32_46978A,InferenceLayer.SENSOR,1233,2024-08-27 00:17:59.656886
ESP32_97C286,InferenceLayer.SENSOR,4269,2024-08-27 00:18:00.683092
ESP32_B25FE3,InferenceLayer.SENSOR,1090,2024-08-27 00:18:01.738700
ESP32_1F4D55,InferenceLayer.SENSOR,3934,2024-08-27 00:18:02.745420
ESP32_ADD36D,InferenceLayer.SENSOR,3892,2024-08-27 00:18:03.718906
ESP32_F0ACBF,InferenceLayer.SENSOR,3984,2024-08-27 00:18:04.792806
ESP32_AB192B,InferenceLayer.SENSOR,3868,2024-08-27 00:18:05.763660
ESP32_A1BC36,InferenceLayer.SENSOR,1497,2024-08-27 00:18:06.809847
ESP32_C31F5E,InferenceLayer.SENSOR,3565,2024-08-27 00:18:07.782995
ESP32_E2F3EA,InferenceLayer.SENSOR,3864,2024-08-27 00:18:08.796991
ESP32_2E88CE,InferenceLayer.SENSOR,3942,2024-08-27 00:18:09.799402
ESP32_615B9D,InferenceLayer.SENSOR,4077,2024-08-27 00:18:10.849027
ESP32_37E138,InferenceLayer.SENSOR,4373,2024-08-27 00:18:11.901060
ESP32_6EF35F,InferenceLayer.SENSOR,3941,2024-08-27 00:18:12.878586
ESP32_E9F15A,InferenceLayer.SENSOR,4014,2024-08-27 00:18:13.848127
ESP32_97CAE1,InferenceLayer.SENSOR,3912,2024-08-27 00:18:14.873635
ESP32_A73166,InferenceLayer.SENSOR,3901,2024-08-27 00:18:15.917238
ESP32_AABBCC,InferenceLayer.SENSOR,3954,2024-08-27 00:18:18.203999
ESP32_09B38F,InferenceLayer.SENSOR,4219,2024-08-27 00:18:19.148267
ESP32_232714,InferenceLayer.SENSOR,2299,2024-08-27 00:18:20.184028
ESP32_B57936,InferenceLayer.SENSOR,3974,2024-08-27 00:18:21.178370
ESP32_8F7400,InferenceLayer.SENSOR,3922,2024-08-27 00:18:22.251888
ESP32_3330A5,InferenceLayer.SENSOR,3890,2024-08-27 00:18:23.285495
ESP32_ED5A4D,InferenceLayer.SENSOR,3877,2024-08-27 00:18:24.215175
ESP32_46B1A6,InferenceLayer.SENSOR,3893,2024-08-27 00:18:25.243797
ESP32_46978A,InferenceLayer.SENSOR,3868,2024-08-27 00:18:26.262760
ESP32_97C286,InferenceLayer.SENSOR,3903,2024-08-27 00:18:27.286737
ESP32_B25FE3,InferenceLayer.SENSOR,3890,2024-08-27 00:18:28.328583
ESP32_1F4D55,InferenceLayer.SENSOR,2772,2024-08-27 00:18:29.323429
ESP32_ADD36D,InferenceLayer.SENSOR,3855,2024-08-27 00:18:30.332175
ESP32_F0ACBF,InferenceLayer.SENSOR,4071,2024-08-27 00:18:31.324851
ESP32_AB192B,InferenceLayer.SENSOR,3899,2024-08-27 00:18:32.335681
ESP32_A1BC36,InferenceLayer.SENSOR,3898,2024-08-27 00:18:33.402582
ESP32_C31F5E,InferenceLayer.SENSOR,3592,2024-08-27 00:18:34.373395
ESP32_E2F3EA,InferenceLayer.SENSOR,3881,2024-08-27 00:18:35.393867
ESP32_2E88CE,InferenceLayer.SENSOR,3937,2024-08-27 00:18:36.405726
ESP32_615B9D,InferenceLayer.SENSOR,3876,2024-08-27 00:18:37.436669
ESP32_37E138,InferenceLayer.SENSOR,2915,2024-08-27 00:18:38.507291
ESP32_6EF35F,InferenceLayer.SENSOR,3941,2024-08-27 00:18:39.455128
ESP32_E9F15A,InferenceLayer.SENSOR,2692,2024-08-27 00:18:40.478435
ESP32_97CAE1,InferenceLayer.SENSOR,4107,2024-08-27 00:18:41.468025
ESP32_A73166,InferenceLayer.SENSOR,4014,2024-08-27 00:18:42.469291
ESP32_AABBCC,InferenceLayer.SENSOR,4501,2024-08-27 00:18:44.792584
ESP32_09B38F,InferenceLayer.SENSOR,3471,2024-08-27 00:18:45.764147
ESP32_232714,InferenceLayer.SENSOR,1033,2024-08-27 00:18:46.747311
ESP32_B57936,InferenceLayer.SENSOR,4012,2024-08-27 00:18:47.821824
ESP32_8F7400,InferenceLayer.SENSOR,3909,2024-08-27 00:18:48.773768
ESP32_3330A5,InferenceLayer.SENSOR,3904,2024-08-27 00:18:49.838062
ESP32_ED5A4D,InferenceLayer.SENSOR,3924,2024-08-27 00:18:50.805559
ESP32_46B1A6,InferenceLayer.SENSOR,1794,2024-08-27 00:18:51.905748
ESP32_46978A,InferenceLayer.SENSOR,4109,2024-08-27 00:18:52.845795
ESP32_97C286,InferenceLayer.SENSOR,3968,2024-08-27 00:18:53.855108
ESP32_B25FE3,InferenceLayer.SENSOR,2803,2024-08-27 00:18:54.932691
ESP32_1F4D55,InferenceLayer.SENSOR,3860,2024-08-27 00:18:55.905068
ESP32_ADD36D,InferenceLayer.SENSOR,3721,2024-08-27 00:18:56.877073
ESP32_F0ACBF,InferenceLayer.SENSOR,4034,2024-08-27 00:18:57.914522
ESP32_AB192B,InferenceLayer.SENSOR,3686,2024-08-27 00:18:58.914261
ESP32_A1BC36,InferenceLayer.SENSOR,3956,2024-08-27 00:18:59.985193
ESP32_C31F5E,InferenceLayer.SENSOR,3948,2024-08-27 00:19:00.944593
ESP32_E2F3EA,InferenceLayer.SENSOR,4215,2024-08-27 00:19:01.972262
ESP32_2E88CE,InferenceLayer.SENSOR,4212,2024-08-27 00:19:02.973386
ESP32_615B9D,InferenceLayer.SENSOR,4039,2024-08-27 00:19:04.010023
ESP32_37E138,InferenceLayer.SENSOR,3981,2024-08-27 00:19:05.032417
ESP32_1F4D55,InferenceLayer.SENSOR,2536,2024-08-27 00:47:05.769908
ESP32_ADD36D,InferenceLayer.SENSOR,2911,2024-08-27 00:47:06.739906
ESP32_F0ACBF,InferenceLayer.SENSOR,3460,2024-08-27 00:47:07.794109
ESP32_AB192B,InferenceLayer.SENSOR,2556,2024-08-27 00:47:08.777476
ESP32_A1BC36,InferenceLayer.SENSOR,2788,2024-08-27 00:47:09.836173
ESP32_C31F5E,InferenceLayer.SENSOR,2826,2024-08-27 00:47:10.789121
ESP32_E2F3EA,InferenceLayer.SENSOR,4718,2024-08-27 00:47:11.796199
ESP32_2E88CE,InferenceLayer.SENSOR,3972,2024-08-27 00:47:12.813934
ESP32_615B9D,InferenceLayer.SENSOR,2942,2024-08-27 00:47:13.849167
ESP32_37E138,InferenceLayer.SENSOR,2842,2024-08-27 00:47:14.940357
ESP32_6EF35F,InferenceLayer.SENSOR,4026,2024-08-27 00:47:15.838500
ESP32_E9F15A,InferenceLayer.SENSOR,2662,2024-08-27 00:47:16.902379
ESP32_97CAE1,InferenceLayer.SENSOR,2978,2024-08-27 00:47:17.856653
ESP32_A73166,InferenceLayer.SENSOR,3262,2024-08-27 00:47:18.867474
ESP32_AABBCC,InferenceLayer.SENSOR,3223,2024-08-27 00:47:21.142400
ESP32_09B38F,InferenceLayer.SENSOR,3284,2024-08-27 00:47:22.084610
ESP32_232714,InferenceLayer.SENSOR,3575,2024-08-27 00:47:23.092620
ESP32_B57936,InferenceLayer.SENSOR,4086,2024-08-27 00:47:24.139656
ESP32_8F7400,InferenceLayer.SENSOR,3482,2024-08-27 00:47:25.147206
ESP32_3330A5,InferenceLayer.SENSOR,4072,2024-08-27 00:47:26.218071
ESP32_ED5A4D,InferenceLayer.SENSOR,4264,2024-08-27 00:47:27.157767
ESP32_46B1A6,InferenceLayer.SENSOR,4165,2024-08-27 00:47:28.160116
ESP32_46978A,InferenceLayer.SENSOR,4000,2024-08-27 00:47:29.154180
ESP32_97C286,InferenceLayer.SENSOR,4184,2024-08-27 00:47:30.177242
ESP32_B25FE3,InferenceLayer.SENSOR,2901,2024-08-27 00:47:31.229593
ESP32_1F4D55,InferenceLayer.SENSOR,3921,2024-08-27 00:47:32.205973
ESP32_ADD36D,InferenceLayer.SENSOR,1617,2024-08-27 00:47:33.190435
ESP32_F0ACBF,InferenceLayer.SENSOR,4099,2024-08-27 00:47:34.262841
ESP32_AB192B,InferenceLayer.SENSOR,3423,2024-08-27 00:47:35.240757
ESP32_A1BC36,InferenceLayer.SENSOR,3212,2024-08-27 00:47:36.277257
ESP32_C31F5E,InferenceLayer.SENSOR,3997,2024-08-27 00:47:37.229918
ESP32_E2F3EA,InferenceLayer.SENSOR,778,2024-08-27 00:47:38.237838
ESP32_2E88CE,InferenceLayer.SENSOR,3839,2024-08-27 00:47:39.252046
ESP32_615B9D,InferenceLayer.SENSOR,3922,2024-08-27 00:47:40.291030
ESP32_37E138,InferenceLayer.SENSOR,2893,2024-08-27 00:47:41.339153
ESP32_6EF35F,InferenceLayer.SENSOR,3225,2024-08-27 00:47:42.311013
ESP32_E9F15A,InferenceLayer.SENSOR,1069,2024-08-27 00:47:43.295641
ESP32_97CAE1,InferenceLayer.SENSOR,3380,2024-08-27 00:47:44.302616
ESP32_A73166,InferenceLayer.SENSOR,1692,2024-08-27 00:47:45.312073
ESP32_AABBCC,InferenceLayer.SENSOR,3963,2024-08-27 00:47:47.568236
ESP32_09B38F,InferenceLayer.SENSOR,872,2024-08-27 00:47:48.521095
ESP32_232714,InferenceLayer.SENSOR,4390,2024-08-27 00:47:49.560029
ESP32_B57936,InferenceLayer.SENSOR,3945,2024-08-27 00:47:50.543316
ESP32_8F7400,InferenceLayer.SENSOR,4021,2024-08-27 00:47:51.650537
ESP32_3330A5,InferenceLayer.SENSOR,2335,2024-08-27 00:47:52.645635
ESP32_ED5A4D,InferenceLayer.SENSOR,1056,2024-08-27 00:47:53.595089
ESP32_46B1A6,InferenceLayer.SENSOR,4124,2024-08-27 00:47:54.609330
ESP32_46978A,InferenceLayer.SENSOR,1437,2024-08-27 00:47:55.587175
ESP32_97C286,InferenceLayer.SENSOR,2012,2024-08-27 00:47:56.624108
ESP32_B25FE3,InferenceLayer.SENSOR,1025,2024-08-27 00:47:57.648537
ESP32_1F4D55,InferenceLayer.SENSOR,1268,2024-08-27 00:47:58.601789
ESP32_ADD36D,InferenceLayer.SENSOR,758,2024-08-27 00:47:59.641778
ESP32_F0ACBF,InferenceLayer.SENSOR,1740,2024-08-27 00:48:00.612469
ESP32_AB192B,InferenceLayer.SENSOR,1863,2024-08-27 00:48:01.636656
ESP32_A1BC36,InferenceLayer.SENSOR,3503,2024-08-27 00:48:02.682389
ESP32_C31F5E,InferenceLayer.SENSOR,1383,2024-08-27 00:48:03.666246
ESP32_E2F3EA,InferenceLayer.SENSOR,4285,2024-08-27 00:48:04.659387
ESP32_2E88CE,InferenceLayer.SENSOR,4103,2024-08-27 00:48:05.686564
ESP32_615B9D,InferenceLayer.SENSOR,3945,2024-08-27 00:48:06.674128
ESP32_37E138,InferenceLayer.SENSOR,3913,2024-08-27 00:48:07.734833
ESP32_6EF35F,InferenceLayer.SENSOR,2035,2024-08-27 00:48:08.733099
ESP32_E9F15A,InferenceLayer.SENSOR,4173,2024-08-27 00:48:09.727929
ESP32_97CAE1,InferenceLayer.SENSOR,3957,2024-08-27 00:48:10.750478
ESP32_A73166,InferenceLayer.SENSOR,4235,2024-08-27 00:48:11.722487
ESP32_AABBCC,InferenceLayer.SENSOR,3950,2024-08-27 00:48:13.982798
ESP32_09B38F,InferenceLayer.SENSOR,4133,2024-08-27 00:48:14.974830
ESP32_232714,InferenceLayer.SENSOR,3040,2024-08-27 00:48:15.964269
ESP32_B57936,InferenceLayer.SENSOR,4073,2024-08-27 00:48:16.998205
ESP32_8F7400,InferenceLayer.SENSOR,4029,2024-08-27 00:48:18.005829
ESP32_3330A5,InferenceLayer.SENSOR,3358,2024-08-27 00:48:19.059532
ESP32_ED5A4D,InferenceLayer.SENSOR,4012,2024-08-27 00:48:20.009112
ESP32_46B1A6,InferenceLayer.SENSOR,2295,2024-08-27 00:48:21.031749
ESP32_6EF35F,InferenceLayer.SENSOR,2175,2024-08-27 00:19:06.026655
ESP32_E9F15A,InferenceLayer.SENSOR,4094,2024-08-27 00:19:07.011081
ESP32_97CAE1,InferenceLayer.SENSOR,1646,2024-08-27 00:19:08.045167
ESP32_A73166,InferenceLayer.SENSOR,3819,2024-08-27 00:19:09.060290
ESP32_AABBCC,InferenceLayer.SENSOR,3897,2024-08-27 00:19:11.348460
ESP32_09B38F,InferenceLayer.SENSOR,2824,2024-08-27 00:19:12.294483
ESP32_232714,InferenceLayer.SENSOR,3912,2024-08-27 00:19:13.309082
ESP32_B57936,InferenceLayer.SENSOR,2765,2024-08-27 00:19:14.378363
ESP32_8F7400,InferenceLayer.SENSOR,3554,2024-08-27 00:19:15.337020
ESP32_3330A5,InferenceLayer.SENSOR,3076,2024-08-27 00:19:16.398255
ESP32_ED5A4D,InferenceLayer.SENSOR,3883,2024-08-27 00:19:17.372654
ESP32_46B1A6,InferenceLayer.SENSOR,1548,2024-08-27 00:19:18.358915
ESP32_46978A,InferenceLayer.SENSOR,3926,2024-08-27 00:19:19.397171
ESP32_97C286,InferenceLayer.SENSOR,1026,2024-08-27 00:19:20.384082
ESP32_B25FE3,InferenceLayer.SENSOR,1512,2024-08-27 00:19:21.444906
ESP32_1F4D55,InferenceLayer.SENSOR,906,2024-08-27 00:19:22.439475
ESP32_ADD36D,InferenceLayer.SENSOR,4572,2024-08-27 00:19:23.448457
ESP32_F0ACBF,InferenceLayer.SENSOR,775,2024-08-27 00:19:24.413302
ESP32_AB192B,InferenceLayer.SENSOR,1753,2024-08-27 00:19:25.462062
ESP32_A1BC36,InferenceLayer.SENSOR,2087,2024-08-27 00:19:26.491988
ESP32_C31F5E,InferenceLayer.SENSOR,2787,2024-08-27 00:19:27.462847
ESP32_E2F3EA,InferenceLayer.SENSOR,3872,2024-08-27 00:19:28.485751
ESP32_2E88CE,InferenceLayer.SENSOR,3380,2024-08-27 00:19:29.492180
ESP32_615B9D,InferenceLayer.SENSOR,3935,2024-08-27 00:19:30.523415
ESP32_37E138,InferenceLayer.SENSOR,4086,2024-08-27 00:19:31.579671
ESP32_6EF35F,InferenceLayer.SENSOR,2654,2024-08-27 00:19:32.523125
ESP32_E9F15A,InferenceLayer.SENSOR,3959,2024-08-27 00:19:33.561805
ESP32_97CAE1,InferenceLayer.SENSOR,3095,2024-08-27 00:19:34.551981
ESP32_A73166,InferenceLayer.SENSOR,3845,2024-08-27 00:19:35.556731
ESP32_AABBCC,InferenceLayer.SENSOR,4180,2024-08-27 00:19:37.892209
ESP32_09B38F,InferenceLayer.SENSOR,1559,2024-08-27 00:19:38.819312
ESP32_232714,InferenceLayer.SENSOR,3978,2024-08-27 00:19:39.856077
ESP32_B57936,InferenceLayer.SENSOR,3907,2024-08-27 00:19:40.843652
ESP32_8F7400,InferenceLayer.SENSOR,1395,2024-08-27 00:19:41.850348
ESP32_3330A5,InferenceLayer.SENSOR,3895,2024-08-27 00:19:42.946587
ESP32_ED5A4D,InferenceLayer.SENSOR,4250,2024-08-27 00:19:43.917803
ESP32_46B1A6,InferenceLayer.SENSOR,3913,2024-08-27 00:19:44.941143
ESP32_46978A,InferenceLayer.SENSOR,4029,2024-08-27 00:19:45.934494
ESP32_97C286,InferenceLayer.SENSOR,3938,2024-08-27 00:19:46.961457
ESP32_B25FE3,InferenceLayer.SENSOR,3121,2024-08-27 00:19:48.038439
ESP32_1F4D55,InferenceLayer.SENSOR,3895,2024-08-27 00:19:48.971870
ESP32_ADD36D,InferenceLayer.SENSOR,3903,2024-08-27 00:19:49.984585
ESP32_F0ACBF,InferenceLayer.SENSOR,3950,2024-08-27 00:19:51.025687
ESP32_AB192B,InferenceLayer.SENSOR,3882,2024-08-27 00:19:52.025630
ESP32_A1BC36,InferenceLayer.SENSOR,3913,2024-08-27 00:19:53.072858
ESP32_C31F5E,InferenceLayer.SENSOR,3832,2024-08-27 00:19:54.047580
ESP32_E2F3EA,InferenceLayer.SENSOR,3943,2024-08-27 00:19:55.053262
ESP32_2E88CE,InferenceLayer.SENSOR,3938,2024-08-27 00:19:56.103041
ESP32_615B9D,InferenceLayer.SENSOR,3947,2024-08-27 00:19:57.109917
ESP32_37E138,InferenceLayer.SENSOR,4131,2024-08-27 00:19:58.154078
ESP32_6EF35F,InferenceLayer.SENSOR,3947,2024-08-27 00:19:59.111828
ESP32_E9F15A,InferenceLayer.SENSOR,4099,2024-08-27 00:20:00.147728
ESP32_97CAE1,InferenceLayer.SENSOR,4120,2024-08-27 00:20:01.166020
ESP32_A73166,InferenceLayer.SENSOR,3872,2024-08-27 00:20:02.147835
ESP32_AABBCC,InferenceLayer.SENSOR,3886,2024-08-27 00:20:04.459157
ESP32_46978A,InferenceLayer.SENSOR,3202,2024-08-27 00:48:22.016261
ESP32_97C286,InferenceLayer.SENSOR,3896,2024-08-27 00:48:23.022385
ESP32_B25FE3,InferenceLayer.SENSOR,3988,2024-08-27 00:48:24.109807
ESP32_1F4D55,InferenceLayer.SENSOR,4230,2024-08-27 00:48:25.073205
ESP32_ADD36D,InferenceLayer.SENSOR,3955,2024-08-27 00:48:26.098022
ESP32_F0ACBF,InferenceLayer.SENSOR,3675,2024-08-27 00:48:27.081614
ESP32_AB192B,InferenceLayer.SENSOR,4098,2024-08-27 00:48:28.079360
ESP32_A1BC36,InferenceLayer.SENSOR,3655,2024-08-27 00:48:29.166699
ESP32_C31F5E,InferenceLayer.SENSOR,3351,2024-08-27 00:48:30.139227
ESP32_E2F3EA,InferenceLayer.SENSOR,4012,2024-08-27 00:48:31.114055
ESP32_2E88CE,InferenceLayer.SENSOR,3097,2024-08-27 00:48:32.102900
ESP32_615B9D,InferenceLayer.SENSOR,3805,2024-08-27 00:48:33.114584
ESP32_37E138,InferenceLayer.SENSOR,3502,2024-08-27 00:48:34.217080
ESP32_6EF35F,InferenceLayer.SENSOR,3837,2024-08-27 00:48:35.139091
ESP32_E9F15A,InferenceLayer.SENSOR,4081,2024-08-27 00:48:36.180816
ESP32_97CAE1,InferenceLayer.SENSOR,3392,2024-08-27 00:48:37.178187
ESP32_A73166,InferenceLayer.SENSOR,4186,2024-08-27 00:48:38.188400
ESP32_AABBCC,InferenceLayer.SENSOR,4779,2024-08-27 00:48:40.458946
ESP32_09B38F,InferenceLayer.SENSOR,4513,2024-08-27 00:48:41.396820
ESP32_232714,InferenceLayer.SENSOR,2589,2024-08-27 00:48:42.409011
ESP32_B57936,InferenceLayer.SENSOR,1727,2024-08-27 00:48:43.464317
ESP32_8F7400,InferenceLayer.SENSOR,4033,2024-08-27 00:48:44.439582
ESP32_3330A5,InferenceLayer.SENSOR,4031,2024-08-27 00:48:45.501351
ESP32_ED5A4D,InferenceLayer.SENSOR,2876,2024-08-27 00:48:46.460644
ESP32_46B1A6,InferenceLayer.SENSOR,1721,2024-08-27 00:48:47.482591
ESP32_46978A,InferenceLayer.SENSOR,4244,2024-08-27 00:48:48.462542
ESP32_97C286,InferenceLayer.SENSOR,3896,2024-08-27 00:48:49.480734
ESP32_B25FE3,InferenceLayer.SENSOR,4097,2024-08-27 00:48:50.532724
ESP32_1F4D55,InferenceLayer.SENSOR,4074,2024-08-27 00:48:51.553021
ESP32_ADD36D,InferenceLayer.SENSOR,3648,2024-08-27 00:48:52.515660
ESP32_F0ACBF,InferenceLayer.SENSOR,1728,2024-08-27 00:48:53.509784
ESP32_AB192B,InferenceLayer.SENSOR,3119,2024-08-27 00:48:54.535341
ESP32_A1BC36,InferenceLayer.SENSOR,3891,2024-08-27 00:48:55.576840
ESP32_C31F5E,InferenceLayer.SENSOR,3953,2024-08-27 00:48:56.563364
ESP32_E2F3EA,InferenceLayer.SENSOR,1691,2024-08-27 00:48:57.566070
ESP32_2E88CE,InferenceLayer.SENSOR,1197,2024-08-27 00:48:58.568892
ESP32_615B9D,InferenceLayer.SENSOR,1244,2024-08-27 00:48:59.593206
ESP32_37E138,InferenceLayer.SENSOR,3261,2024-08-27 00:49:00.605833
ESP32_6EF35F,InferenceLayer.SENSOR,1099,2024-08-27 00:49:01.575590
ESP32_E9F15A,InferenceLayer.SENSOR,2812,2024-08-27 00:49:02.585865
ESP32_97CAE1,InferenceLayer.SENSOR,954,2024-08-27 00:49:03.582708
ESP32_A73166,InferenceLayer.SENSOR,2717,2024-08-27 00:49:04.621270
ESP32_AABBCC,InferenceLayer.SENSOR,3866,2024-08-27 00:49:06.858456
ESP32_09B38F,InferenceLayer.SENSOR,1363,2024-08-27 00:49:07.819681
ESP32_232714,InferenceLayer.SENSOR,3953,2024-08-27 00:49:08.834797
ESP32_B57936,InferenceLayer.SENSOR,1031,2024-08-27 00:49:09.864262
ESP32_8F7400,InferenceLayer.SENSOR,3984,2024-08-27 00:49:10.888199
ESP32_3330A5,InferenceLayer.SENSOR,886,2024-08-27 00:49:11.946542
ESP32_ED5A4D,InferenceLayer.SENSOR,4078,2024-08-27 00:49:12.883291
ESP32_46B1A6,InferenceLayer.SENSOR,1463,2024-08-27 00:49:13.902106
ESP32_46978A,InferenceLayer.SENSOR,4054,2024-08-27 00:49:14.888809
ESP32_97C286,InferenceLayer.SENSOR,4146,2024-08-27 00:49:15.913827
ESP32_B25FE3,InferenceLayer.SENSOR,4139,2024-08-27 00:49:16.973745
ESP32_1F4D55,InferenceLayer.SENSOR,4123,2024-08-27 00:49:17.953005
ESP32_ADD36D,InferenceLayer.SENSOR,3614,2024-08-27 00:49:18.939022
ESP32_F0ACBF,InferenceLayer.SENSOR,4082,2024-08-27 00:49:19.932246
ESP32_AB192B,InferenceLayer.SENSOR,4197,2024-08-27 00:49:20.985942
ESP32_A1BC36,InferenceLayer.SENSOR,4074,2024-08-27 00:49:22.033034
ESP32_C31F5E,InferenceLayer.SENSOR,2421,2024-08-27 00:49:22.958395
ESP32_E2F3EA,InferenceLayer.SENSOR,3923,2024-08-27 00:49:23.984086
ESP32_2E88CE,InferenceLayer.SENSOR,4665,2024-08-27 00:49:24.972985
ESP32_615B9D,InferenceLayer.SENSOR,2394,2024-08-27 00:49:26.017395
ESP32_37E138,InferenceLayer.SENSOR,4440,2024-08-27 00:49:27.071342
ESP32_6EF35F,InferenceLayer.SENSOR,5422,2024-08-27 00:49:28.009641
ESP32_E9F15A,InferenceLayer.SENSOR,3934,2024-08-27 00:49:29.029547
ESP32_97CAE1,InferenceLayer.SENSOR,2709,2024-08-27 00:49:30.059690
ESP32_A73166,InferenceLayer.SENSOR,4046,2024-08-27 00:49:31.039446
ESP32_AABBCC,InferenceLayer.SENSOR,3186,2024-08-27 00:49:33.321666
ESP32_09B38F,InferenceLayer.SENSOR,4090,2024-08-27 00:49:34.257609
ESP32_232714,InferenceLayer.SENSOR,3929,2024-08-27 00:49:35.305485
ESP32_B57936,InferenceLayer.SENSOR,3960,2024-08-27 00:49:36.284044
ESP32_8F7400,InferenceLayer.SENSOR,4178,2024-08-27 00:49:37.294394
ESP32_3330A5,InferenceLayer.SENSOR,1254,2024-08-27 00:49:38.386950
ESP32_ED5A4D,InferenceLayer.SENSOR,3992,2024-08-27 00:49:39.300854
ESP32_46B1A6,InferenceLayer.SENSOR,3329,2024-08-27 00:49:40.320196
ESP32_46978A,InferenceLayer.SENSOR,3872,2024-08-27 00:49:41.356227
ESP32_97C286,InferenceLayer.SENSOR,3269,2024-08-27 00:49:42.343348
ESP32_B25FE3,InferenceLayer.SENSOR,949,2024-08-27 00:49:43.442744
ESP32_1F4D55,InferenceLayer.SENSOR,3972,2024-08-27 00:49:44.375928
ESP32_ADD36D,InferenceLayer.SENSOR,4092,2024-08-27 00:49:45.365087
ESP32_F0ACBF,InferenceLayer.SENSOR,3613,2024-08-27 00:49:46.390413
ESP32_AB192B,InferenceLayer.SENSOR,3691,2024-08-27 00:49:47.412871
ESP32_A1BC36,InferenceLayer.SENSOR,7148,2024-08-27 00:49:48.461602
ESP32_C31F5E,InferenceLayer.SENSOR,3716,2024-08-27 00:49:49.437145
ESP32_E2F3EA,InferenceLayer.SENSOR,4086,2024-08-27 00:49:50.423731
ESP32_2E88CE,InferenceLayer.SENSOR,4035,2024-08-27 00:49:51.494432
ESP32_615B9D,InferenceLayer.SENSOR,4378,2024-08-27 00:49:52.453753
ESP32_37E138,InferenceLayer.SENSOR,1754,2024-08-27 00:49:53.520579
ESP32_6EF35F,InferenceLayer.SENSOR,4151,2024-08-27 00:49:54.463697
ESP32_E9F15A,InferenceLayer.SENSOR,3955,2024-08-27 00:49:55.480902
ESP32_97CAE1,InferenceLayer.SENSOR,4027,2024-08-27 00:49:56.513799
ESP32_A73166,InferenceLayer.SENSOR,4044,2024-08-27 00:49:57.500576
ESP32_AABBCC,InferenceLayer.SENSOR,3948,2024-08-27 00:49:59.769095
ESP32_09B38F,InferenceLayer.SENSOR,3090,2024-08-27 00:50:00.750069
ESP32_232714,InferenceLayer.SENSOR,3959,2024-08-27 00:50:01.750303
ESP32_B57936,InferenceLayer.SENSOR,3089,2024-08-27 00:50:02.774239
ESP32_8F7400,InferenceLayer.SENSOR,1751,2024-08-27 00:50:03.742046
ESP32_3330A5,InferenceLayer.SENSOR,3240,2024-08-27 00:50:04.816765
ESP32_ED5A4D,InferenceLayer.SENSOR,3484,2024-08-27 00:50:05.764505
ESP32_46B1A6,InferenceLayer.SENSOR,4007,2024-08-27 00:50:06.800295
ESP32_46978A,InferenceLayer.SENSOR,3476,2024-08-27 00:50:07.785579
ESP32_97C286,InferenceLayer.SENSOR,3973,2024-08-27 00:50:08.877526
ESP32_B25FE3,InferenceLayer.SENSOR,3936,2024-08-27 00:50:09.862184
ESP32_1F4D55,InferenceLayer.SENSOR,2348,2024-08-27 00:50:10.817744
ESP32_ADD36D,InferenceLayer.SENSOR,1979,2024-08-27 00:50:11.830889
ESP32_F0ACBF,InferenceLayer.SENSOR,3753,2024-08-27 00:50:12.841120
ESP32_AB192B,InferenceLayer.SENSOR,1549,2024-08-27 00:50:13.827319
ESP32_A1BC36,InferenceLayer.SENSOR,3603,2024-08-27 00:50:14.916546
ESP32_C31F5E,InferenceLayer.SENSOR,1305,2024-08-27 00:50:15.857925
ESP32_E2F3EA,InferenceLayer.SENSOR,1438,2024-08-27 00:50:16.847114
ESP32_2E88CE,InferenceLayer.SENSOR,846,2024-08-27 00:50:17.900051
ESP32_615B9D,InferenceLayer.SENSOR,3946,2024-08-27 00:50:18.900693
ESP32_37E138,InferenceLayer.SENSOR,1293,2024-08-27 00:50:19.944534
ESP32_6EF35F,InferenceLayer.SENSOR,4210,2024-08-27 00:50:20.886138
ESP32_E9F15A,InferenceLayer.SENSOR,3326,2024-08-27 00:50:21.930973
ESP32_97CAE1,InferenceLayer.SENSOR,3896,2024-08-27 00:50:22.923352
ESP32_A73166,InferenceLayer.SENSOR,7200,2024-08-27 00:50:23.929220
ESP32_AABBCC,InferenceLayer.SENSOR,909,2024-08-27 00:50:26.205603
ESP32_09B38F,InferenceLayer.SENSOR,3960,2024-08-27 00:50:27.173512
ESP32_232714,InferenceLayer.SENSOR,801,2024-08-27 00:50:28.139560
ESP32_B57936,InferenceLayer.SENSOR,4032,2024-08-27 00:50:29.185632
ESP32_8F7400,InferenceLayer.SENSOR,1651,2024-08-27 00:50:30.166431
ESP32_3330A5,InferenceLayer.SENSOR,4063,2024-08-27 00:50:31.227946
ESP32_ED5A4D,InferenceLayer.SENSOR,3379,2024-08-27 00:50:32.181070
ESP32_46B1A6,InferenceLayer.SENSOR,3715,2024-08-27 00:50:33.216922
ESP32_46978A,InferenceLayer.SENSOR,4171,2024-08-27 00:50:34.207427
ESP32_97C286,InferenceLayer.SENSOR,4164,2024-08-27 00:50:35.273957
ESP32_B25FE3,InferenceLayer.SENSOR,3305,2024-08-27 00:50:36.266816
ESP32_1F4D55,InferenceLayer.SENSOR,3588,2024-08-27 00:50:37.262135
ESP32_ADD36D,InferenceLayer.SENSOR,3968,2024-08-27 00:50:38.248691
ESP32_F0ACBF,InferenceLayer.SENSOR,3902,2024-08-27 00:50:39.257203
ESP32_AB192B,InferenceLayer.SENSOR,4144,2024-08-27 00:50:40.272151
ESP32_A1BC36,InferenceLayer.SENSOR,3585,2024-08-27 00:50:41.356019
ESP32_C31F5E,InferenceLayer.SENSOR,4021,2024-08-27 00:50:42.295720
ESP32_E2F3EA,InferenceLayer.SENSOR,1575,2024-08-27 00:50:43.348540
ESP32_2E88CE,InferenceLayer.SENSOR,3979,2024-08-27 00:50:44.351559
ESP32_615B9D,InferenceLayer.SENSOR,3883,2024-08-27 00:50:45.357687
ESP32_37E138,InferenceLayer.SENSOR,3907,2024-08-27 00:50:46.400280
ESP32_6EF35F,InferenceLayer.SENSOR,3998,2024-08-27 00:50:47.371791
ESP32_E9F15A,InferenceLayer.SENSOR,816,2024-08-27 00:50:48.381289
ESP32_97CAE1,InferenceLayer.SENSOR,3889,2024-08-27 00:50:49.390916
ESP32_A73166,InferenceLayer.SENSOR,4067,2024-08-27 00:50:50.400619
ESP32_AABBCC,InferenceLayer.SENSOR,3937,2024-08-27 00:50:52.663562
ESP32_09B38F,InferenceLayer.SENSOR,1213,2024-08-27 00:50:53.657857
ESP32_232714,InferenceLayer.SENSOR,3211,2024-08-27 00:50:54.651194
ESP32_B57936,InferenceLayer.SENSOR,3970,2024-08-27 00:50:55.667371
ESP32_8F7400,InferenceLayer.SENSOR,4377,2024-08-27 00:50:56.724988
ESP32_3330A5,InferenceLayer.SENSOR,3221,2024-08-27 00:50:57.716969
ESP32_ED5A4D,InferenceLayer.SENSOR,1045,2024-08-27 00:50:58.710493
ESP32_46B1A6,InferenceLayer.SENSOR,3999,2024-08-27 00:50:59.743294
ESP32_46978A,InferenceLayer.SENSOR,3593,2024-08-27 00:51:00.802044
ESP32_97C286,InferenceLayer.SENSOR,3568,2024-08-27 00:51:01.742179
ESP32_B25FE3,InferenceLayer.SENSOR,3981,2024-08-27 00:51:02.847726
ESP32_1F4D55,InferenceLayer.SENSOR,1314,2024-08-27 00:51:03.775177
ESP32_ADD36D,InferenceLayer.SENSOR,3937,2024-08-27 00:51:04.773328
ESP32_F0ACBF,InferenceLayer.SENSOR,3435,2024-08-27 00:51:05.815037
ESP32_B57936,InferenceLayer.SENSOR,1687,2024-08-27 00:57:07.244889
ESP32_8F7400,InferenceLayer.SENSOR,4116,2024-08-27 00:57:08.259117
ESP32_3330A5,InferenceLayer.SENSOR,1506,2024-08-27 00:57:09.365673
ESP32_ED5A4D,InferenceLayer.SENSOR,3998,2024-08-27 00:57:10.318825
ESP32_46B1A6,InferenceLayer.SENSOR,1173,2024-08-27 00:57:11.321637
ESP32_46978A,InferenceLayer.SENSOR,3981,2024-08-27 00:57:12.348258
ESP32_97C286,InferenceLayer.SENSOR,898,2024-08-27 00:57:13.349862
ESP32_B25FE3,InferenceLayer.SENSOR,1861,2024-08-27 00:57:14.416974
ESP32_1F4D55,InferenceLayer.SENSOR,815,2024-08-27 00:57:15.347609
ESP32_ADD36D,InferenceLayer.SENSOR,4656,2024-08-27 00:57:16.353125
ESP32_F0ACBF,InferenceLayer.SENSOR,1991,2024-08-27 00:57:17.371592
ESP32_AB192B,InferenceLayer.SENSOR,2958,2024-08-27 00:57:18.385036
ESP32_A1BC36,InferenceLayer.SENSOR,3951,2024-08-27 00:57:19.486230
ESP32_C31F5E,InferenceLayer.SENSOR,3091,2024-08-27 00:57:20.426409
ESP32_E2F3EA,InferenceLayer.SENSOR,2742,2024-08-27 00:57:21.422984
ESP32_2E88CE,InferenceLayer.SENSOR,3708,2024-08-27 00:57:22.453020
ESP32_615B9D,InferenceLayer.SENSOR,3689,2024-08-27 00:57:23.473598
ESP32_37E138,InferenceLayer.SENSOR,3888,2024-08-27 00:57:24.541005
ESP32_6EF35F,InferenceLayer.SENSOR,2726,2024-08-27 00:57:25.479224
ESP32_E9F15A,InferenceLayer.SENSOR,3887,2024-08-27 00:57:26.511718
ESP32_97CAE1,InferenceLayer.SENSOR,3952,2024-08-27 00:57:27.558477
ESP32_A73166,InferenceLayer.SENSOR,4017,2024-08-27 00:57:28.530613
ESP32_AABBCC,InferenceLayer.SENSOR,3363,2024-08-27 00:57:30.840123
ESP32_09B38F,InferenceLayer.SENSOR,3950,2024-08-27 00:57:31.752131
ESP32_232714,InferenceLayer.SENSOR,4156,2024-08-27 00:57:32.777585
ESP32_B57936,InferenceLayer.SENSOR,3497,2024-08-27 00:57:33.801115
ESP32_8F7400,InferenceLayer.SENSOR,3950,2024-08-27 00:57:34.945320
ESP32_3330A5,InferenceLayer.SENSOR,3921,2024-08-27 00:57:35.891897
ESP32_ED5A4D,InferenceLayer.SENSOR,4159,2024-08-27 00:57:36.847601
ESP32_46B1A6,InferenceLayer.SENSOR,4243,2024-08-27 00:57:37.843146
ESP32_46978A,InferenceLayer.SENSOR,1277,2024-08-27 00:57:38.872681
ESP32_97C286,InferenceLayer.SENSOR,3979,2024-08-27 00:57:39.854000
ESP32_AB192B,InferenceLayer.SENSOR,3916,2024-08-27 00:51:06.811018
ESP32_A1BC36,InferenceLayer.SENSOR,3308,2024-08-27 00:51:07.879264
ESP32_C31F5E,InferenceLayer.SENSOR,1671,2024-08-27 00:51:08.868182
ESP32_E2F3EA,InferenceLayer.SENSOR,4098,2024-08-27 00:51:09.843260
ESP32_2E88CE,InferenceLayer.SENSOR,4011,2024-08-27 00:51:10.888985
ESP32_615B9D,InferenceLayer.SENSOR,3930,2024-08-27 00:51:11.884559
ESP32_37E138,InferenceLayer.SENSOR,3933,2024-08-27 00:51:12.944210
ESP32_6EF35F,InferenceLayer.SENSOR,3927,2024-08-27 00:51:13.893215
ESP32_E9F15A,InferenceLayer.SENSOR,4140,2024-08-27 00:51:14.945526
ESP32_97CAE1,InferenceLayer.SENSOR,4138,2024-08-27 00:51:15.945361
ESP32_A73166,InferenceLayer.SENSOR,4034,2024-08-27 00:51:16.977714
ESP32_AABBCC,InferenceLayer.SENSOR,3500,2024-08-27 00:51:19.248337
ESP32_09B38F,InferenceLayer.SENSOR,3977,2024-08-27 00:51:20.210130
ESP32_232714,InferenceLayer.SENSOR,3841,2024-08-27 00:51:21.193691
ESP32_B57936,InferenceLayer.SENSOR,3378,2024-08-27 00:51:22.230028
ESP32_8F7400,InferenceLayer.SENSOR,3881,2024-08-27 00:51:23.217717
ESP32_3330A5,InferenceLayer.SENSOR,3230,2024-08-27 00:51:24.289876
ESP32_ED5A4D,InferenceLayer.SENSOR,3585,2024-08-27 00:51:25.257458
ESP32_46B1A6,InferenceLayer.SENSOR,3929,2024-08-27 00:51:26.266739
ESP32_46978A,InferenceLayer.SENSOR,3913,2024-08-27 00:51:27.326495
ESP32_97C286,InferenceLayer.SENSOR,3987,2024-08-27 00:51:28.304883
ESP32_B25FE3,InferenceLayer.SENSOR,3920,2024-08-27 00:51:29.367099
ESP32_1F4D55,InferenceLayer.SENSOR,3929,2024-08-27 00:51:30.315681
ESP32_ADD36D,InferenceLayer.SENSOR,4010,2024-08-27 00:51:31.342166
ESP32_F0ACBF,InferenceLayer.SENSOR,1804,2024-08-27 00:51:32.373781
ESP32_AB192B,InferenceLayer.SENSOR,4080,2024-08-27 00:51:33.382015
ESP32_A1BC36,InferenceLayer.SENSOR,1194,2024-08-27 00:51:34.420618
ESP32_C31F5E,InferenceLayer.SENSOR,3951,2024-08-27 00:51:35.425172
ESP32_E2F3EA,InferenceLayer.SENSOR,871,2024-08-27 00:51:36.392089
ESP32_2E88CE,InferenceLayer.SENSOR,4234,2024-08-27 00:51:37.423988
ESP32_615B9D,InferenceLayer.SENSOR,879,2024-08-27 00:51:38.443907
ESP32_37E138,InferenceLayer.SENSOR,4068,2024-08-27 00:51:39.520185
ESP32_6EF35F,InferenceLayer.SENSOR,846,2024-08-27 00:51:40.486813
ESP32_E9F15A,InferenceLayer.SENSOR,4156,2024-08-27 00:51:41.464585
ESP32_97CAE1,InferenceLayer.SENSOR,1746,2024-08-27 00:51:42.479984
ESP32_A73166,InferenceLayer.SENSOR,1013,2024-08-27 00:51:43.521214
ESP32_AABBCC,InferenceLayer.SENSOR,3943,2024-08-27 00:51:45.768069
ESP32_09B38F,InferenceLayer.SENSOR,1055,2024-08-27 00:51:46.704681
ESP32_232714,InferenceLayer.SENSOR,4090,2024-08-27 00:51:47.733856
ESP32_B57936,InferenceLayer.SENSOR,836,2024-08-27 00:51:48.729560
ESP32_8F7400,InferenceLayer.SENSOR,4012,2024-08-27 00:51:49.765125
ESP32_3330A5,InferenceLayer.SENSOR,2012,2024-08-27 00:51:50.807375
ESP32_ED5A4D,InferenceLayer.SENSOR,2671,2024-08-27 00:51:51.858521
ESP32_46B1A6,InferenceLayer.SENSOR,3928,2024-08-27 00:51:52.817460
ESP32_46978A,InferenceLayer.SENSOR,1090,2024-08-27 00:51:53.799873
ESP32_97C286,InferenceLayer.SENSOR,4153,2024-08-27 00:51:54.803747
ESP32_B25FE3,InferenceLayer.SENSOR,3913,2024-08-27 00:51:55.913483
ESP32_1F4D55,InferenceLayer.SENSOR,3916,2024-08-27 00:51:56.844551
ESP32_ADD36D,InferenceLayer.SENSOR,3901,2024-08-27 00:51:57.867013
ESP32_F0ACBF,InferenceLayer.SENSOR,1771,2024-08-27 00:51:58.880840
ESP32_AB192B,InferenceLayer.SENSOR,4175,2024-08-27 00:51:59.879479
ESP32_A1BC36,InferenceLayer.SENSOR,4611,2024-08-27 00:52:00.969184
ESP32_C31F5E,InferenceLayer.SENSOR,3963,2024-08-27 00:52:01.922512
ESP32_E2F3EA,InferenceLayer.SENSOR,3926,2024-08-27 00:52:02.919374
ESP32_2E88CE,InferenceLayer.SENSOR,3099,2024-08-27 00:52:03.912382
ESP32_615B9D,InferenceLayer.SENSOR,3971,2024-08-27 00:52:04.930605
ESP32_37E138,InferenceLayer.SENSOR,3975,2024-08-27 00:52:06.016138
ESP32_6EF35F,InferenceLayer.SENSOR,3964,2024-08-27 00:52:06.993533
ESP32_E9F15A,InferenceLayer.SENSOR,3958,2024-08-27 00:52:08.003659
ESP32_97CAE1,InferenceLayer.SENSOR,4029,2024-08-27 00:52:09.042116
ESP32_A73166,InferenceLayer.SENSOR,4788,2024-08-27 00:52:10.013984
ESP32_AABBCC,InferenceLayer.SENSOR,3968,2024-08-27 00:52:12.288007
ESP32_09B38F,InferenceLayer.SENSOR,4087,2024-08-27 00:52:13.273135
ESP32_232714,InferenceLayer.SENSOR,4103,2024-08-27 00:52:14.258336
ESP32_B57936,InferenceLayer.SENSOR,3952,2024-08-27 00:52:15.297105
ESP32_8F7400,InferenceLayer.SENSOR,4028,2024-08-27 00:52:16.290517
ESP32_3330A5,InferenceLayer.SENSOR,3966,2024-08-27 00:52:17.386946
ESP32_ED5A4D,InferenceLayer.SENSOR,4071,2024-08-27 00:52:18.364008
ESP32_46B1A6,InferenceLayer.SENSOR,2820,2024-08-27 00:52:19.355415
ESP32_46978A,InferenceLayer.SENSOR,2903,2024-08-27 00:52:20.352424
ESP32_97C286,InferenceLayer.SENSOR,3960,2024-08-27 00:52:21.365642
ESP32_B25FE3,InferenceLayer.SENSOR,3588,2024-08-27 00:52:22.449423
ESP32_1F4D55,InferenceLayer.SENSOR,2925,2024-08-27 00:52:23.386537
ESP32_ADD36D,InferenceLayer.SENSOR,3995,2024-08-27 00:52:24.392138
ESP32_F0ACBF,InferenceLayer.SENSOR,3945,2024-08-27 00:52:25.450264
ESP32_AB192B,InferenceLayer.SENSOR,2388,2024-08-27 00:52:26.465836
ESP32_A1BC36,InferenceLayer.SENSOR,3914,2024-08-27 00:52:27.510624
ESP32_C31F5E,InferenceLayer.SENSOR,1319,2024-08-27 00:52:28.454778
ESP32_E2F3EA,InferenceLayer.SENSOR,3951,2024-08-27 00:52:29.458120
ESP32_2E88CE,InferenceLayer.SENSOR,3932,2024-08-27 00:52:30.482591
ESP32_615B9D,InferenceLayer.SENSOR,3702,2024-08-27 00:52:31.520471
ESP32_37E138,InferenceLayer.SENSOR,2690,2024-08-27 00:52:32.595774
ESP32_6EF35F,InferenceLayer.SENSOR,834,2024-08-27 00:52:33.518457
ESP32_E9F15A,InferenceLayer.SENSOR,3952,2024-08-27 00:52:34.562395
ESP32_97CAE1,InferenceLayer.SENSOR,3871,2024-08-27 00:52:35.554041
ESP32_A73166,InferenceLayer.SENSOR,4065,2024-08-27 00:52:36.575594
ESP32_AABBCC,InferenceLayer.SENSOR,1187,2024-08-27 00:52:38.849860
ESP32_09B38F,InferenceLayer.SENSOR,3947,2024-08-27 00:52:39.790297
ESP32_232714,InferenceLayer.SENSOR,4230,2024-08-27 00:52:40.796643
ESP32_B57936,InferenceLayer.SENSOR,1851,2024-08-27 00:52:41.811700
ESP32_8F7400,InferenceLayer.SENSOR,4095,2024-08-27 00:52:42.850479
ESP32_3330A5,InferenceLayer.SENSOR,1067,2024-08-27 00:52:43.891788
ESP32_ED5A4D,InferenceLayer.SENSOR,3968,2024-08-27 00:52:44.895613
ESP32_46B1A6,InferenceLayer.SENSOR,3983,2024-08-27 00:52:45.864013
ESP32_46978A,InferenceLayer.SENSOR,3991,2024-08-27 00:52:46.879852
ESP32_97C286,InferenceLayer.SENSOR,3705,2024-08-27 00:52:47.920432
ESP32_B25FE3,InferenceLayer.SENSOR,1397,2024-08-27 00:52:48.964738
ESP32_1F4D55,InferenceLayer.SENSOR,3989,2024-08-27 00:52:49.912282
ESP32_ADD36D,InferenceLayer.SENSOR,3911,2024-08-27 00:52:50.970542
ESP32_F0ACBF,InferenceLayer.SENSOR,3920,2024-08-27 00:52:52.022221
ESP32_AB192B,InferenceLayer.SENSOR,3923,2024-08-27 00:52:53.000993
ESP32_A1BC36,InferenceLayer.SENSOR,3264,2024-08-27 00:52:54.053373
ESP32_C31F5E,InferenceLayer.SENSOR,3894,2024-08-27 00:52:54.998049
ESP32_E2F3EA,InferenceLayer.SENSOR,4521,2024-08-27 00:52:56.034511
ESP32_2E88CE,InferenceLayer.SENSOR,1752,2024-08-27 00:52:57.056220
ESP32_615B9D,InferenceLayer.SENSOR,4053,2024-08-27 00:52:58.061895
ESP32_37E138,InferenceLayer.SENSOR,1418,2024-08-27 00:52:59.089024
ESP32_6EF35F,InferenceLayer.SENSOR,3994,2024-08-27 00:53:00.055494
ESP32_E9F15A,InferenceLayer.SENSOR,1136,2024-08-27 00:53:01.106096
ESP32_97CAE1,InferenceLayer.SENSOR,4184,2024-08-27 00:53:02.092240
ESP32_A73166,InferenceLayer.SENSOR,978,2024-08-27 00:53:03.080378
ESP32_AABBCC,InferenceLayer.SENSOR,1576,2024-08-27 00:53:05.396800
ESP32_09B38F,InferenceLayer.SENSOR,4035,2024-08-27 00:53:06.322719
ESP32_232714,InferenceLayer.SENSOR,1688,2024-08-27 00:53:07.420242
ESP32_B57936,InferenceLayer.SENSOR,3993,2024-08-27 00:53:08.355535
ESP32_8F7400,InferenceLayer.SENSOR,1349,2024-08-27 00:53:09.385553
ESP32_3330A5,InferenceLayer.SENSOR,4070,2024-08-27 00:53:10.460543
ESP32_ED5A4D,InferenceLayer.SENSOR,1137,2024-08-27 00:53:11.415293
ESP32_46B1A6,InferenceLayer.SENSOR,3966,2024-08-27 00:53:12.394851
ESP32_46978A,InferenceLayer.SENSOR,955,2024-08-27 00:53:13.421609
ESP32_97C286,InferenceLayer.SENSOR,3952,2024-08-27 00:53:14.449386
ESP32_B25FE3,InferenceLayer.SENSOR,1254,2024-08-27 00:53:15.498113
ESP32_1F4D55,InferenceLayer.SENSOR,3906,2024-08-27 00:53:16.463081
ESP32_ADD36D,InferenceLayer.SENSOR,3914,2024-08-27 00:53:17.461270
ESP32_F0ACBF,InferenceLayer.SENSOR,3918,2024-08-27 00:53:18.535502
ESP32_AB192B,InferenceLayer.SENSOR,3906,2024-08-27 00:53:19.487658
ESP32_A1BC36,InferenceLayer.SENSOR,3080,2024-08-27 00:53:20.566920
ESP32_C31F5E,InferenceLayer.SENSOR,3415,2024-08-27 00:53:21.523383
ESP32_E2F3EA,InferenceLayer.SENSOR,2417,2024-08-27 00:53:22.531155
ESP32_2E88CE,InferenceLayer.SENSOR,1147,2024-08-27 00:53:23.562338
ESP32_615B9D,InferenceLayer.SENSOR,1395,2024-08-27 00:53:24.569618
ESP32_37E138,InferenceLayer.SENSOR,3985,2024-08-27 00:53:25.614613
ESP32_6EF35F,InferenceLayer.SENSOR,3969,2024-08-27 00:53:26.605484
ESP32_E9F15A,InferenceLayer.SENSOR,3926,2024-08-27 00:53:27.608626
ESP32_97CAE1,InferenceLayer.SENSOR,1068,2024-08-27 00:53:28.609250
ESP32_A73166,InferenceLayer.SENSOR,2674,2024-08-27 00:53:29.628577
ESP32_AABBCC,InferenceLayer.SENSOR,3872,2024-08-27 00:53:31.886548
ESP32_09B38F,InferenceLayer.SENSOR,3972,2024-08-27 00:53:32.870303
ESP32_232714,InferenceLayer.SENSOR,770,2024-08-27 00:53:33.885203
ESP32_B57936,InferenceLayer.SENSOR,3958,2024-08-27 00:53:34.875104
ESP32_8F7400,InferenceLayer.SENSOR,3905,2024-08-27 00:53:35.925880
ESP32_3330A5,InferenceLayer.SENSOR,3697,2024-08-27 00:53:36.949592
ESP32_ED5A4D,InferenceLayer.SENSOR,3994,2024-08-27 00:53:37.921752
ESP32_46B1A6,InferenceLayer.SENSOR,1060,2024-08-27 00:53:38.928555
ESP32_46978A,InferenceLayer.SENSOR,1569,2024-08-27 00:53:39.932410
ESP32_97C286,InferenceLayer.SENSOR,3976,2024-08-27 00:53:40.977559
ESP32_B25FE3,InferenceLayer.SENSOR,3885,2024-08-27 00:53:42.051834
ESP32_1F4D55,InferenceLayer.SENSOR,3579,2024-08-27 00:53:42.995203
ESP32_ADD36D,InferenceLayer.SENSOR,1708,2024-08-27 00:53:43.984885
ESP32_F0ACBF,InferenceLayer.SENSOR,2474,2024-08-27 00:53:45.067508
ESP32_AB192B,InferenceLayer.SENSOR,4194,2024-08-27 00:53:46.030754
ESP32_A1BC36,InferenceLayer.SENSOR,3938,2024-08-27 00:53:47.105465
ESP32_C31F5E,InferenceLayer.SENSOR,3992,2024-08-27 00:53:48.050475
ESP32_E2F3EA,InferenceLayer.SENSOR,4043,2024-08-27 00:53:49.071549
ESP32_2E88CE,InferenceLayer.SENSOR,3939,2024-08-27 00:53:50.081610
ESP32_615B9D,InferenceLayer.SENSOR,3855,2024-08-27 00:53:51.097461
ESP32_37E138,InferenceLayer.SENSOR,3467,2024-08-27 00:53:52.161472
ESP32_6EF35F,InferenceLayer.SENSOR,3930,2024-08-27 00:53:53.213358
ESP32_E9F15A,InferenceLayer.SENSOR,3919,2024-08-27 00:53:54.149491
ESP32_97CAE1,InferenceLayer.SENSOR,3952,2024-08-27 00:53:55.157438
ESP32_A73166,InferenceLayer.SENSOR,4005,2024-08-27 00:53:56.199154
ESP32_AABBCC,InferenceLayer.SENSOR,3873,2024-08-27 00:53:58.451581
ESP32_09B38F,InferenceLayer.SENSOR,3957,2024-08-27 00:53:59.397680
ESP32_232714,InferenceLayer.SENSOR,3917,2024-08-27 00:54:00.415009
ESP32_B57936,InferenceLayer.SENSOR,3923,2024-08-27 00:54:01.444611
ESP32_8F7400,InferenceLayer.SENSOR,3937,2024-08-27 00:54:02.510262
ESP32_3330A5,InferenceLayer.SENSOR,4292,2024-08-27 00:54:03.531326
ESP32_ED5A4D,InferenceLayer.SENSOR,2665,2024-08-27 00:54:04.474594
ESP32_46B1A6,InferenceLayer.SENSOR,3925,2024-08-27 00:54:05.492380
ESP32_46978A,InferenceLayer.SENSOR,4335,2024-08-27 00:54:06.527516
ESP32_97C286,InferenceLayer.SENSOR,1739,2024-08-27 00:54:07.530255
ESP32_B25FE3,InferenceLayer.SENSOR,4006,2024-08-27 00:54:08.589774
ESP32_1F4D55,InferenceLayer.SENSOR,3883,2024-08-27 00:54:09.545998
ESP32_ADD36D,InferenceLayer.SENSOR,3960,2024-08-27 00:54:10.597396
ESP32_F0ACBF,InferenceLayer.SENSOR,4337,2024-08-27 00:54:11.584490
ESP32_AB192B,InferenceLayer.SENSOR,2947,2024-08-27 00:54:12.583533
ESP32_A1BC36,InferenceLayer.SENSOR,1300,2024-08-27 00:54:13.651485
ESP32_C31F5E,InferenceLayer.SENSOR,4030,2024-08-27 00:54:14.643549
ESP32_E2F3EA,InferenceLayer.SENSOR,2675,2024-08-27 00:54:15.633324
ESP32_2E88CE,InferenceLayer.SENSOR,4009,2024-08-27 00:54:16.661045
ESP32_615B9D,InferenceLayer.SENSOR,1765,2024-08-27 00:54:17.659107
ESP32_37E138,InferenceLayer.SENSOR,889,2024-08-27 00:54:18.737190
ESP32_6EF35F,InferenceLayer.SENSOR,1225,2024-08-27 00:54:19.683593
ESP32_E9F15A,InferenceLayer.SENSOR,4241,2024-08-27 00:54:20.699608
ESP32_97CAE1,InferenceLayer.SENSOR,1032,2024-08-27 00:54:21.712605
ESP32_A73166,InferenceLayer.SENSOR,4166,2024-08-27 00:54:22.752681
ESP32_AABBCC,InferenceLayer.SENSOR,3178,2024-08-27 00:54:25.047134
ESP32_09B38F,InferenceLayer.SENSOR,3947,2024-08-27 00:54:25.962021
ESP32_232714,InferenceLayer.SENSOR,3942,2024-08-27 00:54:26.987928
ESP32_B57936,InferenceLayer.SENSOR,1765,2024-08-27 00:54:28.052532
ESP32_8F7400,InferenceLayer.SENSOR,1202,2024-08-27 00:54:28.993893
ESP32_3330A5,InferenceLayer.SENSOR,1162,2024-08-27 00:54:30.066299
ESP32_ED5A4D,InferenceLayer.SENSOR,3553,2024-08-27 00:54:31.037749
ESP32_46B1A6,InferenceLayer.SENSOR,1015,2024-08-27 00:54:32.025493
ESP32_46978A,InferenceLayer.SENSOR,3999,2024-08-27 00:54:33.061149
ESP32_97C286,InferenceLayer.SENSOR,822,2024-08-27 00:54:34.046281
ESP32_B25FE3,InferenceLayer.SENSOR,3763,2024-08-27 00:54:35.128531
ESP32_1F4D55,InferenceLayer.SENSOR,1245,2024-08-27 00:54:36.131941
ESP32_ADD36D,InferenceLayer.SENSOR,4398,2024-08-27 00:54:37.095314
ESP32_F0ACBF,InferenceLayer.SENSOR,3612,2024-08-27 00:54:38.092660
ESP32_AB192B,InferenceLayer.SENSOR,4205,2024-08-27 00:54:39.109400
ESP32_A1BC36,InferenceLayer.SENSOR,3523,2024-08-27 00:54:40.181540
ESP32_C31F5E,InferenceLayer.SENSOR,4180,2024-08-27 00:54:41.138186
ESP32_E2F3EA,InferenceLayer.SENSOR,3962,2024-08-27 00:54:42.186711
ESP32_2E88CE,InferenceLayer.SENSOR,3379,2024-08-27 00:54:43.252908
ESP32_615B9D,InferenceLayer.SENSOR,4230,2024-08-27 00:54:44.197902
ESP32_37E138,InferenceLayer.SENSOR,3945,2024-08-27 00:54:45.306330
ESP32_6EF35F,InferenceLayer.SENSOR,4829,2024-08-27 00:54:46.254087
ESP32_E9F15A,InferenceLayer.SENSOR,4409,2024-08-27 00:54:47.245477
ESP32_97CAE1,InferenceLayer.SENSOR,4012,2024-08-27 00:54:48.255602
ESP32_A73166,InferenceLayer.SENSOR,3918,2024-08-27 00:54:49.271166
ESP32_AABBCC,InferenceLayer.SENSOR,3944,2024-08-27 00:54:51.557575
ESP32_09B38F,InferenceLayer.SENSOR,3894,2024-08-27 00:54:52.503361
ESP32_232714,InferenceLayer.SENSOR,4632,2024-08-27 00:54:53.522971
ESP32_B57936,InferenceLayer.SENSOR,4028,2024-08-27 00:54:54.540039
ESP32_8F7400,InferenceLayer.SENSOR,4351,2024-08-27 00:54:55.541045
ESP32_3330A5,InferenceLayer.SENSOR,3887,2024-08-27 00:54:56.623348
ESP32_ED5A4D,InferenceLayer.SENSOR,3949,2024-08-27 00:54:57.577273
ESP32_46B1A6,InferenceLayer.SENSOR,3963,2024-08-27 00:54:58.585558
ESP32_46978A,InferenceLayer.SENSOR,3615,2024-08-27 00:54:59.590441
ESP32_97C286,InferenceLayer.SENSOR,4026,2024-08-27 00:55:00.601523
ESP32_B25FE3,InferenceLayer.SENSOR,3496,2024-08-27 00:55:01.696200
ESP32_1F4D55,InferenceLayer.SENSOR,4015,2024-08-27 00:55:02.677990
ESP32_ADD36D,InferenceLayer.SENSOR,1381,2024-08-27 00:55:03.650013
ESP32_F0ACBF,InferenceLayer.SENSOR,4173,2024-08-27 00:55:04.697409
ESP32_AB192B,InferenceLayer.SENSOR,4612,2024-08-27 00:55:05.668501
ESP32_A1BC36,InferenceLayer.SENSOR,3930,2024-08-27 00:55:06.734919
ESP32_C31F5E,InferenceLayer.SENSOR,3942,2024-08-27 00:55:07.701344
ESP32_E2F3EA,InferenceLayer.SENSOR,989,2024-08-27 00:55:08.736219
ESP32_2E88CE,InferenceLayer.SENSOR,3965,2024-08-27 00:55:09.734161
ESP32_615B9D,InferenceLayer.SENSOR,3265,2024-08-27 00:55:10.792082
ESP32_37E138,InferenceLayer.SENSOR,3931,2024-08-27 00:55:11.807351
ESP32_6EF35F,InferenceLayer.SENSOR,3977,2024-08-27 00:55:12.768488
ESP32_E9F15A,InferenceLayer.SENSOR,1134,2024-08-27 00:55:13.780728
ESP32_97CAE1,InferenceLayer.SENSOR,4036,2024-08-27 00:55:14.782652
ESP32_A73166,InferenceLayer.SENSOR,3978,2024-08-27 00:55:15.832455
ESP32_AABBCC,InferenceLayer.SENSOR,3888,2024-08-27 00:55:18.045970
ESP32_09B38F,InferenceLayer.SENSOR,1229,2024-08-27 00:55:19.038937
ESP32_232714,InferenceLayer.SENSOR,4738,2024-08-27 00:55:20.082723
ESP32_B57936,InferenceLayer.SENSOR,3908,2024-08-27 00:55:21.075612
ESP32_8F7400,InferenceLayer.SENSOR,3937,2024-08-27 00:55:22.126962
ESP32_3330A5,InferenceLayer.SENSOR,3995,2024-08-27 00:55:23.175062
ESP32_97CAE1,InferenceLayer.SENSOR,3901,2024-08-26 23:50:01.267026
ESP32_A73166,InferenceLayer.SENSOR,2832,2024-08-26 23:50:02.328264
ESP32_AABBCC,InferenceLayer.SENSOR,3951,2024-08-26 23:50:04.610803
ESP32_ED5A4D,InferenceLayer.SENSOR,1651,2024-08-27 00:55:24.132984
ESP32_46B1A6,InferenceLayer.SENSOR,3640,2024-08-27 00:55:25.127051
ESP32_46978A,InferenceLayer.SENSOR,3923,2024-08-27 00:55:26.156921
ESP32_97C286,InferenceLayer.SENSOR,2312,2024-08-27 00:55:27.174704
ESP32_B25FE3,InferenceLayer.SENSOR,3865,2024-08-27 00:55:28.249263
ESP32_1F4D55,InferenceLayer.SENSOR,4117,2024-08-27 00:55:29.177066
ESP32_ADD36D,InferenceLayer.SENSOR,3422,2024-08-27 00:55:30.216210
ESP32_F0ACBF,InferenceLayer.SENSOR,4011,2024-08-27 00:55:31.210549
ESP32_AB192B,InferenceLayer.SENSOR,3675,2024-08-27 00:55:32.223043
ESP32_A1BC36,InferenceLayer.SENSOR,3591,2024-08-27 00:55:33.286231
ESP32_C31F5E,InferenceLayer.SENSOR,3737,2024-08-27 00:55:34.256163
ESP32_E2F3EA,InferenceLayer.SENSOR,3933,2024-08-27 00:55:35.260172
ESP32_2E88CE,InferenceLayer.SENSOR,3852,2024-08-27 00:55:36.333509
ESP32_615B9D,InferenceLayer.SENSOR,4219,2024-08-27 00:55:37.285621
ESP32_37E138,InferenceLayer.SENSOR,2634,2024-08-27 00:55:38.372455
ESP32_6EF35F,InferenceLayer.SENSOR,3880,2024-08-27 00:55:39.318868
ESP32_E9F15A,InferenceLayer.SENSOR,1673,2024-08-27 00:55:40.332878
ESP32_97CAE1,InferenceLayer.SENSOR,4051,2024-08-27 00:55:41.368077
ESP32_A73166,InferenceLayer.SENSOR,1226,2024-08-27 00:55:42.363772
ESP32_AABBCC,InferenceLayer.SENSOR,3052,2024-08-27 00:55:44.638203
ESP32_09B38F,InferenceLayer.SENSOR,3953,2024-08-27 00:55:45.627820
ESP32_232714,InferenceLayer.SENSOR,3970,2024-08-27 00:55:46.605605
ESP32_B57936,InferenceLayer.SENSOR,764,2024-08-27 00:55:47.640589
ESP32_8F7400,InferenceLayer.SENSOR,1678,2024-08-27 00:55:48.631059
ESP32_3330A5,InferenceLayer.SENSOR,3697,2024-08-27 00:55:49.698739
ESP32_ED5A4D,InferenceLayer.SENSOR,1231,2024-08-27 00:55:50.642132
ESP32_46B1A6,InferenceLayer.SENSOR,4136,2024-08-27 00:55:51.779800
ESP32_46978A,InferenceLayer.SENSOR,1045,2024-08-27 00:55:52.701363
ESP32_97C286,InferenceLayer.SENSOR,1425,2024-08-27 00:55:53.723973
ESP32_B25FE3,InferenceLayer.SENSOR,856,2024-08-27 00:55:54.737697
ESP32_1F4D55,InferenceLayer.SENSOR,4251,2024-08-27 00:55:55.707229
ESP32_ADD36D,InferenceLayer.SENSOR,1611,2024-08-27 00:55:56.713830
ESP32_F0ACBF,InferenceLayer.SENSOR,3284,2024-08-27 00:55:57.749257
ESP32_AB192B,InferenceLayer.SENSOR,807,2024-08-27 00:55:58.754443
ESP32_A1BC36,InferenceLayer.SENSOR,3912,2024-08-27 00:55:59.806921
ESP32_C31F5E,InferenceLayer.SENSOR,2674,2024-08-27 00:56:00.791939
ESP32_E2F3EA,InferenceLayer.SENSOR,3959,2024-08-27 00:56:01.804511
ESP32_2E88CE,InferenceLayer.SENSOR,2359,2024-08-27 00:56:02.786436
ESP32_615B9D,InferenceLayer.SENSOR,1101,2024-08-27 00:56:03.815228
ESP32_37E138,InferenceLayer.SENSOR,3551,2024-08-27 00:56:04.867464
ESP32_6EF35F,InferenceLayer.SENSOR,4323,2024-08-27 00:56:05.837902
ESP32_B25FE3,InferenceLayer.SENSOR,4031,2024-08-27 00:57:40.938580
ESP32_1F4D55,InferenceLayer.SENSOR,3931,2024-08-27 00:57:41.911962
ESP32_ADD36D,InferenceLayer.SENSOR,4195,2024-08-27 00:57:42.911967
ESP32_F0ACBF,InferenceLayer.SENSOR,972,2024-08-27 00:57:43.914912
ESP32_AB192B,InferenceLayer.SENSOR,4325,2024-08-27 00:57:44.969723
ESP32_A1BC36,InferenceLayer.SENSOR,2056,2024-08-27 00:57:46.030584
ESP32_C31F5E,InferenceLayer.SENSOR,3947,2024-08-27 00:57:46.961488
ESP32_E2F3EA,InferenceLayer.SENSOR,4019,2024-08-27 00:57:47.970897
ESP32_2E88CE,InferenceLayer.SENSOR,1442,2024-08-27 00:57:49.012704
ESP32_615B9D,InferenceLayer.SENSOR,2886,2024-08-27 00:57:49.997770
ESP32_37E138,InferenceLayer.SENSOR,3984,2024-08-27 00:57:51.073814
ESP32_6EF35F,InferenceLayer.SENSOR,1841,2024-08-27 00:57:52.038271
ESP32_E9F15A,InferenceLayer.SENSOR,4022,2024-08-27 00:57:53.083643
ESP32_97CAE1,InferenceLayer.SENSOR,1700,2024-08-27 00:57:54.061361
ESP32_A73166,InferenceLayer.SENSOR,4161,2024-08-27 00:57:55.102871
ESP32_AABBCC,InferenceLayer.SENSOR,3961,2024-08-27 00:57:57.371750
ESP32_09B38F,InferenceLayer.SENSOR,3582,2024-08-27 00:57:58.299105
ESP32_232714,InferenceLayer.SENSOR,2049,2024-08-27 00:57:59.316782
ESP32_B57936,InferenceLayer.SENSOR,4137,2024-08-27 00:58:00.341613
ESP32_8F7400,InferenceLayer.SENSOR,3869,2024-08-27 00:58:01.369629
ESP32_3330A5,InferenceLayer.SENSOR,4104,2024-08-27 00:58:02.452044
ESP32_ED5A4D,InferenceLayer.SENSOR,3948,2024-08-27 00:58:03.378200
ESP32_46B1A6,InferenceLayer.SENSOR,2735,2024-08-27 00:58:04.384955
ESP32_46978A,InferenceLayer.SENSOR,3919,2024-08-27 00:58:05.387173
ESP32_97C286,InferenceLayer.SENSOR,4075,2024-08-27 00:58:06.403497
ESP32_B25FE3,InferenceLayer.SENSOR,3861,2024-08-27 00:58:07.478200
ESP32_1F4D55,InferenceLayer.SENSOR,3937,2024-08-27 00:58:08.460796
ESP32_ADD36D,InferenceLayer.SENSOR,2057,2024-08-27 00:58:09.460736
ESP32_F0ACBF,InferenceLayer.SENSOR,3966,2024-08-27 00:58:10.498981
ESP32_AB192B,InferenceLayer.SENSOR,3698,2024-08-27 00:58:11.516410
ESP32_A1BC36,InferenceLayer.SENSOR,3934,2024-08-27 00:58:12.552518
ESP32_C31F5E,InferenceLayer.SENSOR,3115,2024-08-27 00:58:13.539381
ESP32_E2F3EA,InferenceLayer.SENSOR,3645,2024-08-27 00:58:14.511928
ESP32_2E88CE,InferenceLayer.SENSOR,4015,2024-08-27 00:58:15.539564
ESP32_615B9D,InferenceLayer.SENSOR,3926,2024-08-27 00:58:16.576345
ESP32_37E138,InferenceLayer.SENSOR,3445,2024-08-27 00:58:17.611851
ESP32_6EF35F,InferenceLayer.SENSOR,3978,2024-08-27 00:58:18.597302
ESP32_E9F15A,InferenceLayer.SENSOR,3396,2024-08-27 00:58:19.630074
ESP32_97CAE1,InferenceLayer.SENSOR,3964,2024-08-27 00:58:20.629378
ESP32_A73166,InferenceLayer.SENSOR,1650,2024-08-27 00:58:21.667594
ESP32_AABBCC,InferenceLayer.SENSOR,3424,2024-08-27 00:58:23.894198
ESP32_09B38F,InferenceLayer.SENSOR,3938,2024-08-27 00:58:24.847837
ESP32_232714,InferenceLayer.SENSOR,3229,2024-08-27 00:58:25.896245
ESP32_B57936,InferenceLayer.SENSOR,2846,2024-08-27 00:58:26.883193
ESP32_8F7400,InferenceLayer.SENSOR,2577,2024-08-27 00:58:27.893648
ESP32_3330A5,InferenceLayer.SENSOR,2078,2024-08-27 00:58:28.986373
ESP32_ED5A4D,InferenceLayer.SENSOR,1685,2024-08-27 00:58:29.934843
ESP32_46B1A6,InferenceLayer.SENSOR,3941,2024-08-27 00:58:30.925671
ESP32_46978A,InferenceLayer.SENSOR,1282,2024-08-27 00:58:31.939910
ESP32_97C286,InferenceLayer.SENSOR,3990,2024-08-27 00:58:32.948769
ESP32_B25FE3,InferenceLayer.SENSOR,814,2024-08-27 00:58:34.032350
ESP32_1F4D55,InferenceLayer.SENSOR,3935,2024-08-27 00:58:34.969757
ESP32_ADD36D,InferenceLayer.SENSOR,781,2024-08-27 00:58:36.004955
ESP32_F0ACBF,InferenceLayer.SENSOR,3240,2024-08-27 00:58:37.036543
ESP32_AB192B,InferenceLayer.SENSOR,1471,2024-08-27 00:58:37.999017
ESP32_A1BC36,InferenceLayer.SENSOR,975,2024-08-27 00:58:39.062404
ESP32_C31F5E,InferenceLayer.SENSOR,3784,2024-08-27 00:58:40.038463
ESP32_E2F3EA,InferenceLayer.SENSOR,3912,2024-08-27 00:58:41.064397
ESP32_2E88CE,InferenceLayer.SENSOR,4117,2024-08-27 00:58:42.040964
ESP32_615B9D,InferenceLayer.SENSOR,3759,2024-08-27 00:58:43.064817
ESP32_37E138,InferenceLayer.SENSOR,1421,2024-08-27 00:58:44.131034
ESP32_6EF35F,InferenceLayer.SENSOR,3951,2024-08-27 00:58:45.121541
ESP32_E9F15A,InferenceLayer.SENSOR,3028,2024-08-27 00:58:46.112992
ESP32_97CAE1,InferenceLayer.SENSOR,4118,2024-08-27 00:58:47.133970
ESP32_A73166,InferenceLayer.SENSOR,4321,2024-08-27 00:58:48.168322
ESP32_AABBCC,InferenceLayer.SENSOR,3896,2024-08-27 00:58:50.428506
ESP32_09B38F,InferenceLayer.SENSOR,2661,2024-08-27 00:58:51.396068
ESP32_232714,InferenceLayer.SENSOR,3665,2024-08-27 00:58:52.428541
ESP32_B57936,InferenceLayer.SENSOR,3948,2024-08-27 00:58:53.416831
ESP32_8F7400,InferenceLayer.SENSOR,3447,2024-08-27 00:58:54.461434
ESP32_3330A5,InferenceLayer.SENSOR,3975,2024-08-27 00:58:55.482419
ESP32_ED5A4D,InferenceLayer.SENSOR,3974,2024-08-27 00:58:56.477184
ESP32_46B1A6,InferenceLayer.SENSOR,3865,2024-08-27 00:58:57.460689
ESP32_46978A,InferenceLayer.SENSOR,3932,2024-08-27 00:58:58.481025
ESP32_97C286,InferenceLayer.SENSOR,3981,2024-08-27 00:58:59.494169
ESP32_B25FE3,InferenceLayer.SENSOR,3968,2024-08-27 00:59:00.587434
ESP32_1F4D55,InferenceLayer.SENSOR,1635,2024-08-27 00:59:01.511580
ESP32_ADD36D,InferenceLayer.SENSOR,4191,2024-08-27 00:59:02.590157
ESP32_F0ACBF,InferenceLayer.SENSOR,3878,2024-08-27 00:59:03.553950
ESP32_AB192B,InferenceLayer.SENSOR,4264,2024-08-27 00:59:04.559388
ESP32_A1BC36,InferenceLayer.SENSOR,3072,2024-08-27 00:59:05.628650
ESP32_C31F5E,InferenceLayer.SENSOR,3444,2024-08-27 00:59:06.590273
ESP32_E2F3EA,InferenceLayer.SENSOR,4042,2024-08-27 00:59:07.600648
ESP32_2E88CE,InferenceLayer.SENSOR,3897,2024-08-27 00:59:08.641108
ESP32_615B9D,InferenceLayer.SENSOR,3105,2024-08-27 00:59:09.648271
ESP32_37E138,InferenceLayer.SENSOR,3775,2024-08-27 00:59:10.687927
ESP32_6EF35F,InferenceLayer.SENSOR,4215,2024-08-27 00:59:11.664094
ESP32_E9F15A,InferenceLayer.SENSOR,3913,2024-08-27 00:59:12.669112
ESP32_97CAE1,InferenceLayer.SENSOR,4264,2024-08-27 00:59:13.701553
ESP32_A73166,InferenceLayer.SENSOR,3548,2024-08-27 00:59:14.690625
ESP32_AABBCC,InferenceLayer.SENSOR,3928,2024-08-27 00:59:16.991683
ESP32_09B38F,InferenceLayer.SENSOR,4023,2024-08-27 00:59:17.943996
ESP32_232714,InferenceLayer.SENSOR,2913,2024-08-27 00:59:18.938677
ESP32_B57936,InferenceLayer.SENSOR,3946,2024-08-27 00:59:19.948853
ESP32_8F7400,InferenceLayer.SENSOR,4115,2024-08-27 00:59:21.025340
ESP32_3330A5,InferenceLayer.SENSOR,3955,2024-08-27 00:59:22.037879
ESP32_ED5A4D,InferenceLayer.SENSOR,4679,2024-08-27 00:59:23.029170
ESP32_46B1A6,InferenceLayer.SENSOR,1007,2024-08-27 00:59:24.011293
ESP32_46978A,InferenceLayer.SENSOR,4278,2024-08-27 00:59:25.009181
ESP32_97C286,InferenceLayer.SENSOR,3938,2024-08-27 00:59:26.037027
ESP32_B25FE3,InferenceLayer.SENSOR,1148,2024-08-27 00:59:27.112607
ESP32_1F4D55,InferenceLayer.SENSOR,3979,2024-08-27 00:59:28.068793
ESP32_ADD36D,InferenceLayer.SENSOR,1120,2024-08-27 00:59:29.102275
ESP32_F0ACBF,InferenceLayer.SENSOR,1774,2024-08-27 00:59:30.110947
ESP32_AB192B,InferenceLayer.SENSOR,3982,2024-08-27 00:59:31.100650
ESP32_A1BC36,InferenceLayer.SENSOR,3912,2024-08-27 00:59:32.160654
ESP32_C31F5E,InferenceLayer.SENSOR,4039,2024-08-27 00:59:33.133660
ESP32_E2F3EA,InferenceLayer.SENSOR,1704,2024-08-27 00:59:34.136405
ESP32_2E88CE,InferenceLayer.SENSOR,4184,2024-08-27 00:59:35.152560
ESP32_615B9D,InferenceLayer.SENSOR,3924,2024-08-27 00:59:36.196357
ESP32_37E138,InferenceLayer.SENSOR,3928,2024-08-27 00:59:37.259083
ESP32_6EF35F,InferenceLayer.SENSOR,3304,2024-08-27 00:59:38.209560
ESP32_E9F15A,InferenceLayer.SENSOR,4211,2024-08-27 00:59:39.209838
ESP32_97CAE1,InferenceLayer.SENSOR,1667,2024-08-27 00:59:40.233743
ESP32_A73166,InferenceLayer.SENSOR,2842,2024-08-27 00:59:41.248131
ESP32_AABBCC,InferenceLayer.SENSOR,3987,2024-08-27 00:59:43.546806
ESP32_09B38F,InferenceLayer.SENSOR,4008,2024-08-27 00:59:44.511488
ESP32_232714,InferenceLayer.SENSOR,3937,2024-08-27 00:59:45.512854
ESP32_B57936,InferenceLayer.SENSOR,2531,2024-08-27 00:59:46.538352
ESP32_8F7400,InferenceLayer.SENSOR,4212,2024-08-27 00:59:47.559201
ESP32_3330A5,InferenceLayer.SENSOR,1659,2024-08-27 00:59:48.584334
ESP32_ED5A4D,InferenceLayer.SENSOR,4572,2024-08-27 00:59:49.576716
ESP32_46B1A6,InferenceLayer.SENSOR,1314,2024-08-27 00:59:50.574835
ESP32_46978A,InferenceLayer.SENSOR,3363,2024-08-27 00:59:51.585553
ESP32_97C286,InferenceLayer.SENSOR,975,2024-08-27 00:59:52.598810
ESP32_B25FE3,InferenceLayer.SENSOR,3104,2024-08-27 00:59:53.637555
ESP32_1F4D55,InferenceLayer.SENSOR,833,2024-08-27 00:59:54.630785
ESP32_ADD36D,InferenceLayer.SENSOR,2928,2024-08-27 00:59:55.616695
ESP32_F0ACBF,InferenceLayer.SENSOR,1498,2024-08-27 00:59:56.646869
ESP32_AB192B,InferenceLayer.SENSOR,3949,2024-08-27 00:59:57.638715
ESP32_A1BC36,InferenceLayer.SENSOR,3956,2024-08-27 00:59:58.697358
ESP32_C31F5E,InferenceLayer.SENSOR,3557,2024-08-27 00:59:59.674218
ESP32_E2F3EA,InferenceLayer.SENSOR,2249,2024-08-27 01:00:00.702100
ESP32_2E88CE,InferenceLayer.SENSOR,3016,2024-08-27 01:00:01.692759
ESP32_615B9D,InferenceLayer.SENSOR,3862,2024-08-27 01:00:02.756388
ESP32_37E138,InferenceLayer.SENSOR,4012,2024-08-27 01:00:03.754668
ESP32_6EF35F,InferenceLayer.SENSOR,3905,2024-08-27 01:00:04.756891
ESP32_E9F15A,InferenceLayer.SENSOR,3110,2024-08-27 01:00:05.730035
ESP32_97CAE1,InferenceLayer.SENSOR,4069,2024-08-27 01:00:06.749020
ESP32_A73166,InferenceLayer.SENSOR,3949,2024-08-27 01:00:07.762356
ESP32_AABBCC,InferenceLayer.SENSOR,3294,2024-08-27 01:00:10.056742
ESP32_09B38F,InferenceLayer.SENSOR,5772,2024-08-27 01:00:10.990728
ESP32_232714,InferenceLayer.SENSOR,4141,2024-08-27 01:00:12.044413
ESP32_B57936,InferenceLayer.SENSOR,3978,2024-08-27 01:00:13.025654
ESP32_8F7400,InferenceLayer.SENSOR,1329,2024-08-27 01:00:14.038316
ESP32_3330A5,InferenceLayer.SENSOR,4152,2024-08-27 01:00:15.098355
ESP32_ED5A4D,InferenceLayer.SENSOR,3900,2024-08-27 01:00:16.085753
ESP32_46B1A6,InferenceLayer.SENSOR,3964,2024-08-27 01:00:17.116330
ESP32_46978A,InferenceLayer.SENSOR,2982,2024-08-27 01:00:18.096858
ESP32_97C286,InferenceLayer.SENSOR,927,2024-08-27 01:00:19.095598
ESP32_B25FE3,InferenceLayer.SENSOR,4015,2024-08-27 01:00:20.206129
ESP32_1F4D55,InferenceLayer.SENSOR,4042,2024-08-27 01:00:21.122407
ESP32_ADD36D,InferenceLayer.SENSOR,3921,2024-08-27 01:00:22.128551
ESP32_F0ACBF,InferenceLayer.SENSOR,3507,2024-08-27 01:00:23.152364
ESP32_AB192B,InferenceLayer.SENSOR,1215,2024-08-27 01:00:24.189780
ESP32_A1BC36,InferenceLayer.SENSOR,3984,2024-08-27 01:00:25.265413
ESP32_C31F5E,InferenceLayer.SENSOR,4030,2024-08-27 01:00:26.219033
ESP32_E2F3EA,InferenceLayer.SENSOR,3116,2024-08-27 01:00:27.234211
ESP32_2E88CE,InferenceLayer.SENSOR,3990,2024-08-27 01:00:28.253708
ESP32_615B9D,InferenceLayer.SENSOR,1677,2024-08-27 01:00:29.232179
ESP32_37E138,InferenceLayer.SENSOR,3978,2024-08-27 01:00:30.314664
ESP32_6EF35F,InferenceLayer.SENSOR,3916,2024-08-27 01:00:31.253126
ESP32_E9F15A,InferenceLayer.SENSOR,3881,2024-08-27 01:00:32.312964
ESP32_97CAE1,InferenceLayer.SENSOR,3894,2024-08-27 01:00:33.290800
ESP32_A73166,InferenceLayer.SENSOR,1109,2024-08-27 01:00:34.293356
ESP32_AABBCC,InferenceLayer.SENSOR,4486,2024-08-27 01:00:36.594290
ESP32_09B38F,InferenceLayer.SENSOR,4244,2024-08-27 01:00:37.558161
ESP32_232714,InferenceLayer.SENSOR,4204,2024-08-27 01:00:38.562086
ESP32_B57936,InferenceLayer.SENSOR,3810,2024-08-27 01:00:39.594041
ESP32_8F7400,InferenceLayer.SENSOR,4038,2024-08-27 01:00:40.620250
ESP32_3330A5,InferenceLayer.SENSOR,3093,2024-08-27 01:00:41.636697
ESP32_ED5A4D,InferenceLayer.SENSOR,3721,2024-08-27 01:00:42.639185
ESP32_46B1A6,InferenceLayer.SENSOR,3114,2024-08-27 01:00:43.622932
ESP32_46978A,InferenceLayer.SENSOR,3916,2024-08-27 01:00:44.636973
ESP32_97C286,InferenceLayer.SENSOR,3745,2024-08-27 01:00:45.687701
ESP32_B25FE3,InferenceLayer.SENSOR,3817,2024-08-27 01:00:46.711270
ESP32_1F4D55,InferenceLayer.SENSOR,3079,2024-08-27 01:00:47.695643
ESP32_ADD36D,InferenceLayer.SENSOR,3912,2024-08-27 01:00:48.733275
ESP32_F0ACBF,InferenceLayer.SENSOR,3944,2024-08-27 01:00:49.764328
ESP32_AB192B,InferenceLayer.SENSOR,3910,2024-08-27 01:00:50.751555
ESP32_A1BC36,InferenceLayer.SENSOR,3957,2024-08-27 01:00:51.897946
ESP32_C31F5E,InferenceLayer.SENSOR,4016,2024-08-27 01:00:52.762761
ESP32_E2F3EA,InferenceLayer.SENSOR,3948,2024-08-27 01:00:53.821439
ESP32_2E88CE,InferenceLayer.SENSOR,4016,2024-08-27 01:00:54.782662
ESP32_615B9D,InferenceLayer.SENSOR,3939,2024-08-27 01:00:55.819717
ESP32_37E138,InferenceLayer.SENSOR,4041,2024-08-27 01:00:56.878433
ESP32_6EF35F,InferenceLayer.SENSOR,3902,2024-08-27 01:00:57.839832
ESP32_E9F15A,InferenceLayer.SENSOR,4060,2024-08-27 01:00:58.849455
ESP32_97CAE1,InferenceLayer.SENSOR,3580,2024-08-27 01:00:59.870058
ESP32_A73166,InferenceLayer.SENSOR,2060,2024-08-27 01:01:00.908403
ESP32_AABBCC,InferenceLayer.SENSOR,3990,2024-08-27 01:01:03.153179
ESP32_09B38F,InferenceLayer.SENSOR,1244,2024-08-27 01:01:04.102994
ESP32_232714,InferenceLayer.SENSOR,3974,2024-08-27 01:01:05.111193
ESP32_B57936,InferenceLayer.SENSOR,3611,2024-08-27 01:01:06.149302
ESP32_8F7400,InferenceLayer.SENSOR,3595,2024-08-27 01:01:07.133026
ESP32_3330A5,InferenceLayer.SENSOR,3924,2024-08-27 01:01:08.195435
ESP32_ED5A4D,InferenceLayer.SENSOR,1033,2024-08-27 01:01:09.164914
ESP32_46B1A6,InferenceLayer.SENSOR,3622,2024-08-27 01:01:10.205817
ESP32_46978A,InferenceLayer.SENSOR,1549,2024-08-27 01:01:11.225055
ESP32_97C286,InferenceLayer.SENSOR,3504,2024-08-27 01:01:12.212432
ESP32_B25FE3,InferenceLayer.SENSOR,1190,2024-08-27 01:01:13.258199
ESP32_1F4D55,InferenceLayer.SENSOR,1144,2024-08-27 01:01:14.211599
ESP32_ADD36D,InferenceLayer.SENSOR,984,2024-08-27 01:01:15.203852
ESP32_F0ACBF,InferenceLayer.SENSOR,3904,2024-08-27 01:01:16.218240
ESP32_AB192B,InferenceLayer.SENSOR,1261,2024-08-27 01:01:17.260570
ESP32_A1BC36,InferenceLayer.SENSOR,3995,2024-08-27 01:01:18.298549
ESP32_C31F5E,InferenceLayer.SENSOR,1669,2024-08-27 01:01:19.250034
ESP32_E2F3EA,InferenceLayer.SENSOR,3987,2024-08-27 01:01:20.292409
ESP32_2E88CE,InferenceLayer.SENSOR,3979,2024-08-27 01:01:21.313803
ESP32_615B9D,InferenceLayer.SENSOR,4636,2024-08-27 01:01:22.300535
ESP32_37E138,InferenceLayer.SENSOR,4327,2024-08-27 01:01:23.389038
ESP32_6EF35F,InferenceLayer.SENSOR,2791,2024-08-27 01:01:24.325337
ESP32_E9F15A,InferenceLayer.SENSOR,3983,2024-08-27 01:01:25.333825
ESP32_97CAE1,InferenceLayer.SENSOR,3886,2024-08-27 01:01:26.361496
ESP32_A73166,InferenceLayer.SENSOR,3913,2024-08-27 01:01:27.388456
ESP32_AABBCC,InferenceLayer.SENSOR,3867,2024-08-27 01:01:29.651372
ESP32_09B38F,InferenceLayer.SENSOR,3237,2024-08-27 01:01:30.600587
ESP32_232714,InferenceLayer.SENSOR,3615,2024-08-27 01:01:31.618768
ESP32_B57936,InferenceLayer.SENSOR,3422,2024-08-27 01:01:32.652940
ESP32_8F7400,InferenceLayer.SENSOR,3182,2024-08-27 01:01:33.676221
ESP32_3330A5,InferenceLayer.SENSOR,4142,2024-08-27 01:01:34.706213
ESP32_ED5A4D,InferenceLayer.SENSOR,3995,2024-08-27 01:01:35.673331
ESP32_46B1A6,InferenceLayer.SENSOR,3951,2024-08-27 01:01:36.718854
ESP32_46978A,InferenceLayer.SENSOR,4368,2024-08-27 01:01:37.739928
ESP32_97C286,InferenceLayer.SENSOR,3932,2024-08-27 01:01:38.715793
ESP32_B25FE3,InferenceLayer.SENSOR,3946,2024-08-27 01:01:39.783078
ESP32_1F4D55,InferenceLayer.SENSOR,4043,2024-08-27 01:01:40.743770
ESP32_ADD36D,InferenceLayer.SENSOR,4122,2024-08-27 01:01:41.768726
ESP32_F0ACBF,InferenceLayer.SENSOR,4041,2024-08-27 01:01:42.804231
ESP32_AB192B,InferenceLayer.SENSOR,2946,2024-08-27 01:01:43.778699
ESP32_A1BC36,InferenceLayer.SENSOR,4163,2024-08-27 01:01:44.853962
ESP32_C31F5E,InferenceLayer.SENSOR,3550,2024-08-27 01:01:45.853138
ESP32_E2F3EA,InferenceLayer.SENSOR,3979,2024-08-27 01:01:46.845922
ESP32_2E88CE,InferenceLayer.SENSOR,4020,2024-08-27 01:01:47.833565
ESP32_615B9D,InferenceLayer.SENSOR,2097,2024-08-27 01:01:48.854100
ESP32_37E138,InferenceLayer.SENSOR,4176,2024-08-27 01:01:49.934715
ESP32_6EF35F,InferenceLayer.SENSOR,3987,2024-08-27 01:01:50.909620
ESP32_E9F15A,InferenceLayer.SENSOR,4387,2024-08-27 01:01:51.962338
ESP32_97CAE1,InferenceLayer.SENSOR,4008,2024-08-27 01:01:52.923315
ESP32_A73166,InferenceLayer.SENSOR,3965,2024-08-27 01:01:53.960233
ESP32_AABBCC,InferenceLayer.SENSOR,2706,2024-08-27 01:01:56.248543
ESP32_09B38F,InferenceLayer.SENSOR,3882,2024-08-27 01:01:57.196040
ESP32_232714,InferenceLayer.SENSOR,3933,2024-08-27 01:01:58.185257
ESP32_B57936,InferenceLayer.SENSOR,824,2024-08-27 01:01:59.177857
ESP32_8F7400,InferenceLayer.SENSOR,4019,2024-08-27 01:02:00.189396
ESP32_3330A5,InferenceLayer.SENSOR,4032,2024-08-27 01:02:01.287471
ESP32_ED5A4D,InferenceLayer.SENSOR,4067,2024-08-27 01:02:02.213582
ESP32_46B1A6,InferenceLayer.SENSOR,3950,2024-08-27 01:02:03.268803
ESP32_46978A,InferenceLayer.SENSOR,956,2024-08-27 01:02:04.262372
ESP32_97C286,InferenceLayer.SENSOR,3964,2024-08-27 01:02:05.264955
ESP32_B25FE3,InferenceLayer.SENSOR,4225,2024-08-27 01:02:06.343941
ESP32_1F4D55,InferenceLayer.SENSOR,3593,2024-08-27 01:02:07.293013
ESP32_ADD36D,InferenceLayer.SENSOR,3307,2024-08-27 01:02:08.326033
ESP32_F0ACBF,InferenceLayer.SENSOR,1477,2024-08-27 01:02:09.342052
ESP32_AB192B,InferenceLayer.SENSOR,4000,2024-08-27 01:02:10.335654
ESP32_A1BC36,InferenceLayer.SENSOR,3596,2024-08-27 01:02:11.448121
ESP32_C31F5E,InferenceLayer.SENSOR,3975,2024-08-27 01:02:12.360381
ESP32_E2F3EA,InferenceLayer.SENSOR,3914,2024-08-27 01:02:13.409243
ESP32_2E88CE,InferenceLayer.SENSOR,1549,2024-08-27 01:02:14.397111
ESP32_615B9D,InferenceLayer.SENSOR,3986,2024-08-27 01:02:15.414273
ESP32_37E138,InferenceLayer.SENSOR,3893,2024-08-27 01:02:16.498260
ESP32_6EF35F,InferenceLayer.SENSOR,4059,2024-08-27 01:02:17.445232
ESP32_E9F15A,InferenceLayer.SENSOR,4081,2024-08-27 01:02:18.460317
ESP32_97CAE1,InferenceLayer.SENSOR,1051,2024-08-27 01:02:19.511663
ESP32_A73166,InferenceLayer.SENSOR,3978,2024-08-27 01:02:20.504450
ESP32_AABBCC,InferenceLayer.SENSOR,3916,2024-08-27 01:02:22.771903
ESP32_09B38F,InferenceLayer.SENSOR,3949,2024-08-27 01:02:23.715448
ESP32_232714,InferenceLayer.SENSOR,3812,2024-08-27 01:02:24.723467
ESP32_B57936,InferenceLayer.SENSOR,3780,2024-08-27 01:02:25.748229
ESP32_8F7400,InferenceLayer.SENSOR,3963,2024-08-27 01:02:26.765946
ESP32_3330A5,InferenceLayer.SENSOR,4081,2024-08-27 01:02:27.845714
ESP32_ED5A4D,InferenceLayer.SENSOR,3899,2024-08-27 01:02:28.802363
ESP32_46B1A6,InferenceLayer.SENSOR,4251,2024-08-27 01:02:29.854306
ESP32_46978A,InferenceLayer.SENSOR,4098,2024-08-27 01:02:30.823639
ESP32_97C286,InferenceLayer.SENSOR,1695,2024-08-27 01:02:31.852006
ESP32_B25FE3,InferenceLayer.SENSOR,4454,2024-08-27 01:02:32.881765
ESP32_1F4D55,InferenceLayer.SENSOR,1238,2024-08-27 01:02:33.838189
ESP32_ADD36D,InferenceLayer.SENSOR,3670,2024-08-27 01:02:34.876722
ESP32_F0ACBF,InferenceLayer.SENSOR,965,2024-08-27 01:02:35.870375
ESP32_AB192B,InferenceLayer.SENSOR,3965,2024-08-27 01:02:36.889175
ESP32_A1BC36,InferenceLayer.SENSOR,848,2024-08-27 01:02:38.004264
ESP32_C31F5E,InferenceLayer.SENSOR,4223,2024-08-27 01:02:38.927450
ESP32_E2F3EA,InferenceLayer.SENSOR,4354,2024-08-27 01:02:39.916469
ESP32_2E88CE,InferenceLayer.SENSOR,4001,2024-08-27 01:02:40.935100
ESP32_615B9D,InferenceLayer.SENSOR,3919,2024-08-27 01:02:41.974010
ESP32_37E138,InferenceLayer.SENSOR,4350,2024-08-27 01:02:43.026807
ESP32_6EF35F,InferenceLayer.SENSOR,3903,2024-08-27 01:02:44.018625
ESP32_E9F15A,InferenceLayer.SENSOR,4005,2024-08-27 01:02:45.004164
ESP32_97CAE1,InferenceLayer.SENSOR,4139,2024-08-27 01:02:46.063741
ESP32_A73166,InferenceLayer.SENSOR,4975,2024-08-27 01:02:47.018330
ESP32_AABBCC,InferenceLayer.SENSOR,1251,2024-08-27 01:02:49.271220
ESP32_09B38F,InferenceLayer.SENSOR,4149,2024-08-27 01:02:50.240006
ESP32_232714,InferenceLayer.SENSOR,2835,2024-08-27 01:02:51.294545
ESP32_B57936,InferenceLayer.SENSOR,3916,2024-08-27 01:02:52.273753
ESP32_8F7400,InferenceLayer.SENSOR,3895,2024-08-27 01:02:53.292660
ESP32_3330A5,InferenceLayer.SENSOR,933,2024-08-27 01:02:54.343744
ESP32_ED5A4D,InferenceLayer.SENSOR,4171,2024-08-27 01:02:55.329807
ESP32_46B1A6,InferenceLayer.SENSOR,4046,2024-08-27 01:02:56.373954
ESP32_46978A,InferenceLayer.SENSOR,4056,2024-08-27 01:02:57.351006
ESP32_97C286,InferenceLayer.SENSOR,3913,2024-08-27 01:02:58.344967
ESP32_B25FE3,InferenceLayer.SENSOR,1182,2024-08-27 01:02:59.416509
ESP32_1F4D55,InferenceLayer.SENSOR,4002,2024-08-27 01:03:00.381457
ESP32_ADD36D,InferenceLayer.SENSOR,3974,2024-08-27 01:03:01.376031
ESP32_F0ACBF,InferenceLayer.SENSOR,3961,2024-08-27 01:03:02.408388
ESP32_AB192B,InferenceLayer.SENSOR,4093,2024-08-27 01:03:03.449041
ESP32_A1BC36,InferenceLayer.SENSOR,2026,2024-08-27 01:03:04.505242
ESP32_C31F5E,InferenceLayer.SENSOR,2091,2024-08-27 01:03:05.464026
ESP32_E2F3EA,InferenceLayer.SENSOR,4080,2024-08-27 01:03:06.445237
ESP32_2E88CE,InferenceLayer.SENSOR,3144,2024-08-27 01:03:07.478967
ESP32_615B9D,InferenceLayer.SENSOR,3966,2024-08-27 01:03:08.489832
